11:37:18.049531+1000  INFO  [dev.py] run: /home/dan/opt/cpython-ft/bin/python3 /mnt/2tb/git/awto-unvr/scripts/build-linux-71-fedora.py
DTS shared-fact check OK: i2c@fd880000 [clock-frequency=100000, i2c-sda-hold-time-ns=300, i2c-ss-scl-hcnt-raw=2133, i2c-ss-scl-lcnt-raw=2827, i2c-fs-scl-hcnt-raw=413, i2c-fs-scl-lcnt-raw=800, i2c-hs-scl-hcnt-raw=243, i2c-hs-scl-lcnt-raw=408] match across 2 trees
+ /mnt/2tb/unvr-port-refs/linux-v7.1.8/scripts/config --file /mnt/2tb/unvr-port-refs/linux-v7.1.8/.config --enable ARCH_ALPINE --enable PCIE_AL --enable PCIE_AL_INTERNAL --enable EXPERT --enable GPIO_SYSFS --set-str INITRAMFS_SOURCE  --disable DEBUG_INFO_BTF --disable DEBUG_INFO_BTF_MODULES --disable MODULE_SIG --disable MODULE_SIG_ALL --disable MODULE_SIG_FORCE --disable SYSTEM_REVOCATION_KEYS --disable SECURITY_LOCKDOWN_LSM --enable DEVMEM --disable STRICT_DEVMEM --disable IO_STRICT_DEVMEM --enable MTD_SPI_NOR_USE_4K_SECTORS --enable DEBUG_INFO_NONE --disable WERROR --set-val MAGIC_SYSRQ_DEFAULT_ENABLE 1 --set-val PANIC_TIMEOUT 10
+ make -C /mnt/2tb/unvr-port-refs/linux-v7.1.8 LSMOD=/mnt/2tb/unvr-port-refs/build-out-71-fedora/woomera-lsmod.txt localmodconfig
make: Entering directory '/mnt/2tb/unvr-port-refs/linux-v7.1.8'
  HOSTCC  scripts/basic/fixdep
  HOSTCC  scripts/kconfig/conf.o
  HOSTCC  scripts/kconfig/confdata.o
  HOSTCC  scripts/kconfig/expr.o
  LEX     scripts/kconfig/lexer.lex.c
  YACC    scripts/kconfig/parser.tab.[ch]
  HOSTCC  scripts/kconfig/lexer.lex.o
  HOSTCC  scripts/kconfig/menu.o
  HOSTCC  scripts/kconfig/parser.tab.o
  HOSTCC  scripts/kconfig/preprocess.o
  HOSTCC  scripts/kconfig/symbol.o
  HOSTCC  scripts/kconfig/util.o
  HOSTLD  scripts/kconfig/conf
using config: '.config'
al_thermal config not found!
al_dma config not found!
al_eth config not found!
al_sgpo config not found!
System keyring enabled but keys "certs/rhel.pem" not found. Resetting keys to default value.
.config:13235:warning: override: reassigning to symbol SYSTEM_TRUSTED_KEYS
*
* Restart config...
*
*
* Scheduler features
*
Enable utilization clamping for RT/FAIR tasks (UCLAMP_TASK) [Y/n/?] y
  Number of supported utilization clamp buckets (UCLAMP_BUCKETS_COUNT) [5] 5
Proxy Execution (SCHED_PROXY_EXEC) [N/y/?] (NEW) 
Error in reading or end of file.

*
* GCC plugins
*
GCC plugins (GCC_PLUGINS) [Y/n/?] (NEW) 
Error in reading or end of file.

  Generate some entropy during boot and runtime (GCC_PLUGIN_LATENT_ENTROPY) [N/y/?] (NEW) 
Error in reading or end of file.

*
* GPIO Support
*
GPIO Support (GPIOLIB) [Y/?] y
  Maximum number of GPIOs for fast path (GPIOLIB_FASTPATH_LIMIT) [512] 512
  Debug GPIO calls (DEBUG_GPIO) [N/y/?] n
  /sys/class/gpio/... (sysfs interface) (GPIO_SYSFS) [Y/n/?] y
    Enable legacy functionalities of the sysfs interface (GPIO_SYSFS_LEGACY) [Y/n/?] (NEW) 
Error in reading or end of file.

  Character device (/dev/gpiochipN) support (GPIO_CDEV) [Y/?] y
    Support GPIO ABI Version 1 (GPIO_CDEV_V1) [Y/n/?] y
  *
  * PCI GPIO expanders
  *
  BT8XX GPIO abuser (GPIO_BT8XX) [N/m/y/?] (NEW) 
Error in reading or end of file.

  Mellanox BlueField SoC GPIO (GPIO_MLXBF) [N/m/y/?] n
  Mellanox BlueField 2 SoC GPIO (GPIO_MLXBF2) [N/m/y/?] n
  Mellanox BlueField 3 SoC GPIO (GPIO_MLXBF3) [N/m/y/?] n
  ACCES PCI-IDIO-16 GPIO support (GPIO_PCI_IDIO_16) [N/m/y/?] n
  ACCES PCIe-IDIO-24 GPIO support (GPIO_PCIE_IDIO_24) [N/m/y/?] n
  RDC R-321x GPIO support (GPIO_RDC321X) [N/m/y/?] n
*
* EDAC (Error Detection And Correction) reporting
*
EDAC (Error Detection And Correction) reporting (EDAC) [Y/n/m/?] y
  Debugging (EDAC_DEBUG) [N/y/?] n
  Output ACPI APEI/GHES BIOS detected errors via EDAC (EDAC_GHES) [Y/n/m/?] y
  EDAC scrub feature (EDAC_SCRUB) [Y/n/?] y
  EDAC ECS (Error Check Scrub) feature (EDAC_ECS) [Y/n/?] y
  EDAC memory repair feature (EDAC_MEM_REPAIR) [Y/n/?] y
  Amazon's Annapurna Lab Memory Controller (EDAC_AL_MC) [N/m/y/?] (NEW) 
Error in reading or end of file.

  Freescale Layerscape DDR (EDAC_LAYERSCAPE) [N/m/y/?] n
  Cavium ThunderX EDAC (EDAC_THUNDERX) [N/m/y/?] n
  Synopsys DDR Memory Controller (EDAC_SYNOPSYS) [N/m/y/?] n
  APM X-Gene SoC (EDAC_XGENE) [N/m/y/?] n
  Mellanox BlueField Memory ECC (EDAC_BLUEFIELD) [N/m/y/?] n
  ARM DMC-520 ECC (EDAC_DMC520) [N/m/y/?] n
  Xilinx ZynqMP OCM Controller (EDAC_ZYNQMP) [N/m/y/?] n
  Xilinx Versal DDR Memory Controller (EDAC_VERSAL) [N/m/y/?] n
  ARM Cortex A72 (EDAC_CORTEX_A72) [N/m/y/?] n
*
* Memory initialization
*
Initialize kernel stack variables at function entry
  1. no automatic stack variable initialization (weakest) (INIT_STACK_NONE)
  2. pattern-init everything (strongest) (INIT_STACK_ALL_PATTERN)
> 3. zero-init everything (strongest and safest) (INIT_STACK_ALL_ZERO)
choice[1-3?]: 3
Poison kernel stack before returning from syscalls (KSTACK_ERASE) [N/y/?] (NEW) 
Error in reading or end of file.

Enable heap memory zeroing on allocation by default (INIT_ON_ALLOC_DEFAULT_ON) [Y/n/?] y
Enable heap memory zeroing on free by default (INIT_ON_FREE_DEFAULT_ON) [N/y/?] n
Enable register zeroing on function exit (ZERO_CALL_USED_REGS) [N/y/?] n
*
* Kernel hardening options
*
Randomize layout of sensitive kernel structures
> 1. Disable structure layout randomization (RANDSTRUCT_NONE)
  2. Fully randomize structure layout (RANDSTRUCT_FULL) (NEW)
  3. Limit randomization of structure layout to cache-lines (RANDSTRUCT_PERFORMANCE) (NEW)
choice[1-3?]: 
Error in reading or end of file.
#
# configuration written to .config
#
make: Leaving directory '/mnt/2tb/unvr-port-refs/linux-v7.1.8'
trimmed to woomera's lsmod (30 modules)
+ make -C /mnt/2tb/unvr-port-refs/linux-v7.1.8 olddefconfig
make: Entering directory '/mnt/2tb/unvr-port-refs/linux-v7.1.8'
#
# No change to .config
#
make: Leaving directory '/mnt/2tb/unvr-port-refs/linux-v7.1.8'
configured: Fedora base + ARCH_ALPINE + PCIE_AL_INTERNAL confirmed
staged DTS/DTSI from repo dts/: alpine-v2-ubnt-unvr-ea16.dts, alpine-v2.dtsi
KVER=7.1.8-dirty
+ make -C /mnt/2tb/unvr-port-refs/linux-v7.1.8 -j32 Image dtbs modules
make: Entering directory '/mnt/2tb/unvr-port-refs/linux-v7.1.8'
  SYSHDR  arch/arm64/include/generated/uapi/asm/unistd_64.h
  UPD     include/generated/uapi/linux/version.h
  HOSTCC  scripts/unifdef
  HOSTCC  scripts/dtc/dtc.o
  HOSTCC  scripts/dtc/flattree.o
  HOSTCC  scripts/dtc/fstree.o
  HOSTCC  scripts/dtc/data.o
  HOSTCC  scripts/dtc/livetree.o
  HOSTCC  scripts/dtc/treesource.o
  UPD     include/generated/compile.h
  HOSTCC  scripts/dtc/srcpos.o
  HOSTCC  scripts/dtc/checks.o
  HOSTCC  scripts/dtc/util.o
  LEX     scripts/dtc/dtc-lexer.lex.c
  YACC    scripts/dtc/dtc-parser.tab.[ch]
  HOSTCC  scripts/dtc/libfdt/fdt.o
  HOSTCC  scripts/dtc/libfdt/fdt_ro.o
  HOSTCC  scripts/dtc/libfdt/fdt_wip.o
  HOSTCC  scripts/dtc/libfdt/fdt_sw.o
  HOSTCC  scripts/dtc/libfdt/fdt_rw.o
  HOSTCC  scripts/dtc/libfdt/fdt_strerror.o
  HOSTCC  scripts/dtc/libfdt/fdt_addresses.o
  HOSTCC  scripts/dtc/libfdt/fdt_empty_tree.o
  HOSTCC  scripts/dtc/libfdt/fdt_overlay.o
  HOSTCC  scripts/dtc/fdtoverlay.o
  UPD     include/config/kernel.release
  UPD     include/generated/utsrelease.h
  SYSTBL  arch/arm64/include/generated/asm/syscall_table_32.h
  SYSTBL  arch/arm64/include/generated/asm/syscall_table_64.h
  SYSHDR  arch/arm64/include/generated/asm/unistd_32.h
  SYSHDR  arch/arm64/include/generated/asm/unistd_compat_32.h
  HOSTCC  scripts/dtc/dtc-lexer.lex.o
  HOSTCC  scripts/dtc/dtc-parser.tab.o
  HOSTLD  scripts/dtc/fdtoverlay
  HDRINST usr/include/asm-generic/termios.h
  HDRINST usr/include/asm-generic/shmbuf.h
  HDRINST usr/include/asm-generic/mman-common.h
  HDRINST usr/include/asm-generic/resource.h
  HDRINST usr/include/asm-generic/ioctl.h
  HDRINST usr/include/asm-generic/errno.h
  HDRINST usr/include/asm-generic/stat.h
  HDRINST usr/include/asm-generic/msgbuf.h
  HDRINST usr/include/asm-generic/bpf_perf_event.h
  HDRINST usr/include/asm-generic/bitsperlong.h
  HDRINST usr/include/asm-generic/unistd.h
  HDRINST usr/include/asm-generic/siginfo.h
  HDRINST usr/include/asm-generic/posix_types.h
  HDRINST usr/include/asm-generic/hugetlb_encode.h
  HDRINST usr/include/asm-generic/types.h
  HDRINST usr/include/asm-generic/int-ll64.h
  HDRINST usr/include/asm-generic/ucontext.h
  HDRINST usr/include/asm-generic/auxvec.h
  HDRINST usr/include/asm-generic/kvm_para.h
  HDRINST usr/include/asm-generic/statfs.h
  HDRINST usr/include/asm-generic/termbits-common.h
  HDRINST usr/include/asm-generic/errno-base.h
  HDRINST usr/include/asm-generic/sembuf.h
  HDRINST usr/include/asm-generic/socket.h
  HDRINST usr/include/asm-generic/ioctls.h
  HDRINST usr/include/asm-generic/fcntl.h
  HDRINST usr/include/asm-generic/sockios.h
  HDRINST usr/include/asm-generic/mman.h
  HDRINST usr/include/asm-generic/signal-defs.h
  HDRINST usr/include/asm-generic/poll.h
  HDRINST usr/include/asm-generic/int-l64.h
  HDRINST usr/include/asm-generic/setup.h
  HDRINST usr/include/asm-generic/termbits.h
  HDRINST usr/include/asm-generic/swab.h
  HDRINST usr/include/asm-generic/param.h
  HDRINST usr/include/asm-generic/signal.h
  HDRINST usr/include/asm-generic/ipcbuf.h
  HDRINST usr/include/cxl/features.h
  HDRINST usr/include/drm/lima_drm.h
  HDRINST usr/include/drm/drm_ras.h
  HDRINST usr/include/drm/nova_drm.h
  HDRINST usr/include/drm/pvr_drm.h
  HDRINST usr/include/drm/i915_drm.h
  HDRINST usr/include/drm/omap_drm.h
  HDRINST usr/include/drm/ethosu_accel.h
  HDRINST usr/include/drm/vc4_drm.h
  HDRINST usr/include/drm/exynos_drm.h
  HDRINST usr/include/drm/qaic_accel.h
  HDRINST usr/include/drm/tegra_drm.h
  HDRINST usr/include/drm/msm_drm.h
  HDRINST usr/include/drm/v3d_drm.h
  HDRINST usr/include/drm/drm.h
  HDRINST usr/include/drm/amdxdna_accel.h
  HDRINST usr/include/drm/asahi_drm.h
  HDRINST usr/include/drm/radeon_drm.h
  HDRINST usr/include/drm/vmwgfx_drm.h
  HDRINST usr/include/drm/panthor_drm.h
  HDRINST usr/include/drm/rocket_accel.h
  HDRINST usr/include/drm/vgem_drm.h
  HDRINST usr/include/drm/nouveau_drm.h
  HDRINST usr/include/drm/drm_fourcc.h
  HDRINST usr/include/drm/etnaviv_drm.h
  HDRINST usr/include/drm/qxl_drm.h
  HDRINST usr/include/drm/drm_mode.h
  HDRINST usr/include/drm/drm_sarea.h
  HDRINST usr/include/drm/xe_drm.h
  HDRINST usr/include/drm/virtgpu_drm.h
  HDRINST usr/include/drm/panfrost_drm.h
  HDRINST usr/include/drm/ivpu_accel.h
  HDRINST usr/include/drm/habanalabs_accel.h
  HDRINST usr/include/drm/amdgpu_drm.h
  HDRINST usr/include/drm/armada_drm.h
  HDRINST usr/include/fwctl/mlx5.h
  HDRINST usr/include/fwctl/bnxt.h
  HDRINST usr/include/fwctl/cxl.h
  HDRINST usr/include/fwctl/fwctl.h
  HDRINST usr/include/fwctl/pds.h
  HDRINST usr/include/linux/icmp.h
  HDRINST usr/include/linux/if_pppox.h
  HDRINST usr/include/linux/phantom.h
  HDRINST usr/include/linux/ccs.h
  HDRINST usr/include/linux/netconf.h
  HDRINST usr/include/linux/mmc/ioctl.h
  HDRINST usr/include/linux/mptcp_pm.h
  HDRINST usr/include/linux/termios.h
  HDRINST usr/include/linux/counter.h
  HDRINST usr/include/linux/if_macsec.h
  HDRINST usr/include/linux/remoteproc_cdev.h
  HDRINST usr/include/linux/binfmts.h
  HDRINST usr/include/linux/sctp.h
  HDRINST usr/include/linux/bfs_fs.h
  HDRINST usr/include/linux/gpib.h
  HDRINST usr/include/linux/psp-dbc.h
  HDRINST usr/include/linux/can/gw.h
  HDRINST usr/include/linux/can/netlink.h
  HDRINST usr/include/linux/can/isotp.h
  HDRINST usr/include/linux/can/bcm.h
  HDRINST usr/include/linux/can/raw.h
  HDRINST usr/include/linux/can/error.h
  HDRINST usr/include/linux/can/vxcan.h
  HDRINST usr/include/linux/can/j1939.h
  HDRINST usr/include/linux/nfs_idmap.h
  HDRINST usr/include/linux/trace_mmap.h
  HDRINST usr/include/linux/nfsd/export.h
  HDRINST usr/include/linux/nfsd/debug.h
  HDRINST usr/include/linux/nfsd/cld.h
  HDRINST usr/include/linux/nfsd/stats.h
  HDRINST usr/include/linux/rtc.h
  HDRINST usr/include/linux/ppp-comp.h
  HDRINST usr/include/linux/netfilter_bridge.h
  HDRINST usr/include/linux/exfat.h
  HDRINST usr/include/linux/coff.h
  HDRINST usr/include/linux/smc_diag.h
  HDRINST usr/include/linux/dcbnl.h
  HDRINST usr/include/linux/virtio_console.h
  HDRINST usr/include/linux/if_alg.h
  HDRINST usr/include/linux/bpf_common.h
  HDRINST usr/include/linux/if_infiniband.h
  HDRINST usr/include/linux/pr.h
  HDRINST usr/include/linux/affs_hardblocks.h
  HDRINST usr/include/linux/btrfs.h
  HDRINST usr/include/linux/perf_event.h
  HDRINST usr/include/linux/uvcvideo.h
  HDRINST usr/include/linux/if_ppp.h
  HDRINST usr/include/linux/if_vlan.h
  HDRINST usr/include/linux/tc_act/tc_skbmod.h
  HDRINST usr/include/linux/tc_act/tc_defact.h
  HDRINST usr/include/linux/tc_act/tc_tunnel_key.h
  HDRINST usr/include/linux/tc_act/tc_ctinfo.h
  HDRINST usr/include/linux/tc_act/tc_vlan.h
  HDRINST usr/include/linux/tc_act/tc_skbedit.h
  HDRINST usr/include/linux/tc_act/tc_mpls.h
  HDRINST usr/include/linux/tc_act/tc_connmark.h
  HDRINST usr/include/linux/tc_act/tc_nat.h
  HDRINST usr/include/linux/tc_act/tc_csum.h
  HDRINST usr/include/linux/tc_act/tc_ife.h
  HDRINST usr/include/linux/tc_act/tc_sample.h
  HDRINST usr/include/linux/tc_act/tc_mirred.h
  HDRINST usr/include/linux/tc_act/tc_gact.h
  HDRINST usr/include/linux/tc_act/tc_bpf.h
  HDRINST usr/include/linux/tc_act/tc_gate.h
  HDRINST usr/include/linux/tc_act/tc_ct.h
  HDRINST usr/include/linux/tc_act/tc_pedit.h
  HDRINST usr/include/linux/msg.h
  HDRINST usr/include/linux/atmapi.h
  HDRINST usr/include/linux/resource.h
  HDRINST usr/include/linux/ultrasound.h
  HDRINST usr/include/linux/rpl.h
  HDRINST usr/include/linux/radeonfb.h
  HDRINST usr/include/linux/audit.h
  HDRINST usr/include/linux/vhost_types.h
  HDRINST usr/include/linux/ipmi.h
  HDRINST usr/include/linux/ethtool_netlink.h
  HDRINST usr/include/linux/can.h
  HDRINST usr/include/linux/openvswitch.h
  HDRINST usr/include/linux/toshiba.h
  HDRINST usr/include/linux/parport.h
  HDRINST usr/include/linux/ovpn.h
  HDRINST usr/include/linux/vtpm_proxy.h
  HDRINST usr/include/linux/time_types.h
  HDRINST usr/include/linux/net_namespace.h
  HDRINST usr/include/linux/time.h
  HDRINST usr/include/linux/landlock.h
  HDRINST usr/include/linux/ioctl.h
  HDRINST usr/include/linux/virtio_rtc.h
  HDRINST usr/include/linux/psp-sfs.h
  HDRINST usr/include/linux/membarrier.h
  HDRINST usr/include/linux/if_fc.h
  HDRINST usr/include/linux/rio_cm_cdev.h
  HDRINST usr/include/linux/virtio_scsi.h
  HDRINST usr/include/linux/if_link.h
  HDRINST usr/include/linux/pmu.h
  HDRINST usr/include/linux/selinux_netlink.h
  HDRINST usr/include/linux/genwqe/genwqe_card.h
  HDRINST usr/include/linux/lirc.h
  HDRINST usr/include/linux/virtio_rng.h
  HDRINST usr/include/linux/v4l2-subdev.h
  HDRINST usr/include/linux/xattr.h
  HDRINST usr/include/linux/ipv6.h
  HDRINST usr/include/linux/if_team.h
  HDRINST usr/include/linux/chio.h
  HDRINST usr/include/linux/sysctl.h
  HDRINST usr/include/linux/dqblk_xfs.h
  HDRINST usr/include/linux/atmioc.h
  HDRINST usr/include/linux/misc/bcm_vk.h
  HDRINST usr/include/linux/seg6_hmac.h
  HDRINST usr/include/linux/if_tun.h
  HDRINST usr/include/linux/nubus.h
  HDRINST usr/include/linux/atm_he.h
  HDRINST usr/include/linux/userio.h
  HDRINST usr/include/linux/mmtimer.h
  HDRINST usr/include/linux/cxl_mem.h
  HDRINST usr/include/linux/fsi.h
  HDRINST usr/include/linux/virtio_mem.h
  HDRINST usr/include/linux/virtio_gpio.h
  HDRINST usr/include/linux/cn_proc.h
  HDRINST usr/include/linux/if.h
  HDRINST usr/include/linux/spi/spi.h
  HDRINST usr/include/linux/spi/spidev.h
  HDRINST usr/include/linux/dpll.h
  HDRINST usr/include/linux/ipmi_msgdefs.h
  HDRINST usr/include/linux/loadpin.h
  HDRINST usr/include/linux/hw_breakpoint.h
  HDRINST usr/include/linux/fadvise.h
  HDRINST usr/include/linux/errno.h
  HDRINST usr/include/linux/tcp.h
  HDRINST usr/include/linux/prctl.h
  HDRINST usr/include/linux/virtio_scmi.h
  HDRINST usr/include/linux/net_shaper.h
  HDRINST usr/include/linux/serio.h
  HDRINST usr/include/linux/taskstats.h
  HDRINST usr/include/linux/virtio_blk.h
  HDRINST usr/include/linux/edd.h
  HDRINST usr/include/linux/dccp.h
  HDRINST usr/include/linux/gpio.h
  HDRINST usr/include/linux/smiapp.h
  HDRINST usr/include/linux/in_route.h
  HDRINST usr/include/linux/aspeed-p2a-ctrl.h
  HDRINST usr/include/linux/if_ether.h
  HDRINST usr/include/linux/atmppp.h
  HDRINST usr/include/linux/ioam6.h
  HDRINST usr/include/linux/mqueue.h
  HDRINST usr/include/linux/icmpv6.h
  HDRINST usr/include/linux/typelimits.h
  HDRINST usr/include/linux/rkisp1-config.h
  HDRINST usr/include/linux/aspeed-lpc-ctrl.h
  HDRINST usr/include/linux/cachefiles.h
  HDRINST usr/include/linux/i8k.h
  HDRINST usr/include/linux/handshake.h
  HDRINST usr/include/linux/fd.h
  HDRINST usr/include/linux/oom.h
  HDRINST usr/include/linux/auto_fs.h
  HDRINST usr/include/linux/mei_uuid.h
  HDRINST usr/include/linux/genetlink.h
  HDRINST usr/include/linux/npcm-video.h
  HDRINST usr/include/linux/gfs2_ondisk.h
  HDRINST usr/include/linux/matroxfb.h
  HDRINST usr/include/linux/falloc.h
  HDRINST usr/include/linux/seg6.h
  HDRINST usr/include/linux/module.h
  HDRINST usr/include/linux/coresight-stm.h
  HDRINST usr/include/linux/ethtool.h
  HDRINST usr/include/linux/fs.h
  HDRINST usr/include/linux/rpmsg.h
  HDRINST usr/include/linux/ip.h
  HDRINST usr/include/linux/hdlc.h
  HDRINST usr/include/linux/if_ltalk.h
  HDRINST usr/include/linux/tipc_netlink.h
  HDRINST usr/include/linux/tty.h
  HDRINST usr/include/linux/rio_mport_cdev.h
  HDRINST usr/include/linux/if_eql.h
  HDRINST usr/include/linux/if_xdp.h
  HDRINST usr/include/linux/pci_regs.h
  HDRINST usr/include/linux/if_arcnet.h
  HDRINST usr/include/linux/btrfs_tree.h
  HDRINST usr/include/linux/psp.h
  HDRINST usr/include/linux/in.h
  HDRINST usr/include/linux/shm.h
  HDRINST usr/include/linux/x25.h
  HDRINST usr/include/linux/atm_idt77105.h
  HDRINST usr/include/linux/serial_reg.h
  HDRINST usr/include/linux/counter/microchip-tcb-capture.h
  HDRINST usr/include/linux/ppdev.h
  HDRINST usr/include/linux/ipmi_ssif_bmc.h
  HDRINST usr/include/linux/elf-fdpic.h
  HDRINST usr/include/linux/mshv.h
  HDRINST usr/include/linux/batman_adv.h
  HDRINST usr/include/linux/qnx4_fs.h
  HDRINST usr/include/linux/efs_fs_sb.h
  HDRINST usr/include/linux/iio/buffer.h
  HDRINST usr/include/linux/iio/events.h
  HDRINST usr/include/linux/iio/types.h
  HDRINST usr/include/linux/media/amlogic/c3-isp-config.h
  HDRINST usr/include/linux/media/raspberrypi/pisp_common.h
  HDRINST usr/include/linux/media/raspberrypi/pisp_be_config.h
  HDRINST usr/include/linux/media/raspberrypi/pisp_fe_statistics.h
  HDRINST usr/include/linux/media/raspberrypi/pisp_fe_config.h
  HDRINST usr/include/linux/media/arm/mali-c55-config.h
  HDRINST usr/include/linux/media/v4l2-isp.h
  HDRINST usr/include/linux/blkzoned.h
  HDRINST usr/include/linux/if_phonet.h
  HDRINST usr/include/linux/scif_ioctl.h
  HDRINST usr/include/linux/stat.h
  HDRINST usr/include/linux/hdlc/ioctl.h
  HDRINST usr/include/linux/atmclip.h
  HDRINST usr/include/linux/sem.h
  HDRINST usr/include/linux/media.h
  HDRINST usr/include/linux/if_x25.h
  HDRINST usr/include/linux/mroute6.h
  HDRINST usr/include/linux/timex.h
  HDRINST usr/include/linux/kernel-page-flags.h
  HDRINST usr/include/linux/openat2.h
  HDRINST usr/include/linux/pfkeyv2.h
  HDRINST usr/include/linux/usb/ch11.h
  HDRINST usr/include/linux/usb/charger.h
  HDRINST usr/include/linux/usb/functionfs.h
  HDRINST usr/include/linux/usb/audio.h
  HDRINST usr/include/linux/usb/g_hid.h
  HDRINST usr/include/linux/usb/midi.h
  HDRINST usr/include/linux/usb/tmc.h
  HDRINST usr/include/linux/usb/cdc.h
  HDRINST usr/include/linux/usb/cdc-wdm.h
  HDRINST usr/include/linux/usb/video.h
  HDRINST usr/include/linux/usb/g_uvc.h
  HDRINST usr/include/linux/usb/ch9.h
  HDRINST usr/include/linux/usb/gadgetfs.h
  HDRINST usr/include/linux/usb/raw_gadget.h
  HDRINST usr/include/linux/usb/g_printer.h
  HDRINST usr/include/linux/packet_diag.h
  HDRINST usr/include/linux/apm_bios.h
  HDRINST usr/include/linux/net_dropmon.h
  HDRINST usr/include/linux/vhost.h
  HDRINST usr/include/linux/v4l2-dv-timings.h
  HDRINST usr/include/linux/cec.h
  HDRINST usr/include/linux/hsi/cs-protocol.h
  HDRINST usr/include/linux/hsi/hsi_char.h
  HDRINST usr/include/linux/rxrpc.h
  HDRINST usr/include/linux/rpl_iptunnel.h
  HDRINST usr/include/linux/if_packet.h
  HDRINST usr/include/linux/ppp-ioctl.h
  HDRINST usr/include/linux/coredump.h
  HDRINST usr/include/linux/connector.h
  HDRINST usr/include/linux/bpf_perf_event.h
  HDRINST usr/include/linux/firewire-constants.h
  HDRINST usr/include/linux/eventpoll.h
  HDRINST usr/include/linux/unistd.h
  HDRINST usr/include/linux/xilinx-v4l2-controls.h
  HDRINST usr/include/linux/virtio_spi.h
  HDRINST usr/include/linux/tls.h
  HDRINST usr/include/linux/keyboard.h
  HDRINST usr/include/linux/qrtr.h
  HDRINST usr/include/linux/ip_vs.h
  HDRINST usr/include/linux/pktcdvd.h
  HDRINST usr/include/linux/phonet.h
  HDRINST usr/include/linux/string.h
  HDRINST usr/include/linux/if_bridge.h
  HDRINST usr/include/linux/kdev_t.h
  HDRINST usr/include/linux/sonypi.h
  HDRINST usr/include/linux/idxd.h
  HDRINST usr/include/linux/cramfs_fs.h
  HDRINST usr/include/linux/sync_file.h
  HDRINST usr/include/linux/ext4.h
  HDRINST usr/include/linux/comedi.h
  HDRINST usr/include/linux/zorro_ids.h
  HDRINST usr/include/linux/io_uring/bpf_filter.h
  HDRINST usr/include/linux/io_uring/query.h
  HDRINST usr/include/linux/io_uring/mock_file.h
  HDRINST usr/include/linux/io_uring/zcrx.h
  HDRINST usr/include/linux/lockd_netlink.h
  HDRINST usr/include/linux/rds.h
  HDRINST usr/include/linux/udmabuf.h
  HDRINST usr/include/linux/cciss_ioctl.h
  HDRINST usr/include/linux/in6.h
  HDRINST usr/include/linux/btf.h
  HDRINST usr/include/linux/fsverity.h
  HDRINST usr/include/linux/gameport.h
  HDRINST usr/include/linux/dw100.h
  HDRINST usr/include/linux/netfilter_ipv6.h
  HDRINST usr/include/linux/pcitest.h
  HDRINST usr/include/linux/vboxguest.h
  HDRINST usr/include/linux/jffs2.h
  HDRINST usr/include/linux/seccomp.h
  HDRINST usr/include/linux/inotify.h
  HDRINST usr/include/linux/userfaultfd.h
  HDRINST usr/include/linux/vmclock-abi.h
  HDRINST usr/include/linux/snmp.h
  HDRINST usr/include/linux/aspeed-video.h
  HDRINST usr/include/linux/nfs_fs.h
  HDRINST usr/include/linux/pwm.h
  HDRINST usr/include/linux/thermal.h
  HDRINST usr/include/linux/sev-guest.h
  HDRINST usr/include/linux/netfilter_ipv6/ip6_tables.h
  HDRINST usr/include/linux/netfilter_ipv6/ip6t_srh.h
  HDRINST usr/include/linux/netfilter_ipv6/ip6t_ah.h
  HDRINST usr/include/linux/netfilter_ipv6/ip6t_mh.h
  HDRINST usr/include/linux/netfilter_ipv6/ip6t_REJECT.h
  HDRINST usr/include/linux/netfilter_ipv6/ip6t_frag.h
  HDRINST usr/include/linux/netfilter_ipv6/ip6t_ipv6header.h
  HDRINST usr/include/linux/netfilter_ipv6/ip6t_HL.h
  HDRINST usr/include/linux/netfilter_ipv6/ip6t_LOG.h
  HDRINST usr/include/linux/netfilter_ipv6/ip6t_hl.h
  HDRINST usr/include/linux/netfilter_ipv6/ip6t_rt.h
  HDRINST usr/include/linux/netfilter_ipv6/ip6t_NPT.h
  HDRINST usr/include/linux/netfilter_ipv6/ip6t_opts.h
  HDRINST usr/include/linux/atm.h
  HDRINST usr/include/linux/vduse.h
  HDRINST usr/include/linux/io_uring.h
  HDRINST usr/include/linux/erspan.h
  HDRINST usr/include/linux/ivtv.h
  HDRINST usr/include/linux/synclink.h
  HDRINST usr/include/linux/sound.h
  HDRINST usr/include/linux/i2o-dev.h
  HDRINST usr/include/linux/am437x-vpfe.h
  HDRINST usr/include/linux/pci.h
  HDRINST usr/include/linux/target_core_user.h
  HDRINST usr/include/linux/const.h
  HDRINST usr/include/linux/vesa.h
  HDRINST usr/include/linux/minix_fs.h
  HDRINST usr/include/linux/close_range.h
  HDRINST usr/include/linux/tty_flags.h
  HDRINST usr/include/linux/serial.h
  HDRINST usr/include/linux/atmsap.h
  HDRINST usr/include/linux/stm.h
  HDRINST usr/include/linux/virtio_snd.h
  HDRINST usr/include/linux/gtp.h
  HDRINST usr/include/linux/if_addr.h
  HDRINST usr/include/linux/posix_types.h
  HDRINST usr/include/linux/ax25.h
  HDRINST usr/include/linux/liveupdate.h
  HDRINST usr/include/linux/psample.h
  HDRINST usr/include/linux/fdreg.h
  HDRINST usr/include/linux/nfs.h
  HDRINST usr/include/linux/firewire-cdev.h
  HDRINST usr/include/linux/route.h
  HDRINST usr/include/linux/nfsd_netlink.h
  HDRINST usr/include/linux/tc_ematch/tc_em_cmp.h
  HDRINST usr/include/linux/tc_ematch/tc_em_ipt.h
  HDRINST usr/include/linux/tc_ematch/tc_em_meta.h
  HDRINST usr/include/linux/tc_ematch/tc_em_text.h
  HDRINST usr/include/linux/tc_ematch/tc_em_nbyte.h
  HDRINST usr/include/linux/map_benchmark.h
  HDRINST usr/include/linux/ioam6_genl.h
  HDRINST usr/include/linux/dlmconstants.h
  HDRINST usr/include/linux/netfilter.h
  HDRINST usr/include/linux/rtnetlink.h
  HDRINST usr/include/linux/adb.h
  HDRINST usr/include/linux/blk-crypto.h
  HDRINST usr/include/linux/llc.h
  HDRINST usr/include/linux/inet_diag.h
  HDRINST usr/include/linux/unix_diag.h
  HDRINST usr/include/linux/kcov.h
  HDRINST usr/include/linux/virtio_input.h
  HDRINST usr/include/linux/netlink.h
  HDRINST usr/include/linux/dma-heap.h
  HDRINST usr/include/linux/tee.h
  HDRINST usr/include/linux/sonet.h
  HDRINST usr/include/linux/if_slip.h
  HDRINST usr/include/linux/joystick.h
  HDRINST usr/include/linux/gen_stats.h
  HDRINST usr/include/linux/virtio_mmio.h
  HDRINST usr/include/linux/v4l2-controls.h
  HDRINST usr/include/linux/cryptouser.h
  HDRINST usr/include/linux/usbdevice_fs.h
  HDRINST usr/include/linux/irqnr.h
  HDRINST usr/include/linux/fpga-dfl.h
  HDRINST usr/include/linux/quota.h
  HDRINST usr/include/linux/errqueue.h
  HDRINST usr/include/linux/fanotify.h
  HDRINST usr/include/linux/atmmpc.h
  HDRINST usr/include/linux/netlink_diag.h
  HDRINST usr/include/linux/cuda.h
  HDRINST usr/include/linux/mroute.h
  HDRINST usr/include/linux/wireless.h
  HDRINST usr/include/linux/adfs_fs.h
  HDRINST usr/include/linux/nfs4.h
  HDRINST usr/include/linux/l2tp.h
  HDRINST usr/include/linux/timerfd.h
  HDRINST usr/include/linux/cycx_cfm.h
  HDRINST usr/include/linux/cdrom.h
  HDRINST usr/include/linux/nvram.h
  HDRINST usr/include/linux/nl80211-vnd-intel.h
  HDRINST usr/include/linux/virtio_9p.h
  HDRINST usr/include/linux/hpet.h
  HDRINST usr/include/linux/ip6_tunnel.h
  HDRINST usr/include/linux/nl80211.h
  HDRINST usr/include/linux/ioprio.h
  HDRINST usr/include/linux/um_timetravel.h
  HDRINST usr/include/linux/pg.h
  HDRINST usr/include/linux/if_addrlabel.h
  HDRINST usr/include/linux/atm_tcp.h
  HDRINST usr/include/linux/nfs2.h
  HDRINST usr/include/linux/ndctl.h
  HDRINST usr/include/linux/igmp.h
  HDRINST usr/include/linux/ncsi.h
  HDRINST usr/include/linux/msdos_fs.h
  HDRINST usr/include/linux/sched.h
  HDRINST usr/include/linux/types.h
  HDRINST usr/include/linux/cifs/cifs_netlink.h
  HDRINST usr/include/linux/cifs/cifs_mount.h
  HDRINST usr/include/linux/fuse.h
  HDRINST usr/include/linux/auxvec.h
  HDRINST usr/include/linux/virtio_iommu.h
  HDRINST usr/include/linux/pkt_cls.h
  HDRINST usr/include/linux/ivtvfb.h
  HDRINST usr/include/linux/arcfb.h
  HDRINST usr/include/linux/nfs3.h
  HDRINST usr/include/linux/aio_abi.h
  HDRINST usr/include/linux/nsm.h
  HDRINST usr/include/linux/cciss_defs.h
  HDRINST usr/include/linux/virtio_net.h
  HDRINST usr/include/linux/posix_acl.h
  HDRINST usr/include/linux/fb.h
  HDRINST usr/include/linux/rfkill.h
  HDRINST usr/include/linux/netfilter_ipv4.h
  HDRINST usr/include/linux/ipmi_bmc.h
  HDRINST usr/include/linux/netdevice.h
  HDRINST usr/include/linux/mempolicy.h
  HDRINST usr/include/linux/smc.h
  HDRINST usr/include/linux/kvm_para.h
  HDRINST usr/include/linux/stddef.h
  HDRINST usr/include/linux/ptp_clock.h
  HDRINST usr/include/linux/kd.h
  HDRINST usr/include/linux/module_signature.h
  HDRINST usr/include/linux/psci.h
  HDRINST usr/include/linux/if_tunnel.h
  HDRINST usr/include/linux/vfio.h
  HDRINST usr/include/linux/vbox_vmmdev_types.h
  HDRINST usr/include/linux/nbd-netlink.h
  HDRINST usr/include/linux/atalk.h
  HDRINST usr/include/linux/virtio_types.h
  HDRINST usr/include/linux/virtio_pci.h
  HDRINST usr/include/linux/mpls.h
  HDRINST usr/include/linux/if_plip.h
  HDRINST usr/include/linux/vt.h
  HDRINST usr/include/linux/vdpa.h
  HDRINST usr/include/linux/virtio_ids.h
  HDRINST usr/include/linux/vfio_zdev.h
  HDRINST usr/include/linux/netfilter/xt_IDLETIMER.h
  HDRINST usr/include/linux/netfilter/nfnetlink_queue.h
  HDRINST usr/include/linux/netfilter/xt_cluster.h
  HDRINST usr/include/linux/netfilter/nf_tables.h
  HDRINST usr/include/linux/netfilter/xt_physdev.h
  HDRINST usr/include/linux/netfilter/xt_policy.h
  HDRINST usr/include/linux/netfilter/xt_AUDIT.h
  HDRINST usr/include/linux/netfilter/nfnetlink_compat.h
  HDRINST usr/include/linux/netfilter/xt_pkttype.h
  HDRINST usr/include/linux/netfilter/nf_tables_compat.h
  HDRINST usr/include/linux/netfilter/nf_conntrack_sctp.h
  HDRINST usr/include/linux/netfilter/nfnetlink_cthelper.h
  HDRINST usr/include/linux/netfilter/nfnetlink_hook.h
  HDRINST usr/include/linux/netfilter/nfnetlink_conntrack.h
  HDRINST usr/include/linux/netfilter/xt_sctp.h
  HDRINST usr/include/linux/netfilter/xt_CONNMARK.h
  HDRINST usr/include/linux/netfilter/xt_u32.h
  HDRINST usr/include/linux/netfilter/xt_tcpmss.h
  HDRINST usr/include/linux/netfilter/xt_TCPOPTSTRIP.h
  HDRINST usr/include/linux/netfilter/xt_SYNPROXY.h
  HDRINST usr/include/linux/netfilter/nf_conntrack_ftp.h
  HDRINST usr/include/linux/netfilter/xt_CONNSECMARK.h
  HDRINST usr/include/linux/netfilter/nfnetlink_cttimeout.h
  HDRINST usr/include/linux/netfilter/xt_LOG.h
  HDRINST usr/include/linux/netfilter/nfnetlink.h
  HDRINST usr/include/linux/netfilter/xt_mac.h
  HDRINST usr/include/linux/netfilter/nf_nat.h
  HDRINST usr/include/linux/netfilter/nf_conntrack_common.h
  HDRINST usr/include/linux/netfilter/xt_limit.h
  HDRINST usr/include/linux/netfilter/xt_ipcomp.h
  HDRINST usr/include/linux/netfilter/xt_statistic.h
  HDRINST usr/include/linux/netfilter/xt_TPROXY.h
  HDRINST usr/include/linux/netfilter/xt_cgroup.h
  HDRINST usr/include/linux/netfilter/xt_quota.h
  HDRINST usr/include/linux/netfilter/xt_dscp.h
  HDRINST usr/include/linux/netfilter/xt_NFLOG.h
  HDRINST usr/include/linux/netfilter/xt_esp.h
  HDRINST usr/include/linux/netfilter/xt_mark.h
  HDRINST usr/include/linux/netfilter/xt_TCPMSS.h
  HDRINST usr/include/linux/netfilter/xt_multiport.h
  HDRINST usr/include/linux/netfilter/xt_RATEEST.h
  HDRINST usr/include/linux/netfilter/xt_iprange.h
  HDRINST usr/include/linux/netfilter/xt_DSCP.h
  HDRINST usr/include/linux/netfilter/xt_CLASSIFY.h
  HDRINST usr/include/linux/netfilter/xt_connlimit.h
  HDRINST usr/include/linux/netfilter/xt_conntrack.h
  HDRINST usr/include/linux/netfilter/xt_ipvs.h
  HDRINST usr/include/linux/netfilter/xt_state.h
  HDRINST usr/include/linux/netfilter/xt_set.h
  HDRINST usr/include/linux/netfilter/xt_ecn.h
  HDRINST usr/include/linux/netfilter/xt_LED.h
  HDRINST usr/include/linux/netfilter/xt_rpfilter.h
  HDRINST usr/include/linux/netfilter/nfnetlink_osf.h
  HDRINST usr/include/linux/netfilter/xt_CHECKSUM.h
  HDRINST usr/include/linux/netfilter/nf_conntrack_tcp.h
  HDRINST usr/include/linux/netfilter/xt_MARK.h
  HDRINST usr/include/linux/netfilter/xt_length.h
  HDRINST usr/include/linux/netfilter/xt_string.h
  HDRINST usr/include/linux/netfilter/nfnetlink_acct.h
  HDRINST usr/include/linux/netfilter/xt_dccp.h
  HDRINST usr/include/linux/netfilter/xt_nfacct.h
  HDRINST usr/include/linux/netfilter/xt_recent.h
  HDRINST usr/include/linux/netfilter/xt_CT.h
  HDRINST usr/include/linux/netfilter/xt_hashlimit.h
  HDRINST usr/include/linux/netfilter/xt_connbytes.h
  HDRINST usr/include/linux/netfilter/xt_devgroup.h
  HDRINST usr/include/linux/netfilter/x_tables.h
  HDRINST usr/include/linux/netfilter/xt_connmark.h
  HDRINST usr/include/linux/netfilter/xt_tcpudp.h
  HDRINST usr/include/linux/netfilter/xt_osf.h
  HDRINST usr/include/linux/netfilter/nf_log.h
  HDRINST usr/include/linux/netfilter/xt_connlabel.h
  HDRINST usr/include/linux/netfilter/xt_rateest.h
  HDRINST usr/include/linux/netfilter/xt_comment.h
  HDRINST usr/include/linux/netfilter/xt_SECMARK.h
  HDRINST usr/include/linux/netfilter/ipset/ip_set_bitmap.h
  HDRINST usr/include/linux/netfilter/xt_bpf.h
  HDRINST usr/include/linux/netfilter/ipset/ip_set.h
  HDRINST usr/include/linux/netfilter/ipset/ip_set_hash.h
  HDRINST usr/include/linux/netfilter/ipset/ip_set_list.h
  HDRINST usr/include/linux/netfilter/xt_addrtype.h
  HDRINST usr/include/linux/netfilter/xt_cpu.h
  HDRINST usr/include/linux/netfilter/xt_l2tp.h
  HDRINST usr/include/linux/netfilter/nf_conntrack_tuple_common.h
  HDRINST usr/include/linux/netfilter/xt_TEE.h
  HDRINST usr/include/linux/netfilter/nf_synproxy.h
  HDRINST usr/include/linux/netfilter/xt_NFQUEUE.h
  HDRINST usr/include/linux/netfilter/xt_helper.h
  HDRINST usr/include/linux/netfilter/xt_HMARK.h
  HDRINST usr/include/linux/netfilter/xt_realm.h
  HDRINST usr/include/linux/netfilter/xt_socket.h
  HDRINST usr/include/linux/netfilter/xt_owner.h
  HDRINST usr/include/linux/netfilter/nfnetlink_log.h
  HDRINST usr/include/linux/netfilter/xt_time.h
  HDRINST usr/include/linux/mei.h
  HDRINST usr/include/linux/fsl_hypervisor.h
  HDRINST usr/include/linux/blkdev.h
  HDRINST usr/include/linux/dev_energymodel.h
  HDRINST usr/include/linux/dvb/ca.h
  HDRINST usr/include/linux/dvb/audio.h
  HDRINST usr/include/linux/dvb/version.h
  HDRINST usr/include/linux/dvb/frontend.h
  HDRINST usr/include/linux/dvb/net.h
  HDRINST usr/include/linux/dvb/video.h
  HDRINST usr/include/linux/dvb/osd.h
  HDRINST usr/include/linux/dvb/dmx.h
  HDRINST usr/include/linux/isst_if.h
  HDRINST usr/include/linux/nvme_ioctl.h
  HDRINST usr/include/linux/coda.h
  HDRINST usr/include/linux/vm_sockets.h
  HDRINST usr/include/linux/net.h
  HDRINST usr/include/linux/suspend_ioctls.h
  HDRINST usr/include/linux/nilfs2_api.h
  HDRINST usr/include/linux/atm_nicstar.h
  HDRINST usr/include/linux/hsr_netlink.h
  HDRINST usr/include/linux/ipv6_route.h
  HDRINST usr/include/linux/neighbour.h
  HDRINST usr/include/linux/ptrace.h
  HDRINST usr/include/linux/utsname.h
  HDRINST usr/include/linux/uinput.h
  HDRINST usr/include/linux/gpib_ioctl.h
  HDRINST usr/include/linux/mrp_bridge.h
  HDRINST usr/include/linux/netdev.h
  HDRINST usr/include/linux/kcm.h
  HDRINST usr/include/linux/eventfd.h
  HDRINST usr/include/linux/dlm_plock.h
  HDRINST usr/include/linux/dma-buf.h
  HDRINST usr/include/linux/v4l2-common.h
  HDRINST usr/include/linux/wmi.h
  HDRINST usr/include/linux/media-bus-format.h
  HDRINST usr/include/linux/vfio_ccw.h
  HDRINST usr/include/linux/acct.h
  HDRINST usr/include/linux/lp.h
  HDRINST usr/include/linux/ntsync.h
  HDRINST usr/include/linux/cec-funcs.h
  HDRINST usr/include/linux/pps_gen.h
  HDRINST usr/include/linux/input.h
  HDRINST usr/include/linux/byteorder/big_endian.h
  HDRINST usr/include/linux/byteorder/little_endian.h
  HDRINST usr/include/linux/wireguard.h
  HDRINST usr/include/linux/mctp.h
  HDRINST usr/include/linux/nbd.h
  HDRINST usr/include/linux/socket.h
  HDRINST usr/include/linux/bpf.h
  HDRINST usr/include/linux/ipc.h
  HDRINST usr/include/linux/pidfd.h
  HOSTLD  scripts/dtc/dtc
  HDRINST usr/include/linux/atmbr2684.h
  HDRINST usr/include/linux/iommufd.h
  HDRINST usr/include/linux/kexec.h
  HDRINST usr/include/linux/atmsvc.h
  HDRINST usr/include/linux/nfsacl.h
  HDRINST usr/include/linux/zorro.h
  HDRINST usr/include/linux/signalfd.h
  HDRINST usr/include/linux/bt-bmc.h
  HDRINST usr/include/linux/surface_aggregator/dtx.h
  HDRINST usr/include/linux/surface_aggregator/cdev.h
  HDRINST usr/include/linux/times.h
  HDRINST usr/include/linux/ublk_cmd.h
  HDRINST usr/include/linux/atm_eni.h
  HDRINST usr/include/linux/if_hippi.h
  HDRINST usr/include/linux/mii.h
  HDRINST usr/include/linux/kfd_ioctl.h
  HDRINST usr/include/linux/utime.h
  HDRINST usr/include/linux/v4l2-mediabus.h
  HDRINST usr/include/linux/loop.h
  HDRINST usr/include/linux/nfs_mount.h
  HDRINST usr/include/linux/blktrace_api.h
  HDRINST usr/include/linux/virtio_crypto.h
  HDRINST usr/include/linux/atmdev.h
  HDRINST usr/include/linux/auto_dev-ioctl.h
  HDRINST usr/include/linux/if_pppol2tp.h
  HDRINST usr/include/linux/fcntl.h
  HDRINST usr/include/linux/nitro_enclaves.h
  HDRINST usr/include/linux/uio.h
  HDRINST usr/include/linux/netfilter_bridge/ebt_802_3.h
  HDRINST usr/include/linux/netfilter_bridge/ebt_redirect.h
  HDRINST usr/include/linux/netfilter_bridge/ebt_arp.h
  HDRINST usr/include/linux/netfilter_bridge/ebt_pkttype.h
  HDRINST usr/include/linux/netfilter_bridge/ebt_vlan.h
  HDRINST usr/include/linux/netfilter_bridge/ebt_stp.h
  HDRINST usr/include/linux/netfilter_bridge/ebt_limit.h
  HDRINST usr/include/linux/netfilter_bridge/ebt_among.h
  HDRINST usr/include/linux/netfilter_bridge/ebt_mark_m.h
  HDRINST usr/include/linux/netfilter_bridge/ebt_log.h
  HDRINST usr/include/linux/netfilter_bridge/ebt_ip6.h
  HDRINST usr/include/linux/netfilter_bridge/ebt_nat.h
  HDRINST usr/include/linux/netfilter_bridge/ebt_arpreply.h
  HDRINST usr/include/linux/netfilter_bridge/ebtables.h
  HDRINST usr/include/linux/netfilter_bridge/ebt_mark_t.h
  HDRINST usr/include/linux/netfilter_bridge/ebt_nflog.h
  HDRINST usr/include/linux/netfilter_bridge/ebt_ip.h
  HDRINST usr/include/linux/posix_acl_xattr.h
  HDRINST usr/include/linux/ife.h
  HDRINST usr/include/linux/mount.h
  HDRINST usr/include/linux/batadv_packet.h
  HDRINST usr/include/linux/sock_diag.h
  HDRINST usr/include/linux/mpls_iptunnel.h
  HDRINST usr/include/linux/virtio_i2c.h
  HDRINST usr/include/linux/major.h
  HDRINST usr/include/linux/virtio_ring.h
  HDRINST usr/include/linux/tdx-guest.h
  HDRINST usr/include/linux/virtio_config.h
  HDRINST usr/include/linux/pps.h
  HDRINST usr/include/linux/cfm_bridge.h
  HDRINST usr/include/linux/nexthop.h
  HDRINST usr/include/linux/securebits.h
  HDRINST usr/include/linux/dm-ioctl.h
  HDRINST usr/include/linux/sockios.h
  HDRINST usr/include/linux/kcmp.h
  HDRINST usr/include/linux/virtio_pcidev.h
  HDRINST usr/include/linux/nfc.h
  HDRINST usr/include/linux/wwan.h
  HDRINST usr/include/linux/mman.h
  HDRINST usr/include/linux/fsmap.h
  HDRINST usr/include/linux/atmarp.h
  HDRINST usr/include/linux/bcm933xx_hcs.h
  HDRINST usr/include/linux/udp.h
  HDRINST usr/include/linux/devlink.h
  HDRINST usr/include/linux/qnxtypes.h
  HDRINST usr/include/linux/fiemap.h
  HDRINST usr/include/linux/keyctl.h
  HDRINST usr/include/linux/filter.h
  HDRINST usr/include/linux/kernel.h
  HDRINST usr/include/linux/hdreg.h
  HOSTCC  scripts/kallsyms
  HDRINST usr/include/linux/ioam6_iptunnel.h
  HDRINST usr/include/linux/uleds.h
  HDRINST usr/include/linux/kfd_sysfs.h
  HDRINST usr/include/linux/watchdog.h
  HOSTCC  scripts/sorttable.o
  TOUCH   include/generated/gcc-plugins.h
  HDRINST usr/include/linux/virtio_pmem.h
  HDRINST usr/include/linux/memfd.h
  HOSTCC  scripts/elf-parse.o
  HDRINST usr/include/linux/nfs4_mount.h
  HDRINST usr/include/linux/uuid.h
  HOSTCC  scripts/asn1_compiler
  HDRINST usr/include/linux/fsl_mc.h
  HDRINST usr/include/linux/libc-compat.h
  HOSTCC  scripts/ipe/polgen/polgen
  HOSTCC  scripts/selinux/mdp/mdp
  HDRINST usr/include/linux/ipsec.h
  HDRINST usr/include/linux/blkpg.h
  HDRINST usr/include/linux/tps6594_pfsm.h
  HDRINST usr/include/linux/xdp_diag.h
  DTC     arch/arm64/boot/dts/allwinner/sun50i-a64-amarula-relic.dtb
  HDRINST usr/include/linux/nilfs2_ondisk.h
  DTC     arch/arm64/boot/dts/amd/amd-overdrive-rev-b0.dtb
  DTC     arch/arm64/boot/dts/amazon/alpine-v2-evp.dtb
  DTC     arch/arm64/boot/dts/amd/amd-overdrive-rev-b1.dtb
  DTC     arch/arm64/boot/dts/apm/apm-mustang.dtb
  DTC     arch/arm64/boot/dts/apple/s5l8960x-j71.dtb
  DTC     arch/arm64/boot/dts/arm/foundation-v8.dtb
  HDRINST usr/include/linux/mtio.h
  DTC     arch/arm64/boot/dts/amazon/alpine-v3-evp.dtb
  DTC     arch/arm64/boot/dts/arm/foundation-v8-psci.dtb
  DTC     arch/arm64/boot/dts/amlogic/amlogic-a4-a113l2-ba400.dtb
  HDRINST usr/include/linux/virtio_balloon.h
  DTC     arch/arm64/boot/dts/allwinner/sun50i-a64-bananapi-m64.dtb
  DTC     arch/arm64/boot/dts/bst/bstc1200-cdcu1.0-adas_4c2g.dtb
  DTC     arch/arm64/boot/dts/arm/foundation-v8-gicv3.dtb
  DTC     arch/arm64/boot/dts/apple/s5l8960x-j73.dtb
  DTC     arch/arm64/boot/dts/broadcom/bcm2711-rpi-400.dtb
  DTC     arch/arm64/boot/dts/amazon/alpine-v2-ubnt-unvr-ea16.dtb
  DTC     arch/arm64/boot/dts/allwinner/sun50i-a64-nanopi-a64.dtb
  DTC     arch/arm64/boot/dts/broadcom/bcm2711-rpi-4-b.dtb
  HDRINST usr/include/linux/gsmmux.h
  DTC     arch/arm64/boot/dts/cavium/thunder-88xx.dtb
  HDRINST usr/include/linux/poll.h
  DTC     arch/arm64/boot/dts/allwinner/sun50i-a64-oceanic-5205-5inmfd.dtb
  DTC     arch/arm64/boot/dts/allwinner/sun50i-a64-olinuxino.dtb
  DTC     arch/arm64/boot/dts/cix/sky1-orion-o6.dtb
  DTC     arch/arm64/boot/dts/allwinner/sun50i-a64-olinuxino-emmc.dtb
  DTC     arch/arm64/boot/dts/cix/sky1-xcp.dtb
  DTC     arch/arm64/boot/dts/apple/s5l8960x-j85m.dtb
  HDRINST usr/include/linux/f2fs.h
  DTC     arch/arm64/boot/dts/apm/apm-merlin.dtb
  DTC     arch/arm64/boot/dts/apple/s5l8960x-j86m.dtb
  DTC     arch/arm64/boot/dts/amlogic/amlogic-a5-a113x2-av400.dtb
  DTC     arch/arm64/boot/dts/arm/foundation-v8-gicv3-psci.dtb
  HDRINST usr/include/linux/limits.h
  DTC     arch/arm64/boot/dts/apple/s5l8960x-j87m.dtb
  DTC     arch/arm64/boot/dts/amlogic/amlogic-c3-c302x-aw409.dtb
  DTC     arch/arm64/boot/dts/arm/juno.dtb
  DTC     arch/arm64/boot/dts/apple/s5l8960x-n53.dtb
  HDRINST usr/include/linux/net_tstamp.h
  DTC     arch/arm64/boot/dts/amlogic/amlogic-c3-c308l-aw419.dtb
  HDRINST usr/include/linux/wait.h
  DTC     arch/arm64/boot/dts/allwinner/sun50i-a64-orangepi-win.dtb
  DTC     arch/arm64/boot/dts/arm/juno-r1.dtb
  DTC     arch/arm64/boot/dts/allwinner/sun50i-a64-pine64-lts.dtb
  DTC     arch/arm64/boot/dts/apple/s5l8960x-j72.dtb
  DTC     arch/arm64/boot/dts/broadcom/bcm2711-rpi-cm4-io.dtb
  DTC     arch/arm64/boot/dts/arm/juno-r2.dtb
  HDRINST usr/include/linux/tcp_metrics.h
  DTC     arch/arm64/boot/dts/apple/s5l8960x-j85.dtb
  HDRINST usr/include/linux/uhid.h
  DTC     arch/arm64/boot/dts/arm/juno-scmi.dtb
  DTC     arch/arm64/boot/dts/broadcom/bcm2712-rpi-5-b.dtb
  DTC     arch/arm64/boot/dts/allwinner/sun50i-a64-pine64-plus.dtb
  DTC     arch/arm64/boot/dts/arm/juno-r1-scmi.dtb
  DTC     arch/arm64/boot/dts/apple/s5l8960x-j86.dtb
  DTC     arch/arm64/boot/dts/apple/s5l8960x-j87.dtb
  DTC     arch/arm64/boot/dts/allwinner/sun50i-a64-pine64.dtb
  DTC     arch/arm64/boot/dts/arm/juno-r2-scmi.dtb
  DTC     arch/arm64/boot/dts/amlogic/amlogic-s6-s905x5-bl209.dtb
  DTC     arch/arm64/boot/dts/broadcom/bcm2712-d-rpi-5-b.dtb
  DTC     arch/arm64/boot/dts/broadcom/bcm2837-rpi-2-b.dtb
  DTC     arch/arm64/boot/dts/hisilicon/hi3660-hikey960.dtb
  DTC     arch/arm64/boot/dts/allwinner/sun50i-a64-pinebook.dtb
  DTC     arch/arm64/boot/dts/hisilicon/hi3670-hikey970.dtb
  HDRINST usr/include/linux/vmcore.h
  DTC     arch/arm64/boot/dts/allwinner/sun50i-a64-pinephone-1.0.dtb
  DTC     arch/arm64/boot/dts/apple/s5l8960x-n51.dtb
  DTC     arch/arm64/boot/dts/arm/rtsm_ve-aemv8a.dtb
  DTC     arch/arm64/boot/dts/allwinner/sun50i-a64-pinephone-1.1.dtb
  DTC     arch/arm64/boot/dts/freescale/fsl-ls1012a-frdm.dtb
  DTC     arch/arm64/boot/dts/arm/vexpress-v2f-1xv7-ca53x2.dtb
  DTC     arch/arm64/boot/dts/allwinner/sun50i-a64-pinephone-1.2.dtb
  DTC     arch/arm64/boot/dts/amlogic/amlogic-s7-s805x3-bp201.dtb
  DTC     arch/arm64/boot/dts/broadcom/bcm2837-rpi-3-a-plus.dtb
  HDRINST usr/include/linux/nsfs.h
  DTC     arch/arm64/boot/dts/amlogic/amlogic-s7d-s905x5m-bm202.dtb
  DTC     arch/arm64/boot/dts/allwinner/sun50i-a64-pinetab.dtb
  DTC     arch/arm64/boot/dts/broadcom/bcm2837-rpi-3-b.dtb
  DTC     arch/arm64/boot/dts/hisilicon/hi3798cv200-poplar.dtb
  DTC     arch/arm64/boot/dts/arm/fvp-base-revc.dtb
  DTC     arch/arm64/boot/dts/allwinner/sun50i-a64-pinetab-early-adopter.dtb
  DTC     arch/arm64/boot/dts/allwinner/sun50i-a64-sopine-baseboard.dtb
  DTC     arch/arm64/boot/dts/apple/t7000-j42d.dtb
  DTC     arch/arm64/boot/dts/broadcom/bcm2837-rpi-3-b-plus.dtb
  DTC     arch/arm64/boot/dts/broadcom/bcm2837-rpi-cm3-io3.dtb
  DTC     arch/arm64/boot/dts/allwinner/sun50i-a64-teres-i.dtb
  DTC     arch/arm64/boot/dts/broadcom/bcm2837-rpi-zero-2-w.dtb
  HDRINST usr/include/linux/arm_sdei.h
  DTC     arch/arm64/boot/dts/freescale/fsl-ls1012a-frwy.dtb
  DTC     arch/arm64/boot/dts/hisilicon/hi6220-hikey.dtb
  DTC     arch/arm64/boot/dts/amlogic/amlogic-t7-a311d2-an400.dtb
  DTC     arch/arm64/boot/dts/hisilicon/hip05-d02.dtb
  DTC     arch/arm64/boot/dts/apple/t7000-j96.dtb
  DTC     arch/arm64/boot/dts/freescale/fsl-ls1012a-oxalis.dtb
  DTC     arch/arm64/boot/dts/arm/corstone1000-fvp.dtb
  DTC     arch/arm64/boot/dts/hisilicon/hip06-d03.dtb
  DTC     arch/arm64/boot/dts/arm/corstone1000-mps3.dtb
  DTC     arch/arm64/boot/dts/allwinner/sun50i-h64-remix-mini-pc.dtb
  DTC     arch/arm64/boot/dts/amlogic/amlogic-t7-a311d2-khadas-vim4.dtb
  DTC     arch/arm64/boot/dts/freescale/fsl-ls1012a-qds.dtb
  DTC     arch/arm64/boot/dts/amlogic/meson-a1-ad401.dtb
  HDRINST usr/include/linux/hash_info.h
  DTC     arch/arm64/boot/dts/apple/t7000-j97.dtb
  DTC     arch/arm64/boot/dts/marvell/armada-3720-atlas-v5.dtb
  DTC     arch/arm64/boot/dts/freescale/fsl-ls1012a-rdb.dtb
  DTC     arch/arm64/boot/dts/apple/t7000-n102.dtb
  DTC     arch/arm64/boot/dts/allwinner/sun50i-a100-allwinner-perf1.dtb
  DTC     arch/arm64/boot/dts/freescale/fsl-ls1012a-tqmls1012al-mbls1012al.dtb
  HDRINST usr/include/linux/mptcp.h
  DTC     arch/arm64/boot/dts/apple/t7000-n56.dtb
  DTC     arch/arm64/boot/dts/arm/corstone1000-a320-fvp.dtb
  DTC     arch/arm64/boot/dts/arm/morello-sdp.dtb
  HDRINST usr/include/linux/dm-log-userspace.h
  DTC     arch/arm64/boot/dts/marvell/armada-3720-db.dtb
  HDRINST usr/include/linux/fscrypt.h
  DTC     arch/arm64/boot/dts/apple/t7000-n61.dtb
  DTC     arch/arm64/boot/dts/marvell/armada-3720-eDPU.dtb
  DTC     arch/arm64/boot/dts/amlogic/meson-a1-ad402.dtb
  DTC     arch/arm64/boot/dts/marvell/armada-3720-espressobin.dtb
  HDRINST usr/include/linux/pfrut.h
  DTC     arch/arm64/boot/dts/freescale/fsl-ls1012a-tqmls1012al-mbls1012al-emmc.dtb
  DTC     arch/arm64/boot/dts/hisilicon/hip07-d05.dtb
  DTC     arch/arm64/boot/dts/allwinner/sun50i-a133-liontron-h-a133l.dtb
  DTC     arch/arm64/boot/dts/allwinner/sun50i-h5-bananapi-m2-plus.dtb
  DTC     arch/arm64/boot/dts/arm/morello-fvp.dtb
  DTC     arch/arm64/boot/dts/apple/t7001-j81.dtb
  DTC     arch/arm64/boot/dts/nvidia/tegra132-norrin.dtb
  DTC     arch/arm64/boot/dts/apple/t7001-j82.dtb
  DTC     arch/arm64/boot/dts/allwinner/sun50i-h5-bananapi-m2-plus-v1.2.dtb
  DTC     arch/arm64/boot/dts/freescale/fsl-ls1028a-kontron-kbox-a-230-ls.dtb
  DTC     arch/arm64/boot/dts/allwinner/sun50i-h5-emlid-neutis-n5-devboard.dtb
  DTC     arch/arm64/boot/dts/nvidia/tegra210-p2371-0000.dtb
  DTC     arch/arm64/boot/dts/apple/s8000-j71s.dtb
  DTC     arch/arm64/boot/dts/freescale/fsl-ls1028a-kontron-sl28.dtb
  DTC     arch/arm64/boot/dts/marvell/armada-3720-espressobin-emmc.dtb
  DTC     arch/arm64/boot/dts/apple/s8000-j72s.dtb
  DTC     arch/arm64/boot/dts/amlogic/meson-axg-jethome-jethub-j100.dtb
  DTC     arch/arm64/boot/dts/apple/s8000-n66.dtb
  HDRINST usr/include/linux/usbip.h
  DTC     arch/arm64/boot/dts/arm/zena-css-fvp.dtb
  DTC     arch/arm64/boot/dts/marvell/armada-3720-espressobin-ultra.dtb
  DTC     arch/arm64/boot/dts/allwinner/sun50i-h5-libretech-all-h3-cc.dtb
  DTC     arch/arm64/boot/dts/amlogic/meson-axg-jethome-jethub-j110-rev-2.dtb
  DTC     arch/arm64/boot/dts/marvell/armada-3720-espressobin-v7.dtb
  DTC     arch/arm64/boot/dts/nvidia/tegra210-p2371-2180.dtb
  DTC     arch/arm64/boot/dts/freescale/fsl-ls1028a-kontron-sl28-var1.dtb
  DTC     arch/arm64/boot/dts/nvidia/tegra210-p2571.dtb
  DTC     arch/arm64/boot/dts/apple/s8000-n69u.dtb
  DTC     arch/arm64/boot/dts/nvidia/tegra210-p3450-0000.dtb
  DTC     arch/arm64/boot/dts/nvidia/tegra210-p3541-0000.dtb
  HDRINST usr/include/linux/qemu_fw_cfg.h
  DTC     arch/arm64/boot/dts/qcom/apq8016-sbc.dtb
  HDRINST usr/include/linux/lwtunnel.h
  DTC     arch/arm64/boot/dts/nvidia/tegra210-smaug.dtb
  DTC     arch/arm64/boot/dts/freescale/fsl-ls1028a-kontron-sl28-var2.dtb
  DTC     arch/arm64/boot/dts/qcom/sar2130p-qar2130p.dtb
  DTC     arch/arm64/boot/dts/apple/s8000-n71.dtb
  DTC     arch/arm64/boot/dts/marvell/armada-3720-espressobin-v7-emmc.dtb
  HDRINST usr/include/linux/capability.h
  DTC     arch/arm64/boot/dts/nvidia/tegra210-p2894-0050-a08.dtb
  DTC     arch/arm64/boot/dts/amlogic/meson-axg-jethome-jethub-j110-rev-3.dtb
  DTC     arch/arm64/boot/dts/allwinner/sun50i-h5-libretech-all-h3-it.dtb
  DTC     arch/arm64/boot/dts/freescale/fsl-ls1028a-kontron-sl28-var3.dtb
  DTC     arch/arm64/boot/dts/qcom/apq8016-sbc-d3-camera-mezzanine.dtbo
  DTC     arch/arm64/boot/dts/allwinner/sun50i-h5-libretech-all-h5-cc.dtb
  DTC     arch/arm64/boot/dts/freescale/fsl-ls1028a-kontron-sl28-var3-ads2.dtb
  DTC     arch/arm64/boot/dts/amlogic/meson-axg-s400.dtb
  DTC     arch/arm64/boot/dts/allwinner/sun50i-h5-nanopi-neo2.dtb
  DTC     arch/arm64/boot/dts/renesas/r8a774a1-beacon-rzg2m-kit.dtb
  DTC     arch/arm64/boot/dts/nvidia/tegra186-p2771-0000.dtb
  HDRINST usr/include/linux/patchkey.h
  DTC     arch/arm64/boot/dts/apple/s8003-j71t.dtb
  DTC     arch/arm64/boot/dts/qcom/apq8016-sbc-usb-host.dtbo
  HDRINST usr/include/linux/screen_info.h
  HDRINST usr/include/linux/netfilter_arp/arp_tables.h
  DTC     arch/arm64/boot/dts/marvell/armada-3720-gl-mv1000.dtb
  DTC     arch/arm64/boot/dts/qcom/apq8016-schneider-hmibsc.dtb
  DTC     arch/arm64/boot/dts/marvell/armada-3720-turris-mox.dtb
  DTC     arch/arm64/boot/dts/freescale/fsl-ls1028a-kontron-sl28-var4.dtb
  DTC     arch/arm64/boot/dts/rockchip/px30-cobra-ltk050h3146w-a2.dtb
  DTC     arch/arm64/boot/dts/rockchip/px30-cobra-ltk050h3146w.dtb
  DTC     arch/arm64/boot/dts/rockchip/px30-cobra-ltk050h3148w.dtb
  DTC     arch/arm64/boot/dts/rockchip/px30-cobra-ltk500hd1829.dtb
  HDRINST usr/include/linux/netfilter_arp/arpt_mangle.h
  HDRINST usr/include/linux/random.h
  DTC     arch/arm64/boot/dts/rockchip/px30-evb.dtb
  DTC     arch/arm64/boot/dts/rockchip/px30-engicam-px30-core-ctouch2.dtb
  DTC     arch/arm64/boot/dts/allwinner/sun50i-h5-nanopi-neo-plus2.dtb
  DTC     arch/arm64/boot/dts/nvidia/tegra186-p3509-0000+p3636-0001.dtb
  DTC     arch/arm64/boot/dts/rockchip/px30-engicam-px30-core-ctouch2-of10.dtb
  DTC     arch/arm64/boot/dts/rockchip/px30-engicam-px30-core-edimm2.2.dtb
  DTC     arch/arm64/boot/dts/allwinner/sun50i-h5-nanopi-r1s-h5.dtb
  DTC     arch/arm64/boot/dts/apple/s8003-j72t.dtb
  DTC     arch/arm64/boot/dts/qcom/apq8039-t2.dtb
  DTC     arch/arm64/boot/dts/renesas/r8a774a1-hihope-rzg2m.dtb
  DTC     arch/arm64/boot/dts/rockchip/px30-firefly-jd4-core-mb.dtb
  DTC     arch/arm64/boot/dts/qcom/apq8094-sony-xperia-kitakami-karin_windy.dtb
  DTC     arch/arm64/boot/dts/renesas/r8a774a1-hihope-rzg2m-ex.dtb
  HDRINST usr/include/linux/swab.h
  DTC     arch/arm64/boot/dts/apple/s8003-n66m.dtb
  HDRINST usr/include/linux/ppp_defs.h
  HDRINST usr/include/linux/rseq.h
  DTC     arch/arm64/boot/dts/amlogic/meson-g12a-fbx8am.dtb
  DTC     arch/arm64/boot/dts/marvell/armada-3720-uDPU.dtb
  DTC     arch/arm64/boot/dts/apple/s8003-n69.dtb
  DTC     arch/arm64/boot/dts/freescale/fsl-ls1028a-qds.dtb
  HOSTCC  scripts/sign-file
  HOSTCC  scripts/insert-sys-cert
  DTC     arch/arm64/boot/dts/allwinner/sun50i-h5-orangepi-pc2.dtb
  HOSTCC  scripts/tracepoint-update.o
  DTC     arch/arm64/boot/dts/rockchip/px30-pp1516-ltk050h3146w-a2.dtb
  HDRINST usr/include/linux/udf_fs_i.h
  HDRINST usr/include/linux/serial_core.h
  DTC     arch/arm64/boot/dts/qcom/apq8096-db820c.dtb
  DTC     arch/arm64/boot/dts/rockchip/px30-pp1516-ltk050h3148w.dtb
  HDRINST usr/include/linux/i2c-dev.h
  DTC     arch/arm64/boot/dts/qcom/apq8096sg-db820c.dtb
  DTC     arch/arm64/boot/dts/marvell/db-falcon-carrier-a7k.dtb
  DTC     arch/arm64/boot/dts/allwinner/sun50i-h5-orangepi-prime.dtb
  DTC     arch/arm64/boot/dts/freescale/fsl-ls1028a-rdb.dtb
  DTC     arch/arm64/boot/dts/nvidia/tegra194-p2972-0000.dtb
  DTC     arch/arm64/boot/dts/qcom/apq8096-ifc6640.dtb
  DTC     arch/arm64/boot/dts/rockchip/px30-ringneck-haikou.dtb
  DTC     arch/arm64/boot/dts/apple/s8003-n71m.dtb
  HDRINST usr/include/linux/hid.h
  DTC     arch/arm64/boot/dts/marvell/armada-7040-db.dtb
  DTC     arch/arm64/boot/dts/marvell/armada-7040-mochabin.dtb
  DTC     arch/arm64/boot/dts/allwinner/sun50i-h5-orangepi-zero-plus.dtb
  DTC     arch/arm64/boot/dts/freescale/fsl-ls1028a-tqmls1028a-mbls1028a.dtb
  DTC     arch/arm64/boot/dts/amlogic/meson-g12a-fbx8am-brcm.dtbo
  DTC     arch/arm64/boot/dts/nvidia/tegra194-p3509-0000+p3668-0000.dtb
  DTC     arch/arm64/boot/dts/renesas/r8a774a1-hihope-rzg2m-ex-idk-1110wr.dtb
  DTC     arch/arm64/boot/dts/qcom/eliza-mtp.dtb
  DTC     arch/arm64/boot/dts/amlogic/meson-g12a-fbx8am-realtek.dtbo
  DTC     arch/arm64/boot/dts/qcom/glymur-crd.dtb
  HDRINST usr/include/linux/videodev2.h
  DTC     arch/arm64/boot/dts/amlogic/meson-g12a-radxa-zero.dtb
  DTC     arch/arm64/boot/dts/qcom/hamoa-iot-evk.dtb
  HDRINST usr/include/linux/papr_pdsm.h
  DTC     arch/arm64/boot/dts/renesas/r8a774a1-hihope-rzg2m-ex-mipi-2.1.dtb
  DTC     arch/arm64/boot/dts/allwinner/sun50i-h5-orangepi-zero-plus2.dtb
  DTC     arch/arm64/boot/dts/renesas/r8a774a1-hihope-rzg2m-rev2.dtb
  DTC     arch/arm64/boot/dts/rockchip/px30-ringneck-haikou-lvds-9904379.dtbo
  DTC     arch/arm64/boot/dts/rockchip/px30-ringneck-haikou-video-demo.dtbo
  HDRINST usr/include/linux/sunrpc/debug.h
  DTC     arch/arm64/boot/dts/apple/s8001-j127.dtb
  HDRINST usr/include/linux/raid/md_p.h
  DTC     arch/arm64/boot/dts/marvell/armada-8040-clearfog-gt-8k.dtb
  DTC     arch/arm64/boot/dts/freescale/fsl-ls1028a-tqmls1028a-mbls1028a-ind.dtb
  HDRINST usr/include/linux/raid/md_u.h
  DTC     arch/arm64/boot/dts/qcom/x1-el2.dtbo
  DTC     arch/arm64/boot/dts/rockchip/rk3308-bpi-p2-pro.dtb
  DTC     arch/arm64/boot/dts/apple/s8001-j128.dtb
  DTC     arch/arm64/boot/dts/apple/s8001-j98a.dtb
  HDRINST usr/include/linux/hyperv.h
  DTC     arch/arm64/boot/dts/allwinner/sun50i-h6-beelink-gs1.dtb
  HDRINST usr/include/linux/bsg.h
  HDRINST usr/include/linux/personality.h
  DTC     arch/arm64/boot/dts/amlogic/meson-g12a-sei510.dtb
  DTC     arch/arm64/boot/dts/nvidia/tegra194-p3509-0000+p3668-0001.dtb
  DTC     arch/arm64/boot/dts/qcom/hamoa-lenovo-ideacentre-mini-01q8x10.dtb
  DTC     arch/arm64/boot/dts/allwinner/sun50i-h6-orangepi-3.dtb
  DTC     arch/arm64/boot/dts/rockchip/rk3308-evb.dtb
  DTC     arch/arm64/boot/dts/freescale/fsl-ls1043a-qds.dtb
  DTC     arch/arm64/boot/dts/marvell/armada-8040-db.dtb
  DTC     arch/arm64/boot/dts/marvell/armada-8040-mcbin.dtb
  DTC     arch/arm64/boot/dts/ti/k3-am625-beagleplay.dtb
  DTC     arch/arm64/boot/dts/freescale/fsl-ls1043a-rdb.dtb
  DTC     arch/arm64/boot/dts/renesas/r8a774a1-hihope-rzg2m-rev2-ex.dtb
  DTC     arch/arm64/boot/dts/freescale/fsl-ls1043a-tqmls1043a-mbls10xxa.dtb
  HDRINST usr/include/linux/agpgart.h
  DTC     arch/arm64/boot/dts/renesas/r8a774a1-hihope-rzg2m-rev2-ex-idk-1110wr.dtb
  DTC     arch/arm64/boot/dts/amlogic/meson-g12a-u200.dtb
  DTC     arch/arm64/boot/dts/amlogic/meson-g12a-x96-max.dtb
  DTC     arch/arm64/boot/dts/ti/k3-am625-beagleplay-csi2-ov5640.dtbo
  DTC     arch/arm64/boot/dts/amlogic/meson-g12b-a311d-bananapi-m2s.dtb
  DTC     arch/arm64/boot/dts/apple/s8001-j99a.dtb
  DTC     arch/arm64/boot/dts/nvidia/tegra234-sim-vdk.dtb
  DTC     arch/arm64/boot/dts/apple/t8010-d101.dtb
  DTC     arch/arm64/boot/dts/apple/t8010-d10.dtb
  HDRINST usr/include/linux/elf-em.h
  DTC     arch/arm64/boot/dts/nvidia/tegra234-p3737-0000+p3701-0000.dtb
  DTC     arch/arm64/boot/dts/amlogic/meson-g12b-a311d-khadas-vim3.dtb
  DTC     arch/arm64/boot/dts/allwinner/sun50i-h6-orangepi-lite2.dtb
  DTC     arch/arm64/boot/dts/rockchip/rk3308-roc-cc.dtb
  DTC     arch/arm64/boot/dts/ti/k3-am625-beagleplay-csi2-tevi-ov5640.dtbo
  DTC     arch/arm64/boot/dts/allwinner/sun50i-h6-orangepi-one-plus.dtb
  DTC     arch/arm64/boot/dts/apple/t8010-d111.dtb
  DTC     arch/arm64/boot/dts/amlogic/meson-khadas-vim3-ts050.dtbo
  DTC     arch/arm64/boot/dts/marvell/armada-8040-mcbin-singleshot.dtb
  HDRINST usr/include/linux/virtio_gpu.h
  DTC     arch/arm64/boot/dts/allwinner/sun50i-h6-pine-h64.dtb
  DTC     arch/arm64/boot/dts/freescale/fsl-ls1046a-frwy.dtb
  DTC     arch/arm64/boot/dts/qcom/ipq5018-rdp432-c2.dtb
  DTC     arch/arm64/boot/dts/nvidia/tegra234-p3737-0000+p3701-0008.dtb
  DTC     arch/arm64/boot/dts/renesas/r8a78000-ironhide.dtb
  DTC     arch/arm64/boot/dts/amlogic/meson-g12b-bananapi-cm4-cm4io.dtb
  DTC     arch/arm64/boot/dts/allwinner/sun50i-h6-pine-h64-model-b.dtb
  DTC     arch/arm64/boot/dts/renesas/r9a07g043u11-smarc.dtb
  DTC     arch/arm64/boot/dts/ti/k3-am625-phyboard-lyra-rdk.dtb
  DTC     arch/arm64/boot/dts/renesas/r9a07g043u11-smarc-cru-csi-ov5645.dtbo
  HDRINST usr/include/linux/switchtec_ioctl.h
  HDRINST usr/include/linux/seg6_iptunnel.h
  DTC     arch/arm64/boot/dts/allwinner/sun50i-h6-taiqicat-a01.dtb
  DTC     arch/arm64/boot/dts/apple/t8010-d11.dtb
  DTC     arch/arm64/boot/dts/ti/k3-am625-sk.dtb
  DTC     arch/arm64/boot/dts/ti/k3-am625-verdin-nonwifi-dahlia.dtb
  DTC     arch/arm64/boot/dts/xilinx/avnet-ultra96-rev1.dtb
  DTC     arch/arm64/boot/dts/amlogic/meson-g12b-bananapi-cm4-mnt-reform2.dtb
  DTC     arch/arm64/boot/dts/xilinx/zynqmp-zc1232-revA.dtb
  DTC     arch/arm64/boot/dts/allwinner/sun50i-h6-tanix-tx6.dtb
  DTC     arch/arm64/boot/dts/marvell/armada-8040-puzzle-m801.dtb
  DTC     arch/arm64/boot/dts/xilinx/zynqmp-zc1254-revA.dtb
  DTC     arch/arm64/boot/dts/rockchip/rk3308-rock-pi-s.dtb
  DTC     arch/arm64/boot/dts/freescale/fsl-ls1046a-qds.dtb
  HDRINST usr/include/linux/dlm_device.h
  DTC     arch/arm64/boot/dts/rockchip/rk3308-rock-s0.dtb
  DTC     arch/arm64/boot/dts/xilinx/zynqmp-zc1751-xm015-dc1.dtb
  DTC     arch/arm64/boot/dts/freescale/fsl-ls1046a-rdb.dtb
  DTC     arch/arm64/boot/dts/freescale/fsl-ls1046a-tqmls1046a-mbls10xxa.dtb
  HDRINST usr/include/linux/if_bonding.h
  DTC     arch/arm64/boot/dts/allwinner/sun50i-h6-tanix-tx6-mini.dtb
  DTC     arch/arm64/boot/dts/marvell/armada-8080-db.dtb
  HDRINST usr/include/linux/cgroupstats.h
  DTC     arch/arm64/boot/dts/renesas/r9a07g043u11-smarc-du-adv7513.dtbo
  DTC     arch/arm64/boot/dts/allwinner/sun50i-h313-tanix-tx1.dtb
  DTC     arch/arm64/boot/dts/marvell/cn9130-db.dtb
  HDRINST usr/include/linux/virtio_bt.h
  HDRINST usr/include/linux/bits.h
  HDRINST usr/include/linux/magic.h
  DTC     arch/arm64/boot/dts/qcom/ipq5018-tplink-archer-ax55-v1.dtb
  HOSTLD  scripts/sorttable
  DTC     arch/arm64/boot/dts/apple/t8010-j171.dtb
  HDRINST usr/include/linux/netfilter_ipv4/ipt_LOG.h
  DTC     arch/arm64/boot/dts/qcom/ipq5210-rdp504.dtb
  DTC     arch/arm64/boot/dts/xilinx/zynqmp-zc1751-xm016-dc2.dtb
  DTC     arch/arm64/boot/dts/rockchip/rk3308-sakurapi-rk3308b.dtb
  DTC     arch/arm64/boot/dts/ti/k3-am625-verdin-nonwifi-dev.dtb
  DTC     arch/arm64/boot/dts/qcom/ipq5332-rdp441.dtb
  DTC     arch/arm64/boot/dts/rockchip/rk3318-a95x-z2.dtb
  DTC     arch/arm64/boot/dts/renesas/r9a07g043-smarc-pmod.dtbo
  DTC     arch/arm64/boot/dts/ti/k3-am625-verdin-nonwifi-ivy.dtb
  DTC     arch/arm64/boot/dts/freescale/fsl-ls1088a-qds.dtb
  DTC     arch/arm64/boot/dts/freescale/fsl-ls1088a-rdb.dtb
  DTC     arch/arm64/boot/dts/amlogic/meson-g12b-dreambox-one.dtb
  DTC     arch/arm64/boot/dts/freescale/fsl-ls1088a-ten64.dtb
  DTC     arch/arm64/boot/dts/xilinx/zynqmp-zc1751-xm017-dc3.dtb
  DTC     arch/arm64/boot/dts/ti/k3-am625-verdin-nonwifi-mallow.dtb
  DTC     arch/arm64/boot/dts/nvidia/tegra234-p3740-0002+p3701-0008.dtb
  DTC     arch/arm64/boot/dts/rockchip/rk3326-anbernic-rg351m.dtb
  DTC     arch/arm64/boot/dts/allwinner/sun50i-h313-x96q.dtb
  HDRINST usr/include/linux/netfilter_ipv4/ip_tables.h
  HOSTLD  scripts/tracepoint-update
  DTC     arch/arm64/boot/dts/freescale/fsl-ls1088a-tqmls1088a-mbls10xxa.dtb
  DTC     arch/arm64/boot/dts/amlogic/meson-g12b-dreambox-two.dtb
  DTC     arch/arm64/boot/dts/amlogic/meson-g12b-gsking-x.dtb
  DTC     arch/arm64/boot/dts/freescale/fsl-ls2080a-qds.dtb
  DTC     arch/arm64/boot/dts/marvell/cn9130-db-B.dtb
  DTC     arch/arm64/boot/dts/amlogic/meson-g12b-gtking-pro.dtb
  DTC     arch/arm64/boot/dts/ti/k3-am625-verdin-nonwifi-yavia.dtb
  DTC     arch/arm64/boot/dts/apple/t8010-j172.dtb
  DTC     arch/arm64/boot/dts/amlogic/meson-g12b-gtking.dtb
  OVL     arch/arm64/boot/dts/renesas/r9a07g043u11-smarc-cru-csi-ov5645.dtb
  HDRINST usr/include/linux/netfilter_ipv4/ipt_ah.h
  HDRINST usr/include/linux/netfilter_ipv4/ipt_REJECT.h
  DTC     arch/arm64/boot/dts/xilinx/zynqmp-zc1751-xm018-dc4.dtb
  DTC     arch/arm64/boot/dts/freescale/fsl-ls2080a-rdb.dtb
  HDRINST usr/include/linux/netfilter_ipv4/ipt_ECN.h
  DTC     arch/arm64/boot/dts/qcom/ipq5332-rdp442.dtb
  HDRINST usr/include/linux/netfilter_ipv4/ipt_ecn.h
  OVL     arch/arm64/boot/dts/renesas/r9a07g043u11-smarc-du-adv7513.dtb
  OVL     arch/arm64/boot/dts/renesas/r9a07g043u11-smarc-pmod.dtb
  DTC     arch/arm64/boot/dts/apple/t8010-j71b.dtb
  HDRINST usr/include/linux/netfilter_ipv4/ipt_ttl.h
  DTC     arch/arm64/boot/dts/allwinner/sun50i-h616-bigtreetech-cb1-manta.dtb
  DTC     arch/arm64/boot/dts/marvell/cn9131-db.dtb
  DTC     arch/arm64/boot/dts/apple/t8010-j72b.dtb
  DTC     arch/arm64/boot/dts/freescale/fsl-ls2081a-rdb.dtb
  DTC     arch/arm64/boot/dts/renesas/r9a07g044c2-smarc.dtb
  DTC     arch/arm64/boot/dts/renesas/r9a07g044c2-smarc-cru-csi-ov5645.dtbo
  HDRINST usr/include/linux/netfilter_ipv4/ipt_CLUSTERIP.h
  DTC     arch/arm64/boot/dts/renesas/r9a07g044l2-remi-pi.dtb
  DTC     arch/arm64/boot/dts/nvidia/tegra234-p3768-0000+p3767-0000.dtb
  DTC     arch/arm64/boot/dts/rockchip/rk3326-anbernic-rg351v.dtb
  DTC     arch/arm64/boot/dts/nvidia/tegra234-p3768-0000+p3767-0005.dtb
  DTC     arch/arm64/boot/dts/amlogic/meson-g12b-a311d-libretech-cc.dtb
  DTC     arch/arm64/boot/dts/qcom/ipq5332-rdp468.dtb
  DTC     arch/arm64/boot/dts/rockchip/rk3326-gameforce-chi.dtb
  DTC     arch/arm64/boot/dts/renesas/r9a07g044l2-smarc.dtb
  DTC     arch/arm64/boot/dts/allwinner/sun50i-h616-bigtreetech-pi.dtb
  DTC     arch/arm64/boot/dts/renesas/r9a07g044l2-smarc-cru-csi-ov5645.dtbo
  DTC     arch/arm64/boot/dts/ti/k3-am625-verdin-nonwifi-zinnia.dtb
  DTC     arch/arm64/boot/dts/xilinx/zynqmp-zc1751-xm019-dc5.dtb
  DTC     arch/arm64/boot/dts/renesas/r9a07g054l2-smarc.dtb
  DTC     arch/arm64/boot/dts/renesas/r9a07g054l2-smarc-cru-csi-ov5645.dtbo
  HDRINST usr/include/linux/netfilter_ipv4/ipt_TTL.h
  DTC     arch/arm64/boot/dts/xilinx/zynqmp-zcu100-revC.dtb
  DTC     arch/arm64/boot/dts/xilinx/zynqmp-zcu102-revA.dtb
  DTC     arch/arm64/boot/dts/ti/k3-am625-verdin-wifi-dahlia.dtb
  DTC     arch/arm64/boot/dts/amlogic/meson-g12b-odroid-go-ultra.dtb
  DTC     arch/arm64/boot/dts/ti/k3-am625-verdin-wifi-dev.dtb
  DTC     arch/arm64/boot/dts/freescale/fsl-ls2080a-simu.dtb
  DTC     arch/arm64/boot/dts/apple/t8010-n112.dtb
  DTC     arch/arm64/boot/dts/marvell/cn9131-db-B.dtb
  DTC     arch/arm64/boot/dts/rockchip/rk3326-odroid-go2.dtb
  DTC     arch/arm64/boot/dts/xilinx/zynqmp-zcu102-revB.dtb
  DTC     arch/arm64/boot/dts/apple/t8011-j105a.dtb
  DTC     arch/arm64/boot/dts/allwinner/sun50i-h616-orangepi-zero2.dtb
  DTC     arch/arm64/boot/dts/nvidia/tegra264-p3971-0089+p3834-0008.dtb
  DTC     arch/arm64/boot/dts/marvell/cn9132-db.dtb
  HDRINST usr/include/linux/tiocl.h
  DTC     arch/arm64/boot/dts/rockchip/rk3326-odroid-go2-v11.dtb
  DTC     arch/arm64/boot/dts/qcom/ipq5332-rdp474.dtb
  HDRINST usr/include/linux/ila.h
  DTC     arch/arm64/boot/dts/allwinner/sun50i-h616-x96-mate.dtb
  DTC     arch/arm64/boot/dts/marvell/cn9132-db-B.dtb
  DTC     arch/arm64/boot/dts/renesas/r9a08g045s33-smarc.dtb
  DTC     arch/arm64/boot/dts/allwinner/sun50i-h618-longanpi-3h.dtb
  DTC     arch/arm64/boot/dts/amlogic/meson-g12b-odroid-n2-plus.dtb
  DTC     arch/arm64/boot/dts/ti/k3-am625-verdin-wifi-ivy.dtb
  DTC     arch/arm64/boot/dts/amlogic/meson-g12b-odroid-n2.dtb
  DTC     arch/arm64/boot/dts/amlogic/meson-g12b-odroid-n2l.dtb
  HDRINST usr/include/linux/sysinfo.h
  DTC     arch/arm64/boot/dts/freescale/fsl-ls2088a-qds.dtb
  DTC     arch/arm64/boot/dts/marvell/cn9130-crb-A.dtb
  DTC     arch/arm64/boot/dts/amlogic/meson-g12b-radxa-zero2.dtb
  DTC     arch/arm64/boot/dts/apple/t8011-j120.dtb
  DTC     arch/arm64/boot/dts/marvell/cn9130-crb-B.dtb
  DTC     arch/arm64/boot/dts/allwinner/sun50i-h618-orangepi-zero2w.dtb
  DTC     arch/arm64/boot/dts/xilinx/zynqmp-zcu102-rev1.0.dtb
  DTC     arch/arm64/boot/dts/renesas/r9a08g045s33-smarc-pmod1-type-3a.dtbo
  DTC     arch/arm64/boot/dts/freescale/fsl-ls2088a-rdb.dtb
  DTC     arch/arm64/boot/dts/qcom/ipq5424-rdp466.dtb
  HDRINST usr/include/linux/hiddev.h
  HDRINST usr/include/linux/veth.h
  DTC     arch/arm64/boot/dts/renesas/r9a08g046l48-smarc.dtb
  HDRINST usr/include/linux/cyclades.h
  DTC     arch/arm64/boot/dts/ti/k3-am625-verdin-wifi-mallow.dtb
  HDRINST usr/include/linux/vsockmon.h
  DTC     arch/arm64/boot/dts/apple/t8011-j121.dtb
  DTC     arch/arm64/boot/dts/allwinner/sun50i-h618-orangepi-zero3.dtb
  DTC     arch/arm64/boot/dts/rockchip/rk3326-odroid-go3.dtb
  DTC     arch/arm64/boot/dts/marvell/ac5x-rd-carrier-cn9131.dtb
  DTC     arch/arm64/boot/dts/marvell/ac5-98dx35xx-rd.dtb
  DTC     arch/arm64/boot/dts/apple/t8011-j207.dtb
  DTC     arch/arm64/boot/dts/renesas/r9a09g011-v2mevk2.dtb
  DTC     arch/arm64/boot/dts/renesas/r9a09g056n48-rzv2n-evk.dtb
  DTC     arch/arm64/boot/dts/renesas/rzv2-evk-cn15-emmc.dtbo
  DTC     arch/arm64/boot/dts/marvell/cn9130-cf-base.dtb
  HDRINST usr/include/linux/romfs_fs.h
  DTC     arch/arm64/boot/dts/freescale/fsl-lx2160a-bluebox3.dtb
  DTC     arch/arm64/boot/dts/marvell/cn9130-cf-pro.dtb
  HDRINST usr/include/linux/tipc_config.h
  HDRINST usr/include/linux/auto_fs4.h
  DTC     arch/arm64/boot/dts/freescale/fsl-lx2160a-bluebox3-rev-a.dtb
  DTC     arch/arm64/boot/dts/rockchip/rk3328-a1.dtb
  DTC     arch/arm64/boot/dts/marvell/cn9131-cf-solidwan.dtb
  DTC     arch/arm64/boot/dts/amlogic/meson-g12b-s922x-bananapi-m2s.dtb
  DTC     arch/arm64/boot/dts/amlogic/meson-g12b-s922x-khadas-vim3.dtb
  DTC     arch/arm64/boot/dts/xilinx/zynqmp-zcu102-rev1.1.dtb
  DTC     arch/arm64/boot/dts/rockchip/rk3328-evb.dtb
  DTC     arch/arm64/boot/dts/qcom/ipq6018-cp01-c1.dtb
  DTC     arch/arm64/boot/dts/marvell/cn9132-clearfog.dtb
  DTC     arch/arm64/boot/dts/qcom/ipq8074-hk01.dtb
  DTC     arch/arm64/boot/dts/xilinx/zynqmp-zcu104-revA.dtb
  DTC     arch/arm64/boot/dts/rockchip/rk3328-nanopi-r2c.dtb
  DTC     arch/arm64/boot/dts/xilinx/zynqmp-zcu104-revC.dtb
  HDRINST usr/include/linux/dlm.h
  DTC     arch/arm64/boot/dts/allwinner/sun50i-h618-transpeed-8k618-t.dtb
  DTC     arch/arm64/boot/dts/xilinx/zynqmp-zcu106-revA.dtb
  DTC     arch/arm64/boot/dts/xilinx/zynqmp-zcu111-revA.dtb
  DTC     arch/arm64/boot/dts/xilinx/zynqmp-zcu1275-revA.dtb
  HDRINST usr/include/linux/atm_zatm.h
  HDRINST usr/include/linux/tipc_sockets_diag.h
  DTC     arch/arm64/boot/dts/apple/t8011-j208.dtb
  DTC     arch/arm64/boot/dts/nvidia/tegra264-p4071-0000+p3834-0008.dtb
  DTC     arch/arm64/boot/dts/apple/t8012-j132.dtb
  DTC     arch/arm64/boot/dts/renesas/rzv2-evk-cn15-sd.dtbo
  DTC     arch/arm64/boot/dts/ti/k3-am625-verdin-wifi-yavia.dtb
  DTC     arch/arm64/boot/dts/ti/k3-am625-verdin-wifi-zinnia.dtb
  DTC     arch/arm64/boot/dts/apple/t8012-j137.dtb
  DTC     arch/arm64/boot/dts/ti/k3-am62x-phyboard-lyra-gpio-fan.dtbo
  DTC     arch/arm64/boot/dts/qcom/ipq8074-hk10-c1.dtb
  DTC     arch/arm64/boot/dts/ti/k3-am62-lp-sk.dtb
  HDRINST usr/include/linux/netfilter_arp.h
  DTC     arch/arm64/boot/dts/qcom/ipq8074-hk10-c2.dtb
  HDRINST usr/include/linux/amt.h
  DTC     arch/arm64/boot/dts/ti/k3-am62-lp-sk-nand.dtbo
  DTC     arch/arm64/boot/dts/allwinner/sun50i-h618-yuzukihd-chameleon.dtb
  HDRINST usr/include/linux/rpmsg_types.h
  DTC     arch/arm64/boot/dts/amlogic/meson-g12b-ugoos-am6.dtb
  DTC     arch/arm64/boot/dts/freescale/fsl-lx2160a-clearfog-cx.dtb
  DTC     arch/arm64/boot/dts/renesas/r9a09g057h44-rzv2h-evk.dtb
  DTC     arch/arm64/boot/dts/ti/k3-am62-pocketbeagle2.dtb
  DTC     arch/arm64/boot/dts/renesas/r9a09g057h48-kakip.dtb
  DTC     arch/arm64/boot/dts/renesas/r9a09g057h48-kakip-pixpaper.dtbo
  DTC     arch/arm64/boot/dts/amlogic/meson-gxbb-kii-pro.dtb
  DTC     arch/arm64/boot/dts/apple/t8012-j140a.dtb
  HDRINST usr/include/linux/i2c.h
  HDRINST usr/include/linux/xfrm.h
  DTC     arch/arm64/boot/dts/ti/k3-am6254atl-sk.dtb
  DTC     arch/arm64/boot/dts/rockchip/rk3328-nanopi-r2c-plus.dtb
  DTC     arch/arm64/boot/dts/ti/k3-am62a7-sk.dtb
  DTC     arch/arm64/boot/dts/renesas/r9a09g077m44-rzt2h-evk.dtb
  DTC     arch/arm64/boot/dts/amlogic/meson-gxbb-nanopi-k2.dtb
  DTC     arch/arm64/boot/dts/xilinx/zynqmp-sm-k26-revA.dtb
  DTC     arch/arm64/boot/dts/allwinner/sun50i-h700-anbernic-rg35xx-2024.dtb
  DTC     arch/arm64/boot/dts/amlogic/meson-gxbb-nexbox-a95x.dtb
  DTC     arch/arm64/boot/dts/xilinx/zynqmp-smk-k26-revA.dtb
  DTC     arch/arm64/boot/dts/renesas/r9a09g087m44-rzn2h-evk.dtb
  HDRINST usr/include/linux/bpqether.h
  DTC     arch/arm64/boot/dts/renesas/draak-ebisu-panel-aa104xd12.dtbo
  DTC     arch/arm64/boot/dts/ti/k3-am62a7-phyboard-lyra-rdk.dtb
  DTC     arch/arm64/boot/dts/qcom/ipq9574-rdp418.dtb
  DTC     arch/arm64/boot/dts/qcom/ipq9574-rdp418-emmc.dtb
  DTC     arch/arm64/boot/dts/freescale/fsl-lx2160a-honeycomb.dtb
  DTC     arch/arm64/boot/dts/freescale/fsl-lx2160a-qds.dtb
  HDRINST usr/include/linux/param.h
  DTC     arch/arm64/boot/dts/rockchip/rk3328-nanopi-r2s.dtb
  DTC     arch/arm64/boot/dts/apple/t8012-j140k.dtb
  HDRINST usr/include/linux/user_events.h
  DTC     arch/arm64/boot/dts/rockchip/rk3328-nanopi-r2s-plus.dtb
  DTC     arch/arm64/boot/dts/apple/t8012-j152f.dtb
  DTC     arch/arm64/boot/dts/apple/t8012-j160.dtb
  DTC     arch/arm64/boot/dts/renesas/salvator-panel-aa104xd12.dtbo
  DTC     arch/arm64/boot/dts/apple/t8012-j174.dtb
  DTC     arch/arm64/boot/dts/rockchip/rk3328-orangepi-r1-plus.dtb
  OVL     arch/arm64/boot/dts/renesas/r9a07g044c2-smarc-cru-csi-ov5645.dtb
  OVL     arch/arm64/boot/dts/renesas/r9a07g044l2-smarc-cru-csi-ov5645.dtb
  DTC     arch/arm64/boot/dts/rockchip/rk3328-orangepi-r1-plus-lts.dtb
  DTC     arch/arm64/boot/dts/ti/k3-am62d2-evm.dtb
  DTC     arch/arm64/boot/dts/amlogic/meson-gxbb-odroidc2.dtb
  OVL     arch/arm64/boot/dts/renesas/r9a07g054l2-smarc-cru-csi-ov5645.dtb
  DTC     arch/arm64/boot/dts/ti/k3-am62l3-evm.dtb
  DTC     arch/arm64/boot/dts/allwinner/sun50i-h700-anbernic-rg35xx-h.dtb
  DTC     arch/arm64/boot/dts/apple/t8012-j185.dtb
  HDRINST usr/include/linux/reboot.h
  OVL     arch/arm64/boot/dts/renesas/r9a08g045s33-smarc-pmod1-type-3a.dtb
  DTC     arch/arm64/boot/dts/qcom/ipq9574-rdp433.dtb
  DTC     arch/arm64/boot/dts/xilinx/zynqmp-sck-kv-g-revA.dtbo
  DTC     arch/arm64/boot/dts/ti/k3-am62p5-sk.dtb
  HDRINST usr/include/linux/un.h
  DTC     arch/arm64/boot/dts/amlogic/meson-gxbb-p200.dtb
  OVL     arch/arm64/boot/dts/renesas/r9a09g056n48-rzv2n-evk-cn15-emmc.dtb
  HDRINST usr/include/linux/signal.h
  DTC     arch/arm64/boot/dts/amlogic/meson-gxbb-p201.dtb
  DTC     arch/arm64/boot/dts/apple/t8012-j185f.dtb
  DTC     arch/arm64/boot/dts/allwinner/sun50i-h700-anbernic-rg35xx-plus.dtb
  HDRINST usr/include/linux/hidraw.h
  DTC     arch/arm64/boot/dts/rockchip/rk3328-rock64.dtb
  DTC     arch/arm64/boot/dts/rockchip/rk3328-rock-pi-e.dtb
  DTC     arch/arm64/boot/dts/rockchip/rk3328-roc-cc.dtb
  DTC     arch/arm64/boot/dts/freescale/fsl-lx2160a-rdb.dtb
  DTC     arch/arm64/boot/dts/xilinx/zynqmp-sck-kv-g-revB.dtbo
  DTC     arch/arm64/boot/dts/allwinner/sun50i-h700-anbernic-rg35xx-sp.dtb
  DTC     arch/arm64/boot/dts/rockchip/rk3328-roc-pc.dtb
  OVL     arch/arm64/boot/dts/renesas/r9a09g056n48-rzv2n-evk-cn15-sd.dtb
  DTC     arch/arm64/boot/dts/freescale/fsl-lx2162a-clearfog.dtb
  DTC     arch/arm64/boot/dts/freescale/fsl-lx2162a-qds.dtb
  HDRINST usr/include/linux/virtio_fs.h
  OVL     arch/arm64/boot/dts/renesas/r9a09g057h44-rzv2h-evk-cn15-emmc.dtb
  DTC     arch/arm64/boot/dts/allwinner/sun55i-a527-cubie-a5e.dtb
  DTC     arch/arm64/boot/dts/qcom/ipq9574-rdp433-emmc.dtb
  DTC     arch/arm64/boot/dts/xilinx/zynqmp-sck-kr-g-revA.dtbo
  DTC     arch/arm64/boot/dts/ti/k3-am62p5-var-som-symphony.dtb
  DTC     arch/arm64/boot/dts/amlogic/meson-gxbb-vega-s95-meta.dtb
  HDRINST usr/include/linux/ethtool_netlink_generated.h
  DTC     arch/arm64/boot/dts/freescale/fsl-ls1028a-qds-13bb.dtbo
  HDRINST usr/include/linux/virtio_vsock.h
  DTC     arch/arm64/boot/dts/apple/t8012-j213.dtb
  OVL     arch/arm64/boot/dts/renesas/r9a09g057h44-rzv2h-evk-cn15-sd.dtb
  DTC     arch/arm64/boot/dts/apple/t8012-j215.dtb
  DTC     arch/arm64/boot/dts/allwinner/sun55i-h728-x96qpro+.dtb
  DTC     arch/arm64/boot/dts/apple/t8012-j223.dtb
  OVL     arch/arm64/boot/dts/renesas/r9a09g057h48-kakip-pixpaper.dtb
  DTC     arch/arm64/boot/dts/rockchip/rk3368-evb-act8846.dtb
  DTC     arch/arm64/boot/dts/ti/k3-am62p5-verdin-nonwifi-dahlia.dtb
  DTC     arch/arm64/boot/dts/allwinner/sun55i-t527-avaota-a1.dtb
  HDRINST usr/include/linux/acrn.h
  DTC     arch/arm64/boot/dts/qcom/ipq9574-rdp449.dtb
  DTC     arch/arm64/boot/dts/rockchip/rk3368-geekbox.dtb
  DTC     arch/arm64/boot/dts/amlogic/meson-gxbb-vega-s95-pro.dtb
  DTC     arch/arm64/boot/dts/freescale/fsl-ls1028a-qds-65bb.dtbo
  DTC     arch/arm64/boot/dts/freescale/fsl-ls1028a-qds-7777.dtbo
  DTC     arch/arm64/boot/dts/freescale/fsl-ls1028a-qds-85bb.dtbo
  HDRINST usr/include/linux/watch_queue.h
  DTC     arch/arm64/boot/dts/allwinner/sun55i-t527-orangepi-4a.dtb
  DTC     arch/arm64/boot/dts/freescale/fsl-ls1028a-qds-899b.dtbo
  GEN     arch/arm64/include/generated/asm/cpucap-defs.h
  HDRINST usr/include/linux/tipc.h
  DTC     arch/arm64/boot/dts/rockchip/rk3368-lba3368.dtb
  HDRINST usr/include/linux/omap3isp.h
  GEN     arch/arm64/include/generated/asm/kernel-hwcap.h
  DTC     arch/arm64/boot/dts/xilinx/zynqmp-sck-kr-g-revB.dtbo
  HDRINST usr/include/linux/sched/types.h
  OVL     arch/arm64/boot/dts/xilinx/zynqmp-smk-k26-revA-sck-kr-g-revA.dtb
  HDRINST usr/include/linux/lsm.h
  GEN     arch/arm64/include/generated/asm/sysreg-defs.h
  DTC     arch/arm64/boot/dts/rockchip/rk3368-lion-haikou.dtb
  DTC     arch/arm64/boot/dts/rockchip/rk3368-lion-haikou-video-demo.dtbo
  HDRINST usr/include/linux/mdio.h
  DTC     arch/arm64/boot/dts/xilinx/zynqmp-sm-k24-revA.dtb
  DTC     arch/arm64/boot/dts/qcom/ipq9574-rdp453.dtb
  DTC     arch/arm64/boot/dts/apple/t8012-j230k.dtb
  DTC     arch/arm64/boot/dts/qcom/ipq9574-rdp454.dtb
  DTC     arch/arm64/boot/dts/ti/k3-am62p5-verdin-nonwifi-dev.dtb
  DTC     arch/arm64/boot/dts/qcom/kaanapali-mtp.dtb
  DTC     arch/arm64/boot/dts/freescale/fsl-ls1028a-qds-9999.dtbo
  DTC     arch/arm64/boot/dts/xilinx/zynqmp-sck-kd-g-revA.dtbo
  DTC     arch/arm64/boot/dts/rockchip/rk3368-orion-r68-meta.dtb
  HDRINST usr/include/linux/vm_sockets_diag.h
  DTC     arch/arm64/boot/dts/apple/t8012-j214k.dtb
  DTC     arch/arm64/boot/dts/rockchip/rk3368-px5-evb.dtb
  DTC     arch/arm64/boot/dts/rockchip/rk3368-r88.dtb
  HDRINST usr/include/linux/psp-sev.h
  DTC     arch/arm64/boot/dts/amlogic/meson-gxbb-vega-s95-telos.dtb
  DTC     arch/arm64/boot/dts/rockchip/rk3399-eaidk-610.dtb
  DTC     arch/arm64/boot/dts/freescale/fsl-lx2160a-tqmlx2160a-mblx2160a.dtb
  DTC     arch/arm64/boot/dts/ti/k3-am62p5-verdin-nonwifi-ivy.dtb
  DTC     arch/arm64/boot/dts/xilinx/zynqmp-smk-k24-revA.dtb
  DTC     arch/arm64/boot/dts/ti/k3-am62p5-verdin-nonwifi-mallow.dtb
  DTC     arch/arm64/boot/dts/rockchip/rk3399-evb.dtb
  DTC     arch/arm64/boot/dts/rockchip/rk3399-evb-ind.dtb
  DTC     arch/arm64/boot/dts/xilinx/versal-net-vn-x-b2197-01-revA.dtb
  HDRINST usr/include/linux/soundcard.h
  DTC     arch/arm64/boot/dts/rockchip/rk3399-ficus.dtb
  DTC     arch/arm64/boot/dts/ti/k3-am62p5-verdin-nonwifi-yavia.dtb
  DTC     arch/arm64/boot/dts/freescale/fsl-lx2160a-tqmlx2160a-mblx2160a_12_x_x.dtbo
  DTC     arch/arm64/boot/dts/rockchip/rk3399-firefly.dtb
  HDRINST usr/include/linux/thp7312.h
  DTC     arch/arm64/boot/dts/ti/k3-am62p5-verdin-wifi-dahlia.dtb
  DTC     arch/arm64/boot/dts/rockchip/rk3399-gru-bob.dtb
  DTC     arch/arm64/boot/dts/ti/k3-am62p5-verdin-wifi-dev.dtb
  DTC     arch/arm64/boot/dts/amlogic/meson-gxbb-wetek-hub.dtb
  DTC     arch/arm64/boot/dts/freescale/fsl-lx2160a-tqmlx2160a-mblx2160a_x_11_x.dtbo
  DTC     arch/arm64/boot/dts/apple/t8012-j680.dtb
  DTC     arch/arm64/boot/dts/freescale/fsl-lx2160a-tqmlx2160a-mblx2160a_x_8_x.dtbo
  DTC     arch/arm64/boot/dts/freescale/fsl-lx2160a-tqmlx2160a-mblx2160a_x_7_x.dtbo
  DTC     arch/arm64/boot/dts/rockchip/rk3399-gru-kevin.dtb
  DTC     arch/arm64/boot/dts/amlogic/meson-gxbb-wetek-play2.dtb
  DTC     arch/arm64/boot/dts/ti/k3-am62p5-verdin-wifi-ivy.dtb
  HDRINST usr/include/linux/iso_fs.h
  HDRINST usr/include/linux/map_to_14segment.h
  DTC     arch/arm64/boot/dts/apple/t8012-j780.dtb
  DTC     arch/arm64/boot/dts/rockchip/rk3399-gru-scarlet-dumo.dtb
  DTC     arch/arm64/boot/dts/amlogic/meson-gxl-s805x-libretech-ac.dtb
  OVL     arch/arm64/boot/dts/xilinx/zynqmp-sm-k26-revA-sck-kv-g-revA.dtb
  DTC     arch/arm64/boot/dts/apple/t8015-d201.dtb
  DTC     arch/arm64/boot/dts/rockchip/rk3399-gru-scarlet-inx.dtb
  DTC     arch/arm64/boot/dts/ti/k3-am62p5-verdin-wifi-mallow.dtb
  HDRINST usr/include/linux/sed-opal.h
  DTC     arch/arm64/boot/dts/ti/k3-am62p5-verdin-wifi-yavia.dtb
  DTC     arch/arm64/boot/dts/rockchip/rk3399-gru-scarlet-kd.dtb
  DTC     arch/arm64/boot/dts/apple/t8015-d20.dtb
  DTC     arch/arm64/boot/dts/rockchip/rk3399-hugsun-x99.dtb
  DTC     arch/arm64/boot/dts/amlogic/meson-gxl-s805x-p241.dtb
  DTC     arch/arm64/boot/dts/rockchip/rk3399-khadas-edge.dtb
  OVL     arch/arm64/boot/dts/xilinx/zynqmp-sm-k26-revA-sck-kv-g-revB.dtb
  DTC     arch/arm64/boot/dts/ti/k3-am62x-sk-csi2-ov5640.dtbo
  DTC     arch/arm64/boot/dts/freescale/fsl-lx2160a-tqmlx2160a-mblx2160a_14_x_x.dtbo
  DTC     arch/arm64/boot/dts/amlogic/meson-gxl-s805y-xiaomi-aquaman.dtb
  OVL     arch/arm64/boot/dts/xilinx/zynqmp-smk-k26-revA-sck-kv-g-revA.dtb
  DTC     arch/arm64/boot/dts/apple/t8015-d211.dtb
  DTC     arch/arm64/boot/dts/rockchip/rk3399-khadas-edge-captain.dtb
  HDRINST usr/include/linux/android/binderfs.h
  DTC     arch/arm64/boot/dts/freescale/imx8dx-colibri-aster.dtb
  DTC     arch/arm64/boot/dts/amlogic/meson-gxl-s905d-libretech-pc.dtb
  DTC     arch/arm64/boot/dts/qcom/kaanapali-qrd.dtb
  DTC     arch/arm64/boot/dts/ti/k3-am62x-sk-csi2-tevi-ov5640.dtbo
  DTC     arch/arm64/boot/dts/freescale/imx8dx-colibri-eval-v3.dtb
  CC      scripts/mod/empty.o
  DTC     arch/arm64/boot/dts/amlogic/meson-gxl-s905d-mecool-kii-pro.dtb
  DTC     arch/arm64/boot/dts/freescale/imx8dx-colibri-iris-v2.dtb
  DTC     arch/arm64/boot/dts/apple/t8015-d21.dtb
  DTC     arch/arm64/boot/dts/ti/k3-am62x-sk-csi2-imx219.dtbo
  DTC     arch/arm64/boot/dts/freescale/imx8dx-colibri-iris.dtb
  OVL     arch/arm64/boot/dts/xilinx/zynqmp-smk-k26-revA-sck-kv-g-revB.dtb
  DTC     arch/arm64/boot/dts/ti/k3-am62x-sk-hdmi-audio.dtbo
  HDRINST usr/include/linux/android/binder_netlink.h
  HDRINST usr/include/linux/android/binder.h
  DTC     arch/arm64/boot/dts/qcom/lemans-evk.dtb
  DTC     arch/arm64/boot/dts/rockchip/rk3399-khadas-edge-v.dtb
  DTC     arch/arm64/boot/dts/ti/k3-am642-evm.dtb
  DTC     arch/arm64/boot/dts/ti/k3-am642-evm-icssg0.dtbo
  DTC     arch/arm64/boot/dts/rockchip/rk3399-kobol-helios64.dtb
  DTC     arch/arm64/boot/dts/rockchip/rk3399-leez-p710.dtb
  DTC     arch/arm64/boot/dts/freescale/imx8dxl-evk.dtb
  DTC     arch/arm64/boot/dts/apple/t8015-d221.dtb
  DTC     arch/arm64/boot/dts/apple/t8015-d22.dtb
  DTC     arch/arm64/boot/dts/freescale/imx-pcie0-ep.dtbo
  DTC     arch/arm64/boot/dts/freescale/imx8dxp-tqma8xdp-mba8xx.dtb
  HDRINST usr/include/linux/dns_resolver.h
  DTC     arch/arm64/boot/dts/freescale/imx8dxp-tqma8xdps-mb-smarc-2.dtb
  DTC     arch/arm64/boot/dts/ti/k3-am642-evm-icssg1-dualemac.dtbo
  DTC     arch/arm64/boot/dts/apple/t8103-j274.dtb
  OVL     arch/arm64/boot/dts/xilinx/zynqmp-sm-k26-revA-sck-kr-g-revA.dtb
  DTC     arch/arm64/boot/dts/qcom/lemans-evk-camera-csi1-imx577.dtbo
  DTC     arch/arm64/boot/dts/amlogic/meson-gxl-s905d-p230.dtb
  DTC     arch/arm64/boot/dts/freescale/imx8mm-beacon-kit.dtb
  HDRINST usr/include/linux/fou.h
  OVL     arch/arm64/boot/dts/xilinx/zynqmp-sm-k26-revA-sck-kr-g-revB.dtb
  HOSTCC  scripts/mod/mk_elfconfig
  DTC     arch/arm64/boot/dts/rockchip/rk3399-nanopc-t4.dtb
  CC      scripts/mod/devicetable-offsets.s
  DTC     arch/arm64/boot/dts/apple/t8103-j293.dtb
  DTC     arch/arm64/boot/dts/rockchip/rk3399-nanopc-t4-hd702e.dtbo
  DTC     arch/arm64/boot/dts/apple/t8103-j313.dtb
  DTC     arch/arm64/boot/dts/qcom/lemans-evk-camera.dtbo
  OVL     arch/arm64/boot/dts/xilinx/zynqmp-smk-k26-revA-sck-kr-g-revB.dtb
  DTC     arch/arm64/boot/dts/freescale/imx8mm-data-modul-edm-sbc.dtb
  DTC     arch/arm64/boot/dts/rockchip/rk3399-nanopi-m4.dtb
  HDRINST usr/include/linux/map_to_7segment.h
  HDRINST usr/include/linux/pkt_sched.h
  DTC     arch/arm64/boot/dts/ti/k3-am642-evm-icssg1-dualemac-mii.dtbo
  HDRINST usr/include/linux/futex.h
  DTC     arch/arm64/boot/dts/qcom/lemans-el2.dtbo
  DTC     arch/arm64/boot/dts/freescale/imx8mm-ddr4-evk.dtb
  DTC     arch/arm64/boot/dts/ti/k3-am642-evm-pcie0-ep.dtbo
  DTC     arch/arm64/boot/dts/amlogic/meson-gxl-s905d-p231.dtb
  DTC     arch/arm64/boot/dts/qcom/lemans-evk-ifp-mezzanine.dtbo
  DTC     arch/arm64/boot/dts/ti/k3-am642-hummingboard-t.dtb
  OVL     arch/arm64/boot/dts/xilinx/zynqmp-sm-k24-revA-sck-kd-g-revA.dtb
  DTC     arch/arm64/boot/dts/amlogic/meson-gxl-s905d-phicomm-n1.dtb
  OVL     arch/arm64/boot/dts/xilinx/zynqmp-smk-k24-revA-sck-kd-g-revA.dtb
  DTC     arch/arm64/boot/dts/amlogic/meson-gxl-s905d-sml5442tw.dtb
  HDRINST usr/include/linux/if_arp.h
  DTC     arch/arm64/boot/dts/qcom/mahua-crd.dtb
  DTC     arch/arm64/boot/dts/apple/t8103-j456.dtb
  DTC     arch/arm64/boot/dts/amlogic/meson-gxl-s905d-vero4k-plus.dtb
  HDRINST usr/include/linux/input-event-codes.h
  OVL     arch/arm64/boot/dts/xilinx/zynqmp-sm-k24-revA-sck-kv-g-revB.dtb
  DTC     arch/arm64/boot/dts/amlogic/meson-gxl-s905w-jethome-jethub-j80.dtb
  OVL     arch/arm64/boot/dts/xilinx/zynqmp-smk-k24-revA-sck-kv-g-revB.dtb
  DTC     arch/arm64/boot/dts/ti/k3-am642-hummingboard-t-pcie.dtb
  DTC     arch/arm64/boot/dts/freescale/imx8mm-emcon-avari.dtb
  DTC     arch/arm64/boot/dts/amlogic/meson-gxl-s905w-p281.dtb
  DTC     arch/arm64/boot/dts/apple/t8103-j457.dtb
  OVL     arch/arm64/boot/dts/xilinx/zynqmp-sm-k24-revA-sck-kr-g-revB.dtb
  DTC     arch/arm64/boot/dts/apple/t6000-j314s.dtb
  DTC     arch/arm64/boot/dts/qcom/milos-fairphone-fp6.dtb
  DTC     arch/arm64/boot/dts/qcom/monaco-arduino-monza.dtb
  HDRINST usr/include/linux/seg6_local.h
  DTC     arch/arm64/boot/dts/qcom/monaco-evk.dtb
  DTC     arch/arm64/boot/dts/apple/t6001-j314c.dtb
  DTC     arch/arm64/boot/dts/rockchip/rk3399-nanopi-m4b.dtb
  OVL     arch/arm64/boot/dts/xilinx/zynqmp-smk-k24-revA-sck-kr-g-revB.dtb
  DTC     arch/arm64/boot/dts/amlogic/meson-gxl-s905w-tx3-mini.dtb
  DTC     arch/arm64/boot/dts/freescale/imx8mm-emtop-baseboard.dtb
  DTC     arch/arm64/boot/dts/amlogic/meson-gxl-s905x-hwacom-amazetv.dtb
  DTC     arch/arm64/boot/dts/amlogic/meson-gxl-s905x-khadas-vim.dtb
  DTC     arch/arm64/boot/dts/apple/t6000-j316s.dtb
  HDRINST usr/include/linux/fib_rules.h
  DTC     arch/arm64/boot/dts/ti/k3-am642-hummingboard-t-usb3.dtb
  DTC     arch/arm64/boot/dts/amlogic/meson-gxl-s905x-libretech-cc-v2.dtb
  DTC     arch/arm64/boot/dts/ti/k3-am642-evm-nand.dtbo
  DTC     arch/arm64/boot/dts/ti/k3-am642-phyboard-electra-rdk.dtb
  DTC     arch/arm64/boot/dts/rockchip/rk3399-nanopi-neo4.dtb
  DTC     arch/arm64/boot/dts/ti/k3-am642-phyboard-electra-gpio-fan.dtbo
  HDRINST usr/include/linux/max2175.h
  DTC     arch/arm64/boot/dts/rockchip/rk3399-nanopi-r4s.dtb
  DTC     arch/arm64/boot/dts/freescale/imx8mm-evk.dtb
  DTC     arch/arm64/boot/dts/qcom/monaco-evk-camera-imx577.dtbo
  DTC     arch/arm64/boot/dts/amlogic/meson-gxl-s905x-libretech-cc.dtb
  HDRINST usr/include/linux/omapfb.h
  HDRINST usr/include/linux/kvm.h
  HDRINST usr/include/linux/seg6_genl.h
  DTC     arch/arm64/boot/dts/ti/k3-am642-phyboard-electra-x27-gpio1-spi1-uart3.dtbo
  DTC     arch/arm64/boot/dts/ti/k3-am642-phyboard-electra-pcie-usb2.dtbo
  DTC     arch/arm64/boot/dts/ti/k3-am642-phyboard-electra-peb-c-010.dtbo
  HDRINST usr/include/linux/if_fddi.h
  HDRINST usr/include/linux/vbox_err.h
  UPD     scripts/mod/devicetable-offsets.h
  DTC     arch/arm64/boot/dts/rockchip/rk3399-nanopi-r4s-enterprise.dtb
  DTC     arch/arm64/boot/dts/amlogic/meson-gxl-s905x-nexbox-a95x.dtb
  DTC     arch/arm64/boot/dts/freescale/imx8mm-evkb.dtb
  DTC     arch/arm64/boot/dts/apple/t6001-j316c.dtb
  DTC     arch/arm64/boot/dts/rockchip/rk3399-orangepi.dtb
  MKELF   scripts/mod/elfconfig.h
  DTC     arch/arm64/boot/dts/qcom/monaco-el2.dtbo
  DTC     arch/arm64/boot/dts/freescale/imx8mm-hummingboard-ripple.dtb
  HDRINST usr/include/linux/atmlec.h
  HOSTCC  scripts/mod/modpost.o
  DTC     arch/arm64/boot/dts/amlogic/meson-gxl-s905x-p212.dtb
  HDRINST usr/include/linux/elf.h
  DTC     arch/arm64/boot/dts/qcom/monaco-evk-ifp-mezzanine.dtbo
  DTC     arch/arm64/boot/dts/amlogic/meson-gxl-s905x-vero4k.dtb
  DTC     arch/arm64/boot/dts/freescale/imx8mm-icore-mx8mm-ctouch2.dtb
  HDRINST usr/include/misc/ocxl.h
  HDRINST usr/include/misc/pvpanic.h
  DTC     arch/arm64/boot/dts/rockchip/rk3399-pinebook-pro.dtb
  DTC     arch/arm64/boot/dts/freescale/imx8mm-icore-mx8mm-edimm2.2.dtb
  HDRINST usr/include/misc/uacce/uacce.h
  HOSTCC  scripts/mod/file2alias.o
  DTC     arch/arm64/boot/dts/amlogic/meson-gxlx-s905l-p271.dtb
  HDRINST usr/include/misc/uacce/hisi_qm.h
  HDRINST usr/include/misc/xilinx_sdfec.h
  HDRINST usr/include/misc/amd-apml.h
  DTC     arch/arm64/boot/dts/amlogic/meson-gxm-gt1-ultimate.dtb
  DTC     arch/arm64/boot/dts/ti/k3-am642-sk.dtb
  DTC     arch/arm64/boot/dts/ti/k3-am642-tqma64xxl-mbax4xxl.dtb
  DTC     arch/arm64/boot/dts/ti/k3-am64-tqma64xxl-mbax4xxl-sdcard.dtbo
  DTC     arch/arm64/boot/dts/amlogic/meson-gxm-khadas-vim2.dtb
  DTC     arch/arm64/boot/dts/freescale/imx8mm-iot-gateway.dtb
  HDRINST usr/include/misc/mrvl_cn10k_dpi.h
  DTC     arch/arm64/boot/dts/freescale/imx8mm-innocomm-wb15-evk.dtb
  DTC     arch/arm64/boot/dts/qcom/msm8216-samsung-fortuna3g.dtb
  DTC     arch/arm64/boot/dts/rockchip/rk3399-pinephone-pro.dtb
  HDRINST usr/include/misc/fastrpc.h
  DTC     arch/arm64/boot/dts/apple/t6001-j375c.dtb
  DTC     arch/arm64/boot/dts/qcom/msm8916-acer-a1-724.dtb
  DTC     arch/arm64/boot/dts/rockchip/rk3399-puma-haikou.dtb
  DTC     arch/arm64/boot/dts/ti/k3-am64-tqma64xxl-mbax4xxl-wlan.dtbo
  DTC     arch/arm64/boot/dts/qcom/msm8916-alcatel-idol347.dtb
  DTC     arch/arm64/boot/dts/freescale/imx8mm-kontron-bl.dtb
  DTC     arch/arm64/boot/dts/qcom/msm8916-asus-z00l.dtb
  DTC     arch/arm64/boot/dts/ti/k3-am6xx-phycore-disable-eth-phy.dtbo
  HOSTCC  scripts/mod/sumversion.o
  DTC     arch/arm64/boot/dts/rockchip/rk3399-puma-haikou-video-demo.dtbo
  DTC     arch/arm64/boot/dts/ti/k3-am6xx-phycore-disable-rtc.dtbo
  DTC     arch/arm64/boot/dts/amlogic/meson-gxm-mecool-kiii-pro.dtb
  HDRINST usr/include/mtd/inftl-user.h
  HOSTCC  scripts/mod/symsearch.o
  HDRINST usr/include/mtd/ubi-user.h
  DTC     arch/arm64/boot/dts/apple/t6002-j375d.dtb
  DTC     arch/arm64/boot/dts/ti/k3-am6xx-phycore-disable-spi-nor.dtbo
  DTC     arch/arm64/boot/dts/rockchip/rk3399-roc-pc.dtb
  DTC     arch/arm64/boot/dts/amlogic/meson-gxm-minix-neo-u9h.dtb
  DTC     arch/arm64/boot/dts/apple/t6022-j180d.dtb
  DTC     arch/arm64/boot/dts/qcom/msm8916-gplus-fl8005a.dtb
  DTC     arch/arm64/boot/dts/freescale/imx8mm-kontron-bl-osm-s.dtb
  DTC     arch/arm64/boot/dts/ti/k3-am6xx-phycore-qspi-nor.dtbo
  HDRINST usr/include/mtd/nftl-user.h
  DTC     arch/arm64/boot/dts/rockchip/rk3399-roc-pc-mezzanine.dtb
  DTC     arch/arm64/boot/dts/qcom/msm8916-huawei-g7.dtb
  DTC     arch/arm64/boot/dts/apple/t6020-j414s.dtb
  DTC     arch/arm64/boot/dts/freescale/imx8mm-mx8menlo.dtb
  HDRINST usr/include/mtd/mtd-user.h
  DTC     arch/arm64/boot/dts/freescale/imx8mm-nitrogen-r2.dtb
  DTC     arch/arm64/boot/dts/rockchip/rk3399-roc-pc-plus.dtb
  DTC     arch/arm64/boot/dts/apple/t6021-j414c.dtb
  DTC     arch/arm64/boot/dts/qcom/msm8916-lg-c50.dtb
  DTC     arch/arm64/boot/dts/ti/k3-am6528-iot2050-basic.dtb
  DTC     arch/arm64/boot/dts/apple/t6020-j416s.dtb
  DTC     arch/arm64/boot/dts/rockchip/rk3399-rock-4c-plus.dtb
  DTC     arch/arm64/boot/dts/rockchip/rk3399-rock-4se.dtb
  HDRINST usr/include/mtd/mtd-abi.h
  DTC     arch/arm64/boot/dts/rockchip/rk3399-rock-pi-4a.dtb
  DTC     arch/arm64/boot/dts/rockchip/rk3399-rock-pi-4a-plus.dtb
  DTC     arch/arm64/boot/dts/qcom/msm8916-lg-m216.dtb
  DTC     arch/arm64/boot/dts/rockchip/rk3399-rock-pi-4b.dtb
  DTC     arch/arm64/boot/dts/amlogic/meson-gxm-nexbox-a1.dtb
  DTC     arch/arm64/boot/dts/rockchip/rk3399-rock-pi-4b-plus.dtb
  HDRINST usr/include/rdma/ib_user_verbs.h
  DTC     arch/arm64/boot/dts/apple/t6021-j416c.dtb
  HDRINST usr/include/rdma/efa-abi.h
  DTC     arch/arm64/boot/dts/ti/k3-am6528-iot2050-basic-pg2.dtb
  DTC     arch/arm64/boot/dts/rockchip/rk3399-rock-pi-4c.dtb
  DTC     arch/arm64/boot/dts/ti/k3-am6548-iot2050-advanced.dtb
  HDRINST usr/include/rdma/mlx5_user_ioctl_cmds.h
  DTC     arch/arm64/boot/dts/freescale/imx8mm-phg.dtb
  DTC     arch/arm64/boot/dts/rockchip/rk3399-rock960.dtb
  DTC     arch/arm64/boot/dts/ti/k3-am6548-iot2050-advanced-m2.dtb
  DTC     arch/arm64/boot/dts/qcom/msm8916-longcheer-l8150.dtb
  DTC     arch/arm64/boot/dts/qcom/msm8916-longcheer-l8910.dtb
  DTC     arch/arm64/boot/dts/apple/t6020-j474s.dtb
  DTC     arch/arm64/boot/dts/amlogic/meson-gxm-q200.dtb
  HDRINST usr/include/rdma/mthca-abi.h
  DTC     arch/arm64/boot/dts/ti/k3-am6548-iot2050-advanced-m2-bkey-ekey-pcie.dtbo
  DTC     arch/arm64/boot/dts/amlogic/meson-gxm-q201.dtb
  DTC     arch/arm64/boot/dts/qcom/msm8916-motorola-harpia.dtb
  DTC     arch/arm64/boot/dts/amlogic/meson-gxm-rbox-pro.dtb
  DTC     arch/arm64/boot/dts/apple/t6021-j475c.dtb
  HDRINST usr/include/rdma/ionic-abi.h
  DTC     arch/arm64/boot/dts/amlogic/meson-gxm-s912-libretech-pc.dtb
  DTC     arch/arm64/boot/dts/amlogic/meson-gxm-tx9-pro.dtb
  DTC     arch/arm64/boot/dts/ti/k3-am6548-iot2050-advanced-m2-bkey-usb3.dtbo
  DTC     arch/arm64/boot/dts/apple/t6022-j475d.dtb
  HDRINST usr/include/rdma/ib_user_ioctl_cmds.h
  DTC     arch/arm64/boot/dts/amlogic/meson-gxm-ugoos-am3.dtb
  DTC     arch/arm64/boot/dts/rockchip/rk3399-rockpro64-v2.dtb
  DTC     arch/arm64/boot/dts/qcom/msm8916-motorola-osprey.dtb
  DTC     arch/arm64/boot/dts/freescale/imx8mm-phyboard-polis-rdk.dtb
  DTC     arch/arm64/boot/dts/ti/k3-am6548-iot2050-advanced-pg2.dtb
  HDRINST usr/include/rdma/hns-abi.h
  HDRINST usr/include/rdma/mlx5_user_ioctl_verbs.h
  DTC     arch/arm64/boot/dts/freescale/imx8mm-phyboard-polis-peb-av-10.dtbo
  DTC     arch/arm64/boot/dts/freescale/imx8mm-phyboard-polis-peb-av-10-etml1010g3dra.dtbo
  DTC     arch/arm64/boot/dts/amlogic/meson-gxm-vega-s96.dtb
  DTC     arch/arm64/boot/dts/freescale/imx8mm-phyboard-polis-peb-av-10-ph128800t006.dtbo
  DTC     arch/arm64/boot/dts/rockchip/rk3399-rockpro64.dtb
  DTC     arch/arm64/boot/dts/freescale/imx8mm-phyboard-polis-peb-eval-01.dtbo
  DTC     arch/arm64/boot/dts/amlogic/meson-gxm-wetek-core2.dtb
  DTC     arch/arm64/boot/dts/freescale/imx8mm-phycore-no-eth.dtbo
  HDRINST usr/include/rdma/ib_user_ioctl_verbs.h
  DTC     arch/arm64/boot/dts/ti/k3-am6548-iot2050-advanced-sm.dtb
  HDRINST usr/include/rdma/rdma_user_ioctl_cmds.h
  DTC     arch/arm64/boot/dts/qcom/msm8916-motorola-surnia.dtb
  DTC     arch/arm64/boot/dts/ti/k3-am654-base-board.dtb
  HDRINST usr/include/rdma/rdma_user_ioctl.h
  DTC     arch/arm64/boot/dts/rockchip/rk3399-rockpro64-screen.dtbo
  DTC     arch/arm64/boot/dts/apple/t8112-j413.dtb
  HDRINST usr/include/rdma/rdma_user_cm.h
  DTC     arch/arm64/boot/dts/freescale/imx8mm-phycore-no-spiflash.dtbo
  DTC     arch/arm64/boot/dts/ti/k3-am654-base-board-rocktech-rk101-panel.dtbo
  DTC     arch/arm64/boot/dts/rockchip/rk3399-sapphire.dtb
  HDRINST usr/include/rdma/mana-abi.h
  HDRINST usr/include/rdma/hfi/hfi1_user.h
  DTC     arch/arm64/boot/dts/freescale/imx8mm-phycore-rpmsg.dtbo
  DTC     arch/arm64/boot/dts/qcom/msm8916-mtp.dtb
  DTC     arch/arm64/boot/dts/freescale/imx8mm-phygate-tauri-l.dtb
  HDRINST usr/include/rdma/hfi/hfi1_ioctl.h
  DTC     arch/arm64/boot/dts/qcom/msm8916-samsung-a3u-eur.dtb
  DTC     arch/arm64/boot/dts/rockchip/rk3399-sapphire-excavator.dtb
  DTC     arch/arm64/boot/dts/amlogic/meson-s4-s805x2-aq222.dtb
  DTC     arch/arm64/boot/dts/apple/t8112-j415.dtb
  DTC     arch/arm64/boot/dts/freescale/imx8mm-prt8mm.dtb
  DTC     arch/arm64/boot/dts/amlogic/meson-s4-s905y4-khadas-vim1s.dtb
  DTC     arch/arm64/boot/dts/apple/t8112-j473.dtb
  DTC     arch/arm64/boot/dts/freescale/imx8mm-tqma8mqml-mba8mx.dtb
  DTC     arch/arm64/boot/dts/ti/k3-am654-pcie-usb3.dtbo
  DTC     arch/arm64/boot/dts/qcom/msm8916-samsung-a5u-eur.dtb
  DTC     arch/arm64/boot/dts/rockchip/rk3399pro-rock-pi-n10.dtb
  DTC     arch/arm64/boot/dts/amlogic/meson-sm1-a95xf3-air-gbit.dtb
  HDRINST usr/include/rdma/mlx4-abi.h
  DTC     arch/arm64/boot/dts/rockchip/rk3528-armsom-sige1.dtb
  DTC     arch/arm64/boot/dts/freescale/imx8mm-tx8m-1610-moduline-iv-306-d.dtb
  HDRINST usr/include/rdma/ocrdma-abi.h
  DTC     arch/arm64/boot/dts/amlogic/meson-sm1-a95xf3-air.dtb
  DTC     arch/arm64/boot/dts/amlogic/meson-sm1-bananapi-m2-pro.dtb
  DTC     arch/arm64/boot/dts/qcom/msm8916-samsung-coreprimeltevzw.dtb
  DTC     arch/arm64/boot/dts/freescale/imx8mm-tx8m-1610-moduline-mini-111.dtb
  DTC     arch/arm64/boot/dts/ti/k3-am654-icssg2.dtbo
  HDRINST usr/include/rdma/rdma_user_rxe.h
  DTC     arch/arm64/boot/dts/apple/t8112-j493.dtb
  DTC     arch/arm64/boot/dts/amlogic/meson-sm1-bananapi-m5.dtb
  DTC     arch/arm64/boot/dts/ti/k3-am654-idk.dtbo
  DTC     arch/arm64/boot/dts/rockchip/rk3528-nanopi-zero2.dtb
  DTC     arch/arm64/boot/dts/freescale/imx8mm-var-som-symphony.dtb
  HDRINST usr/include/rdma/rvt-abi.h
  DTC     arch/arm64/boot/dts/qcom/msm8916-samsung-e5.dtb
  HDRINST usr/include/rdma/erdma-abi.h
  DTC     arch/arm64/boot/dts/ti/k3-am654-pcie-usb2.dtbo
  HDRINST usr/include/rdma/bnxt_re-abi.h
  HDRINST usr/include/rdma/rdma_netlink.h
  DTC     arch/arm64/boot/dts/qcom/msm8916-samsung-e7.dtb
  DTC     arch/arm64/boot/dts/rockchip/rk3528-radxa-e20c.dtb
  DTC     arch/arm64/boot/dts/rockchip/rk3528-rock-2a.dtb
  DTC     arch/arm64/boot/dts/rockchip/rk3528-rock-2f.dtb
  DTC     arch/arm64/boot/dts/qcom/msm8916-samsung-gprimeltecan.dtb
  DTC     arch/arm64/boot/dts/rockchip/rk3562-evb2-v10.dtb
  HDRINST usr/include/rdma/ib_user_mad.h
  DTC     arch/arm64/boot/dts/qcom/msm8916-samsung-grandmax.dtb
  DTC     arch/arm64/boot/dts/rockchip/rk3566-anbernic-rg-arc-d.dtb
  DTC     arch/arm64/boot/dts/amlogic/meson-sm1-h96-max.dtb
  HDRINST usr/include/rdma/mlx5-abi.h
  DTC     arch/arm64/boot/dts/rockchip/rk3566-anbernic-rg-arc-s.dtb
  DTC     arch/arm64/boot/dts/ti/k3-j7200-common-proc-board.dtb
  DTC     arch/arm64/boot/dts/freescale/imx8mm-var-som-symphony-legacy.dtb
  DTC     arch/arm64/boot/dts/amlogic/meson-sm1-khadas-vim3l.dtb
  DTC     arch/arm64/boot/dts/qcom/msm8916-samsung-grandprimelte.dtb
  DTC     arch/arm64/boot/dts/ti/k3-j7200-evm-quad-port-eth-exp.dtbo
  HDRINST usr/include/rdma/vmw_pvrdma-abi.h
  DTC     arch/arm64/boot/dts/qcom/msm8916-samsung-gt510.dtb
  DTC     arch/arm64/boot/dts/rockchip/rk3566-anbernic-rg353p.dtb
  DTC     arch/arm64/boot/dts/ti/k3-j7200-evm-pcie1-ep.dtbo
  DTC     arch/arm64/boot/dts/qcom/msm8916-samsung-gt58.dtb
  DTC     arch/arm64/boot/dts/amlogic/meson-sm1-s905d3-libretech-cc.dtb
  DTC     arch/arm64/boot/dts/ti/k3-j721e-beagleboneai64.dtb
  DTC     arch/arm64/boot/dts/qcom/msm8916-samsung-j3ltetw.dtb
  DTC     arch/arm64/boot/dts/rockchip/rk3566-anbernic-rg353ps.dtb
  DTC     arch/arm64/boot/dts/ti/k3-j721e-common-proc-board-infotainment.dtbo
  HDRINST usr/include/rdma/cxgb4-abi.h
  HDRINST usr/include/rdma/irdma-abi.h
  DTC     arch/arm64/boot/dts/freescale/imx8mm-venice-gw71xx-0x.dtb
  DTC     arch/arm64/boot/dts/rockchip/rk3566-anbernic-rg353v.dtb
  HDRINST usr/include/rdma/ib_user_sa.h
  HDRINST usr/include/rdma/siw-abi.h
  DTC     arch/arm64/boot/dts/ti/k3-j721e-common-proc-board.dtb
  HDRINST usr/include/rdma/qedr-abi.h
  HDRINST usr/include/regulator/regulator.h
  DTC     arch/arm64/boot/dts/rockchip/rk3566-anbernic-rg353vs.dtb
  DTC     arch/arm64/boot/dts/qcom/msm8916-samsung-j5.dtb
  DTC     arch/arm64/boot/dts/ti/k3-j721e-evm-quad-port-eth-exp.dtbo
  DTC     arch/arm64/boot/dts/amlogic/meson-sm1-odroid-c4.dtb
  DTC     arch/arm64/boot/dts/freescale/imx8mm-venice-gw72xx-0x.dtb
  DTC     arch/arm64/boot/dts/qcom/msm8916-samsung-j5x.dtb
  DTC     arch/arm64/boot/dts/amlogic/meson-sm1-odroid-hc4.dtb
  HDRINST usr/include/scsi/scsi_bsg_mpi3mr.h
  DTC     arch/arm64/boot/dts/amlogic/meson-sm1-sei610.dtb
  DTC     arch/arm64/boot/dts/ti/k3-j721e-evm-gesi-exp-board.dtbo
  HDRINST usr/include/scsi/scsi_bsg_fc.h
  DTC     arch/arm64/boot/dts/freescale/imx8mm-venice-gw73xx-0x.dtb
  DTC     arch/arm64/boot/dts/ti/k3-j721e-evm-pcie0-ep.dtbo
  DTC     arch/arm64/boot/dts/qcom/msm8916-samsung-rossa.dtb
  DTC     arch/arm64/boot/dts/ti/k3-j721e-evm-pcie1-ep.dtbo
  DTC     arch/arm64/boot/dts/rockchip/rk3566-anbernic-rg503.dtb
  DTC     arch/arm64/boot/dts/freescale/imx8mm-venice-gw75xx-0x.dtb
  DTC     arch/arm64/boot/dts/amlogic/meson-sm1-x96-air-gbit.dtb
  DTC     arch/arm64/boot/dts/qcom/msm8916-samsung-serranove.dtb
  HDRINST usr/include/scsi/scsi_netlink_fc.h
  DTC     arch/arm64/boot/dts/freescale/imx8mm-venice-gw7901.dtb
  DTC     arch/arm64/boot/dts/freescale/imx8mm-venice-gw7902.dtb
  DTC     arch/arm64/boot/dts/ti/k3-j721e-sk.dtb
  DTC     arch/arm64/boot/dts/freescale/imx8mm-venice-gw7903.dtb
  DTC     arch/arm64/boot/dts/ti/k3-j721e-sk-csi2-dual-imx219.dtbo
  DTC     arch/arm64/boot/dts/ti/k3-am68-phyboard-izar.dtb
  DTC     arch/arm64/boot/dts/ti/k3-am68-phyboard-izar-lvds-ph128800t006.dtbo
  DTC     arch/arm64/boot/dts/rockchip/rk3566-odroid-m1s.dtb
  DTC     arch/arm64/boot/dts/freescale/imx8mm-venice-gw7904.dtb
  DTC     arch/arm64/boot/dts/ti/k3-am68-phyboard-izar-peb-av-15.dtbo
  DTC     arch/arm64/boot/dts/amlogic/meson-sm1-x96-air.dtb
  HDRINST usr/include/scsi/fc/fc_els.h
  DTC     arch/arm64/boot/dts/rockchip/rk3566-onething-edge-cube.dtb
  DTC     arch/arm64/boot/dts/freescale/imx8mm-verdin-nonwifi-dahlia.dtb
  DTC     arch/arm64/boot/dts/rockchip/rk3566-orangepi-3b-v1.1.dtb
  DTC     arch/arm64/boot/dts/qcom/msm8916-thwc-uf896.dtb
  OVL     arch/arm64/boot/dts/amlogic/meson-g12a-fbx8am-brcm.dtb
  DTC     arch/arm64/boot/dts/freescale/imx8mm-verdin-nonwifi-dev.dtb
  DTC     arch/arm64/boot/dts/ti/k3-am68-sk-base-board.dtb
  DTC     arch/arm64/boot/dts/rockchip/rk3566-orangepi-3b-v2.1.dtb
  DTC     arch/arm64/boot/dts/freescale/imx8mm-verdin-nonwifi-ivy.dtb
  OVL     arch/arm64/boot/dts/amlogic/meson-g12a-fbx8am-realtek.dtb
  HDRINST usr/include/scsi/fc/fc_gs.h
  DTC     arch/arm64/boot/dts/ti/k3-am68-sk-base-board-pcie1-ep.dtbo
  DTC     arch/arm64/boot/dts/freescale/imx8mm-verdin-nonwifi-mallow.dtb
  DTC     arch/arm64/boot/dts/qcom/msm8916-thwc-ufi001c.dtb
  DTC     arch/arm64/boot/dts/rockchip/rk3566-pinenote-v1.1.dtb
  DTC     arch/arm64/boot/dts/ti/k3-j721s2-common-proc-board.dtb
  DTC     arch/arm64/boot/dts/freescale/imx8mm-verdin-nonwifi-yavia.dtb
  DTC     arch/arm64/boot/dts/qcom/msm8916-wiko-chuppito.dtb
  HDRINST usr/include/scsi/fc/fc_fs.h
  DTC     arch/arm64/boot/dts/rockchip/rk3566-pinenote-v1.2.dtb
  DTC     arch/arm64/boot/dts/qcom/msm8916-wingtech-wt86518.dtb
  OVL     arch/arm64/boot/dts/amlogic/meson-g12b-a311d-khadas-vim3-ts050.dtb
  DTC     arch/arm64/boot/dts/freescale/imx8mm-verdin-wifi-dahlia.dtb
  DTC     arch/arm64/boot/dts/freescale/imx8mm-verdin-wifi-dev.dtb
  DTC     arch/arm64/boot/dts/ti/k3-j721s2-evm-gesi-exp-board.dtbo
  DTC     arch/arm64/boot/dts/rockchip/rk3566-pinetab2-v0.1.dtb
  DTC     arch/arm64/boot/dts/ti/k3-j721s2-evm-pcie1-ep.dtbo
  OVL     arch/arm64/boot/dts/amlogic/meson-sm1-khadas-vim3l-ts050.dtb
  DTC     arch/arm64/boot/dts/rockchip/rk3566-pinetab2-v2.0.dtb
  DTC     arch/arm64/boot/dts/freescale/imx8mm-verdin-wifi-ivy.dtb
  HDRINST usr/include/scsi/fc/fc_ns.h
  HDRINST usr/include/scsi/scsi_netlink.h
  HDRINST usr/include/scsi/scsi_bsg_ufs.h
  HDRINST usr/include/sound/fcp.h
  DTC     arch/arm64/boot/dts/freescale/imx8mm-verdin-wifi-mallow.dtb
  DTC     arch/arm64/boot/dts/ti/k3-j721s2-evm-usb0-type-a.dtbo
  HDRINST usr/include/sound/hdsp.h
  HDRINST usr/include/sound/skl-tplg-interface.h
  DTC     arch/arm64/boot/dts/qcom/msm8916-wingtech-wt86528.dtb
  HDRINST usr/include/sound/snd_ar_tokens.h
  HDRINST usr/include/sound/sof/header.h
  HDRINST usr/include/sound/sof/fw.h
  DTC     arch/arm64/boot/dts/ti/k3-am67a-beagley-ai.dtb
  DTC     arch/arm64/boot/dts/freescale/imx8mm-verdin-wifi-yavia.dtb
  HDRINST usr/include/sound/sof/tokens.h
  DTC     arch/arm64/boot/dts/rockchip/rk3566-powkiddy-rgb10max3.dtb
  HDRINST usr/include/sound/sof/abi.h
  DTC     arch/arm64/boot/dts/ti/k3-j722s-evm.dtb
  DTC     arch/arm64/boot/dts/qcom/msm8916-yiming-uz801v3.dtb
  DTC     arch/arm64/boot/dts/qcom/msm8916-wingtech-wt88047.dtb
  DTC     arch/arm64/boot/dts/freescale/imx8mm-tqma8mqml-mba8mx-lvds-g133han01.dtbo
  DTC     arch/arm64/boot/dts/rockchip/rk3566-powkiddy-rgb20sx.dtb
  DTC     arch/arm64/boot/dts/freescale/imx8mm-tqma8mqml-mba8mx-lvds-tm070jvhg33.dtbo
  DTC     arch/arm64/boot/dts/ti/k3-j722s-evm-csi2-quad-rpi-cam-imx219.dtbo
  HDRINST usr/include/sound/tlv.h
  DTC     arch/arm64/boot/dts/qcom/msm8917-xiaomi-riva.dtb
  DTC     arch/arm64/boot/dts/ti/k3-j722s-evm-csi2-quad-tevi-ov5640.dtbo
  DTC     arch/arm64/boot/dts/freescale/imx8mn-beacon-kit.dtb
  DTC     arch/arm64/boot/dts/rockchip/rk3566-powkiddy-rgb30.dtb
  DTC     arch/arm64/boot/dts/qcom/msm8917-xiaomi-rolex.dtb
  HDRINST usr/include/sound/asequencer.h
  DTC     arch/arm64/boot/dts/ti/k3-am69-aquila-clover.dtb
  DTC     arch/arm64/boot/dts/freescale/imx8mn-bsh-smm-s2.dtb
  HDRINST usr/include/sound/sb16_csp.h
  DTC     arch/arm64/boot/dts/ti/k3-am69-aquila-dev.dtb
  DTC     arch/arm64/boot/dts/freescale/imx8mn-bsh-smm-s2pro.dtb
  HDRINST usr/include/sound/asound_fm.h
  HDRINST usr/include/sound/asound.h
  HDRINST usr/include/sound/intel/avs/tokens.h
  DTC     arch/arm64/boot/dts/rockchip/rk3566-powkiddy-rk2023.dtb
  DTC     arch/arm64/boot/dts/qcom/msm8917-xiaomi-tiare.dtb
  DTC     arch/arm64/boot/dts/freescale/imx8mn-dimonoff-gateway-evk.dtb
  DTC     arch/arm64/boot/dts/ti/k3-am69-sk.dtb
  HDRINST usr/include/sound/asoc.h
  HDRINST usr/include/sound/snd_sst_tokens.h
  DTC     arch/arm64/boot/dts/freescale/imx8mn-evk.dtb
  HDRINST usr/include/sound/hdspm.h
  HDRINST usr/include/sound/emu10k1.h
  HDRINST usr/include/sound/firewire.h
  DTC     arch/arm64/boot/dts/rockchip/rk3566-powkiddy-x55.dtb
  DTC     arch/arm64/boot/dts/qcom/msm8929-wingtech-wt82918hd.dtb
  HDRINST usr/include/sound/compress_offload.h
  DTC     arch/arm64/boot/dts/ti/k3-am69-sk-pcie0-ep.dtbo
  HDRINST usr/include/sound/sfnt_info.h
  HDRINST usr/include/sound/usb_stream.h
  DTC     arch/arm64/boot/dts/rockchip/rk3566-qnap-ts133.dtb
  DTC     arch/arm64/boot/dts/freescale/imx8mn-ddr3l-evk.dtb
  HDRINST usr/include/sound/compress_params.h
  DTC     arch/arm64/boot/dts/freescale/imx8mn-ddr4-evk.dtb
  HDRINST usr/include/sound/scarlett2.h
  DTC     arch/arm64/boot/dts/qcom/msm8937-xiaomi-land.dtb
  HDRINST usr/include/video/uvesafb.h
  DTC     arch/arm64/boot/dts/rockchip/rk3566-qnap-ts133-pcb-13.dtbo
  HDRINST usr/include/video/edid.h
  DTC     arch/arm64/boot/dts/ti/k3-j784s4-evm.dtb
  DTC     arch/arm64/boot/dts/freescale/imx8mn-rve-gateway.dtb
  HDRINST usr/include/video/sisfb.h
  DTC     arch/arm64/boot/dts/ti/k3-j784s4-evm-pcie0-pcie1-ep.dtbo
  DTC     arch/arm64/boot/dts/ti/k3-j784s4-evm-quad-port-eth-exp1.dtbo
  DTC     arch/arm64/boot/dts/qcom/msm8939-asus-z00t.dtb
  DTC     arch/arm64/boot/dts/freescale/imx8mn-solidsense-n8-compact.dtb
  HDRINST usr/include/xen/gntalloc.h
  HDRINST usr/include/xen/privcmd.h
  DTC     arch/arm64/boot/dts/qcom/msm8939-huawei-kiwi.dtb
  DTC     arch/arm64/boot/dts/rockchip/rk3566-quartz64-a.dtb
  DTC     arch/arm64/boot/dts/qcom/msm8939-longcheer-l9100.dtb
  HDRINST usr/include/xen/evtchn.h
  DTC     arch/arm64/boot/dts/ti/k3-j784s4-evm-usxgmii-exp1-exp2.dtbo
  HDRINST usr/include/xen/gntdev.h
  DTC     arch/arm64/boot/dts/qcom/msm8939-samsung-a7.dtb
  DTC     arch/arm64/boot/dts/freescale/imx8mn-tqma8mqnl-mba8mx.dtb
  HDRINST usr/include/linux/version.h
  DTC     arch/arm64/boot/dts/qcom/msm8939-sony-xperia-kanuti-tulip.dtb
  DTC     arch/arm64/boot/dts/ti/k3-j784s4-j742s2-evm-usb0-type-a.dtbo
  DTC     arch/arm64/boot/dts/freescale/imx8mn-var-som-symphony.dtb
  DTC     arch/arm64/boot/dts/rockchip/rk3566-quartz64-b.dtb
  DTC     arch/arm64/boot/dts/ti/k3-j742s2-evm.dtb
  OVL     arch/arm64/boot/dts/ti/k3-am642-evm-nand.dtb
  DTC     arch/arm64/boot/dts/freescale/imx8mn-venice-gw7902.dtb
  DTC     arch/arm64/boot/dts/qcom/msm8939-wingtech-wt82918.dtb
  DTC     arch/arm64/boot/dts/freescale/imx8mn-vhip4-evalboard-v1.dtb
  DTC     arch/arm64/boot/dts/qcom/msm8939-wingtech-wt82918hd.dtb
  DTC     arch/arm64/boot/dts/rockchip/rk3566-radxa-cm3-io.dtb
  OVL     arch/arm64/boot/dts/ti/k3-am6548-iot2050-advanced-m2-bkey-ekey-pcie.dtb
  OVL     arch/arm64/boot/dts/ti/k3-am6548-iot2050-advanced-m2-bkey-usb3.dtb
  OVL     arch/arm64/boot/dts/ti/k3-am654-gp-evm.dtb
  DTC     arch/arm64/boot/dts/qcom/msm8953-flipkart-rimob.dtb
  DTC     arch/arm64/boot/dts/freescale/imx8mn-vhip4-evalboard-v1-overlay-ksz8794.dtbo
  DTC     arch/arm64/boot/dts/rockchip/rk3566-radxa-zero-3e.dtb
  DTC     arch/arm64/boot/dts/qcom/msm8953-motorola-potter.dtb
  DTC     arch/arm64/boot/dts/rockchip/rk3566-radxa-zero-3w.dtb
  OVL     arch/arm64/boot/dts/ti/k3-am654-evm.dtb
  DTC     arch/arm64/boot/dts/freescale/imx8mn-vhip4-evalboard-v1-overlay-ksz9031.dtbo
  HDRINST usr/include/asm/perf_regs.h
  HDRINST usr/include/asm/sigcontext.h
  HDRINST usr/include/asm/hwcap.h
  DTC     arch/arm64/boot/dts/freescale/imx8mn-vhip4-evalboard-v2.dtb
  DTC     arch/arm64/boot/dts/rockchip/rk3566-roc-pc.dtb
  HDRINST usr/include/asm/bitsperlong.h
  HDRINST usr/include/asm/bpf_perf_event.h
  DTC     arch/arm64/boot/dts/rockchip/rk3566-rock-3c.dtb
  DTC     arch/arm64/boot/dts/freescale/imx8mn-vhip4-evalboard-v2-overlay-adin1300.dtbo
  DTC     arch/arm64/boot/dts/rockchip/rk3566-soquartz-blade.dtb
  HDRINST usr/include/asm/unistd.h
  HDRINST usr/include/asm/posix_types.h
  HDRINST usr/include/asm/auxvec.h
  DTC     arch/arm64/boot/dts/rockchip/rk3566-soquartz-cm4.dtb
  DTC     arch/arm64/boot/dts/qcom/msm8953-xiaomi-daisy.dtb
  OVL     arch/arm64/boot/dts/ti/k3-j7200-evm.dtb
  DTC     arch/arm64/boot/dts/freescale/imx8mn-vhip4-evalboard-v2-overlay-ksz8794.dtbo
  HDRINST usr/include/asm/ucontext.h
  DTC     arch/arm64/boot/dts/qcom/msm8953-xiaomi-mido.dtb
  DTC     arch/arm64/boot/dts/rockchip/rk3566-soquartz-model-a.dtb
  DTC     arch/arm64/boot/dts/freescale/imx8mn-tqma8mqnl-mba8mx-lvds-tm070jvhg33.dtbo
  HDRINST usr/include/asm/statfs.h
  DTC     arch/arm64/boot/dts/qcom/msm8953-xiaomi-tissot.dtb
  DTC     arch/arm64/boot/dts/rockchip/rk3566-box-demo.dtb
  DTC     arch/arm64/boot/dts/freescale/imx8mn-tqma8mqnl-mba8mx-usbotg.dtbo
  OVL     arch/arm64/boot/dts/ti/k3-j721e-evm.dtb
  OVL     arch/arm64/boot/dts/ti/k3-j721e-evm-gesi.dtb
  HDRINST usr/include/asm/sve_context.h
  DTC     arch/arm64/boot/dts/qcom/msm8953-xiaomi-vince.dtb
  DTC     arch/arm64/boot/dts/rockchip/rk3566-lckfb-tspi.dtb
  HDRINST usr/include/asm/ptrace.h
  OVL     arch/arm64/boot/dts/ti/k3-am68-phyboard-izar-lvds-ph128800t006.dtb
  DTC     arch/arm64/boot/dts/rockchip/rk3566-lubancat-1.dtb
  DTC     arch/arm64/boot/dts/freescale/imx8mp-ab2.dtb
  OVL     arch/arm64/boot/dts/ti/k3-am68-phyboard-izar-peb-av-15.dtb
  HDRINST usr/include/asm/fcntl.h
  DTC     arch/arm64/boot/dts/qcom/msm8956-sony-xperia-loire-kugo.dtb
  HDRINST usr/include/asm/mman.h
  HDRINST usr/include/asm/setup.h
  HDRINST usr/include/asm/byteorder.h
  DTC     arch/arm64/boot/dts/rockchip/rk3566-nanopi-r3s.dtb
  DTC     arch/arm64/boot/dts/freescale/imx8mp-aristainetos3-adpismarc.dtb
  HDRINST usr/include/asm/param.h
  HDRINST usr/include/asm/signal.h
  DTC     arch/arm64/boot/dts/qcom/msm8956-sony-xperia-loire-suzu.dtb
  OVL     arch/arm64/boot/dts/ti/k3-j721s2-evm.dtb
  OVL     arch/arm64/boot/dts/ti/k3-am654-idk.dtb
  DTC     arch/arm64/boot/dts/qcom/msm8976-longcheer-l9360.dtb
  HDRINST usr/include/asm/kvm.h
  DTC     arch/arm64/boot/dts/rockchip/rk3566-bigtreetech-cb2-manta.dtb
  HDRINST usr/include/asm/termios.h
  HDRINST usr/include/asm/shmbuf.h
  DTC     arch/arm64/boot/dts/freescale/imx8mp-aristainetos3-helios.dtb
  DTC     arch/arm64/boot/dts/qcom/msm8992-lg-bullhead-rev-10.dtb
  DTC     arch/arm64/boot/dts/rockchip/rk3566-bigtreetech-pi2.dtb
  DTC     arch/arm64/boot/dts/freescale/imx8mp-aristainetos3-helios-lvds.dtbo
  HDRINST usr/include/asm/resource.h
  DTC     arch/arm64/boot/dts/qcom/msm8992-lg-bullhead-rev-101.dtb
  HDRINST usr/include/asm/ioctl.h
  DTC     arch/arm64/boot/dts/freescale/imx8mp-aristainetos3-proton2s.dtb
  HDRINST usr/include/asm/errno.h
  DTC     arch/arm64/boot/dts/qcom/msm8992-lg-h815.dtb
  DTC     arch/arm64/boot/dts/rockchip/rk3566-tinker-board-3.dtb
  HDRINST usr/include/asm/stat.h
  HDRINST usr/include/asm/msgbuf.h
  DTC     arch/arm64/boot/dts/qcom/msm8992-msft-lumia-octagon-talkman.dtb
  HDRINST usr/include/asm/siginfo.h
  DTC     arch/arm64/boot/dts/freescale/imx8mp-beacon-kit.dtb
  DTC     arch/arm64/boot/dts/qcom/msm8992-xiaomi-libra.dtb
  HDRINST usr/include/asm/types.h
  DTC     arch/arm64/boot/dts/freescale/imx8mp-cubox-m.dtb
  HDRINST usr/include/asm/kvm_para.h
  HDRINST usr/include/asm/unistd_64.h
  DTC     arch/arm64/boot/dts/freescale/imx8mp-data-modul-edm-sbc.dtb
  HDRINST usr/include/asm/socket.h
  DTC     arch/arm64/boot/dts/rockchip/rk3566-tinker-board-3s.dtb
  HDRINST usr/include/asm/sembuf.h
  DTC     arch/arm64/boot/dts/freescale/imx8mp-debix-model-a.dtb
  DTC     arch/arm64/boot/dts/qcom/msm8994-huawei-angler-rev-101.dtb
  HDRINST usr/include/asm/ioctls.h
  HDRINST usr/include/asm/sockios.h
  HDRINST usr/include/asm/poll.h
  DTC     arch/arm64/boot/dts/rockchip/rk3568-9tripod-x3568-v4.dtb
  DTC     arch/arm64/boot/dts/freescale/imx8mp-debix-som-a-bmb-08.dtb
  DTC     arch/arm64/boot/dts/qcom/msm8994-msft-lumia-octagon-cityman.dtb
  DTC     arch/arm64/boot/dts/freescale/imx8mp-dhcom-drc02.dtb
  HDRINST usr/include/asm/termbits.h
  HDRINST usr/include/asm/swab.h
  DTC     arch/arm64/boot/dts/qcom/msm8994-sony-xperia-kitakami-ivy.dtb
  HDRINST usr/include/asm/ipcbuf.h
  DTC     arch/arm64/boot/dts/freescale/imx8mp-dhcom-pdk2.dtb
  DTC     arch/arm64/boot/dts/rockchip/rk3568-anbernic-rg-ds.dtb
  DTC     arch/arm64/boot/dts/qcom/msm8994-sony-xperia-kitakami-karin.dtb
  DTC     arch/arm64/boot/dts/freescale/imx8mp-dhcom-pdk3.dtb
  DTC     arch/arm64/boot/dts/rockchip/rk3568-bpi-r2-pro.dtb
  DTC     arch/arm64/boot/dts/qcom/msm8994-sony-xperia-kitakami-satsuki.dtb
  DTC     arch/arm64/boot/dts/freescale/imx8mp-dhcom-picoitx.dtb
  DTC     arch/arm64/boot/dts/freescale/imx8mp-edm-g-wb.dtb
  DTC     arch/arm64/boot/dts/rockchip/rk3568-easepi-r1.dtb
  DTC     arch/arm64/boot/dts/rockchip/rk3568-evb1-v10.dtb
  DTC     arch/arm64/boot/dts/freescale/imx8mp-evk.dtb
  DTC     arch/arm64/boot/dts/qcom/msm8994-sony-xperia-kitakami-sumire.dtb
  DTC     arch/arm64/boot/dts/freescale/imx8mp-frdm.dtb
  DTC     arch/arm64/boot/dts/qcom/msm8994-sony-xperia-kitakami-suzuran.dtb
  DTC     arch/arm64/boot/dts/rockchip/rk3568-fastrhino-r66s.dtb
  DTC     arch/arm64/boot/dts/freescale/imx8mp-hummingboard-iiot.dtb
  DTC     arch/arm64/boot/dts/qcom/msm8996-mtp.dtb
  DTC     arch/arm64/boot/dts/freescale/imx8mp-hummingboard-iiot-panel-dsi-WJ70N3TYJHMNG0.dtbo
  DTC     arch/arm64/boot/dts/rockchip/rk3568-fastrhino-r68s.dtb
  DTC     arch/arm64/boot/dts/rockchip/rk3568-hinlink-h66k.dtb
  DTC     arch/arm64/boot/dts/rockchip/rk3568-hinlink-h68k.dtb
  DTC     arch/arm64/boot/dts/freescale/imx8mp-hummingboard-iiot-panel-lvds-WF70A8SYJHLNGA.dtbo
  DTC     arch/arm64/boot/dts/freescale/imx8mp-hummingboard-iiot-rs485-a.dtbo
  DTC     arch/arm64/boot/dts/rockchip/rk3568-lubancat-2.dtb
  DTC     arch/arm64/boot/dts/qcom/msm8996-oneplus3.dtb
  DTC     arch/arm64/boot/dts/freescale/imx8mp-hummingboard-iiot-rs485-b.dtbo
  DTC     arch/arm64/boot/dts/rockchip/rk3568-mecsbc.dtb
  DTC     arch/arm64/boot/dts/qcom/msm8996-oneplus3t.dtb
  DTC     arch/arm64/boot/dts/rockchip/rk3568-nanopi-r5c.dtb
  DTC     arch/arm64/boot/dts/qcom/msm8996-sony-xperia-tone-dora.dtb
  DTC     arch/arm64/boot/dts/freescale/imx8mp-hummingboard-mate.dtb
  DTC     arch/arm64/boot/dts/rockchip/rk3568-nanopi-r5s.dtb
  DTC     arch/arm64/boot/dts/qcom/msm8996-sony-xperia-tone-kagura.dtb
  DTC     arch/arm64/boot/dts/freescale/imx8mp-hummingboard-pro.dtb
  DTC     arch/arm64/boot/dts/qcom/msm8996-sony-xperia-tone-keyaki.dtb
  DTC     arch/arm64/boot/dts/freescale/imx8mp-hummingboard-pulse.dtb
  DTC     arch/arm64/boot/dts/qcom/msm8996-xiaomi-gemini.dtb
  DTC     arch/arm64/boot/dts/qcom/msm8996pro-xiaomi-natrium.dtb
  DTC     arch/arm64/boot/dts/rockchip/rk3568-odroid-m1.dtb
  DTC     arch/arm64/boot/dts/qcom/msm8996pro-xiaomi-scorpio.dtb
  DTC     arch/arm64/boot/dts/rockchip/rk3568-photonicat.dtb
  DTC     arch/arm64/boot/dts/freescale/imx8mp-hummingboard-ripple.dtb
  DTC     arch/arm64/boot/dts/qcom/msm8998-fxtec-pro1.dtb
  DTC     arch/arm64/boot/dts/rockchip/rk3568-qnap-ts233.dtb
  DTC     arch/arm64/boot/dts/qcom/msm8998-asus-novago-tp370ql.dtb
  DTC     arch/arm64/boot/dts/qcom/msm8998-hp-envy-x2.dtb
  DTC     arch/arm64/boot/dts/freescale/imx8mp-icore-mx8mp-edimm2.2.dtb
  DTC     arch/arm64/boot/dts/qcom/msm8998-lenovo-miix-630.dtb
  DTC     arch/arm64/boot/dts/rockchip/rk3568-qnap-ts233-pcb-12-11.dtbo
  DTC     arch/arm64/boot/dts/qcom/msm8998-mtp.dtb
  DTC     arch/arm64/boot/dts/rockchip/rk3568-qnap-ts433.dtb
  DTC     arch/arm64/boot/dts/qcom/msm8998-oneplus-cheeseburger.dtb
  DTC     arch/arm64/boot/dts/freescale/imx8mp-iota2-lumpy.dtb
  DTC     arch/arm64/boot/dts/rockchip/rk3568-qnap-ts433-pcb-12-10.dtbo
  DTC     arch/arm64/boot/dts/qcom/msm8998-oneplus-dumpling.dtb
  DTC     arch/arm64/boot/dts/freescale/imx8mp-kontron-bl-osm-s.dtb
  DTC     arch/arm64/boot/dts/rockchip/rk3568-radxa-cm3j-rpi-cm4.dtb
  DTC     arch/arm64/boot/dts/qcom/msm8998-sony-xperia-yoshino-lilac.dtb
  DTC     arch/arm64/boot/dts/rockchip/rk3568-radxa-e25.dtb
  DTC     arch/arm64/boot/dts/freescale/imx8mp-kontron-dl.dtbo
  DTC     arch/arm64/boot/dts/qcom/msm8998-sony-xperia-yoshino-maple.dtb
  DTC     arch/arm64/boot/dts/freescale/imx8mp-kontron-smarc-eval-carrier.dtb
  DTC     arch/arm64/boot/dts/rockchip/rk3568-roc-pc.dtb
  DTC     arch/arm64/boot/dts/freescale/imx8mp-libra-rdk-fpsc.dtb
  DTC     arch/arm64/boot/dts/rockchip/rk3568-rock-3a.dtb
  DTC     arch/arm64/boot/dts/qcom/msm8998-sony-xperia-yoshino-poplar.dtb
  DTC     arch/arm64/boot/dts/freescale/imx8mp-libra-rdk-fpsc-lvds-etml1010g3dra.dtbo
  DTC     arch/arm64/boot/dts/rockchip/rk3568-rock-3b.dtb
  DTC     arch/arm64/boot/dts/qcom/msm8998-xiaomi-sagit.dtb
  DTC     arch/arm64/boot/dts/qcom/purwa-iot-evk.dtb
  DTC     arch/arm64/boot/dts/freescale/imx8mp-libra-rdk-fpsc-lvds-ph128800t006-zhc01.dtbo
  DTC     arch/arm64/boot/dts/qcom/qcm6490-fairphone-fp5.dtb
  DTC     arch/arm64/boot/dts/rockchip/rk3568-wolfvision-pf5.dtb
  DTC     arch/arm64/boot/dts/qcom/qcm6490-idp.dtb
  DTC     arch/arm64/boot/dts/freescale/imx8mp-libra-rdk-fpsc-lvds-peb-av-10.dtbo
  DTC     arch/arm64/boot/dts/freescale/imx8mp-msc-sm2s-ep1.dtb
  DTC     arch/arm64/boot/dts/freescale/imx8mp-navqp.dtb
  DTC     arch/arm64/boot/dts/qcom/qcm6490-particle-tachyon.dtb
  DTC     arch/arm64/boot/dts/rockchip/rk3568-wolfvision-pf5-display-vz.dtbo
  DTC     arch/arm64/boot/dts/rockchip/rk3568-wolfvision-pf5-io-expander.dtbo
  DTC     arch/arm64/boot/dts/freescale/imx8mp-nitrogen-enc-carrier-board.dtb
  DTC     arch/arm64/boot/dts/qcom/qcm6490-shift-otter.dtb
  DTC     arch/arm64/boot/dts/qcom/qcs404-evb-1000.dtb
  DTC     arch/arm64/boot/dts/rockchip/rk3576-100ask-dshanpi-a1.dtb
  DTC     arch/arm64/boot/dts/rockchip/rk3576-armsom-sige5.dtb
  DTC     arch/arm64/boot/dts/rockchip/rk3576-armsom-sige5-v1.2-wifibt.dtbo
  DTC     arch/arm64/boot/dts/qcom/qcs404-evb-4000.dtb
  DTC     arch/arm64/boot/dts/freescale/imx8mp-nitrogen-smarc-universal-board.dtb
  DTC     arch/arm64/boot/dts/rockchip/rk3576-evb1-v10.dtb
  DTC     arch/arm64/boot/dts/qcom/qcs615-ride.dtb
  DTC     arch/arm64/boot/dts/rockchip/rk3576-evb1-v10-pcie1.dtbo
  DTC     arch/arm64/boot/dts/freescale/imx8mp-phyboard-pollux-rdk.dtb
  DTC     arch/arm64/boot/dts/freescale/imx8mp-phyboard-pollux-etml1010g3dra.dtbo
  DTC     arch/arm64/boot/dts/freescale/imx8mp-phyboard-pollux-peb-av-10.dtbo
  DTC     arch/arm64/boot/dts/rockchip/rk3576-evb2-v10.dtb
  DTC     arch/arm64/boot/dts/rockchip/rk3576-khadas-edge-2l.dtb
  DTC     arch/arm64/boot/dts/qcom/talos-el2.dtbo
  DTC     arch/arm64/boot/dts/rockchip/rk3576-luckfox-omni3576.dtb
  DTC     arch/arm64/boot/dts/qcom/qcs6490-radxa-dragon-q6a.dtb
  DTC     arch/arm64/boot/dts/freescale/imx8mp-phyboard-pollux-peb-av-10-etml1010g3dra.dtbo
  DTC     arch/arm64/boot/dts/freescale/imx8mp-phyboard-pollux-peb-av-10-ph128800t006.dtbo
  DTC     arch/arm64/boot/dts/rockchip/rk3576-nanopi-m5.dtb
  DTC     arch/arm64/boot/dts/rockchip/rk3576-nanopi-r76s.dtb
  DTC     arch/arm64/boot/dts/freescale/imx8mp-phyboard-pollux-ph128800t006.dtbo
  DTC     arch/arm64/boot/dts/qcom/qcs6490-rb3gen2.dtb
  DTC     arch/arm64/boot/dts/rockchip/rk3576-roc-pc.dtb
  DTC     arch/arm64/boot/dts/freescale/imx8mp-phycore-no-eth.dtbo
  DTC     arch/arm64/boot/dts/qcom/qcs6490-rb3gen2-industrial-mezzanine.dtbo
  DTC     arch/arm64/boot/dts/rockchip/rk3576-rock-4d.dtb
  DTC     arch/arm64/boot/dts/freescale/imx8mp-phyboard-pollux-peb-wlbt-05.dtbo
  DTC     arch/arm64/boot/dts/qcom/qcs6490-rb3gen2-vision-mezzanine.dtbo
  DTC     arch/arm64/boot/dts/qcom/qcs6490-thundercomm-minipc-g1iot.dtb
  DTC     arch/arm64/boot/dts/rockchip/rk3582-radxa-e52c.dtb
  DTC     arch/arm64/boot/dts/qcom/qcs6490-thundercomm-rubikpi3.dtb
  DTC     arch/arm64/boot/dts/qcom/qcs8300-ride.dtb
  DTC     arch/arm64/boot/dts/rockchip/rk3588-armsom-sige7.dtb
  DTC     arch/arm64/boot/dts/freescale/imx8mp-prt8ml.dtb
  DTC     arch/arm64/boot/dts/rockchip/rk3588-armsom-w3.dtb
  DTC     arch/arm64/boot/dts/rockchip/rk3588-coolpi-cm5-evb.dtb
  DTC     arch/arm64/boot/dts/rockchip/rk3588-coolpi-cm5-genbook.dtb
  DTC     arch/arm64/boot/dts/qcom/qcs8550-aim300-aiot.dtb
  DTC     arch/arm64/boot/dts/rockchip/rk3588-edgeble-neu6a-io.dtb
  DTC     arch/arm64/boot/dts/rockchip/rk3588-edgeble-neu6a-wifi.dtbo
  DTC     arch/arm64/boot/dts/qcom/qcs9100-ride.dtb
  DTC     arch/arm64/boot/dts/rockchip/rk3588-edgeble-neu6b-io.dtb
  DTC     arch/arm64/boot/dts/freescale/imx8mp-skov-basic.dtb
  DTC     arch/arm64/boot/dts/rockchip/rk3588-evb1-v10.dtb
  DTC     arch/arm64/boot/dts/qcom/qcs9100-ride-r3.dtb
  DTC     arch/arm64/boot/dts/qcom/qdu1000-idp.dtb
  DTC     arch/arm64/boot/dts/freescale/imx8mp-skov-revb-hdmi.dtb
  DTC     arch/arm64/boot/dts/qcom/qrb2210-arduino-imola.dtb
  DTC     arch/arm64/boot/dts/rockchip/rk3588-evb2-v10.dtb
  DTC     arch/arm64/boot/dts/freescale/imx8mp-skov-revb-lt6.dtb
  DTC     arch/arm64/boot/dts/freescale/imx8mp-skov-revb-mi1010ait-1cp1.dtb
  DTC     arch/arm64/boot/dts/freescale/imx8mp-skov-revc-bd500.dtb
  DTC     arch/arm64/boot/dts/qcom/qrb2210-rb1.dtb
  DTC     arch/arm64/boot/dts/rockchip/rk3588-firefly-itx-3588j.dtb
  DTC     arch/arm64/boot/dts/qcom/qrb2210-rb1-vision-mezzanine.dtbo
  DTC     arch/arm64/boot/dts/qcom/qrb4210-rb2.dtb
  DTC     arch/arm64/boot/dts/qcom/qrb5165-rb5.dtb
  DTC     arch/arm64/boot/dts/rockchip/rk3588-friendlyelec-cm3588-nas.dtb
  DTC     arch/arm64/boot/dts/qcom/qrb5165-rb5-vision-mezzanine.dtbo
  DTC     arch/arm64/boot/dts/qcom/qru1000-idp.dtb
  DTC     arch/arm64/boot/dts/qcom/sa8155p-adp.dtb
  DTC     arch/arm64/boot/dts/freescale/imx8mp-skov-revc-hdmi.dtb
  DTC     arch/arm64/boot/dts/freescale/imx8mp-skov-revc-tian-g07017.dtb
  DTC     arch/arm64/boot/dts/rockchip/rk3588-h96-max-v58.dtb
  DTC     arch/arm64/boot/dts/qcom/sa8295p-adp.dtb
  DTC     arch/arm64/boot/dts/freescale/imx8mp-skov-revc-jutouch-jt101tm023.dtb
  DTC     arch/arm64/boot/dts/rockchip/rk3588-jaguar.dtb
  DTC     arch/arm64/boot/dts/rockchip/rk3588-jaguar-ethernet-switch.dtbo
  DTC     arch/arm64/boot/dts/qcom/sa8540p-ride.dtb
  DTC     arch/arm64/boot/dts/freescale/imx8mp-toradex-smarc-dev.dtb
  DTC     arch/arm64/boot/dts/freescale/imx8mp-tqma8mpql-mba8mpxl.dtb
  DTC     arch/arm64/boot/dts/rockchip/rk3588-jaguar-pre-ict-tester.dtbo
  DTC     arch/arm64/boot/dts/freescale/imx8mp-tqma8mpql-mba8mp-ras314.dtb
  DTC     arch/arm64/boot/dts/qcom/sa8775p-ride.dtb
  DTC     arch/arm64/boot/dts/rockchip/rk3588-mnt-reform2.dtb
  DTC     arch/arm64/boot/dts/rockchip/rk3588-nanopc-t6.dtb
  DTC     arch/arm64/boot/dts/qcom/sa8775p-ride-r3.dtb
  DTC     arch/arm64/boot/dts/freescale/imx8mp-tx8p-ml81-moduline-display-106.dtb
  DTC     arch/arm64/boot/dts/qcom/sc7180-acer-aspire1.dtb
  DTC     arch/arm64/boot/dts/rockchip/rk3588-nanopc-t6-lts.dtb
  DTC     arch/arm64/boot/dts/qcom/sc7180-el2.dtbo
  DTC     arch/arm64/boot/dts/rockchip/rk3588-ok3588-c.dtb
  DTC     arch/arm64/boot/dts/qcom/sc7180-ecs-liva-qc710.dtb
  DTC     arch/arm64/boot/dts/qcom/sc7180-idp.dtb
  DTC     arch/arm64/boot/dts/rockchip/rk3588-orangepi-5-max.dtb
  DTC     arch/arm64/boot/dts/freescale/imx8mp-tx8p-ml81-moduline-display-106-av101hdt-a10.dtbo
  DTC     arch/arm64/boot/dts/qcom/sc7180-trogdor-coachz-r1.dtb
  DTC     arch/arm64/boot/dts/freescale/imx8mp-tx8p-ml81-moduline-display-106-av123z7m-n17.dtbo
  DTC     arch/arm64/boot/dts/qcom/sc7180-trogdor-coachz-r1-lte.dtb
  DTC     arch/arm64/boot/dts/qcom/sc7180-trogdor-coachz-r3.dtb
  DTC     arch/arm64/boot/dts/freescale/imx8mp-ultra-mach-sbc.dtb
  DTC     arch/arm64/boot/dts/qcom/sc7180-trogdor-coachz-r3-lte.dtb
  DTC     arch/arm64/boot/dts/rockchip/rk3588-orangepi-5-plus.dtb
  DTC     arch/arm64/boot/dts/freescale/imx8mp-var-som-symphony.dtb
  DTC     arch/arm64/boot/dts/qcom/sc7180-trogdor-homestar-r2.dtb
  DTC     arch/arm64/boot/dts/rockchip/rk3588-orangepi-5-ultra.dtb
  DTC     arch/arm64/boot/dts/freescale/imx8mp-venice-gw71xx-2x.dtb
  DTC     arch/arm64/boot/dts/qcom/sc7180-trogdor-homestar-r3.dtb
  DTC     arch/arm64/boot/dts/freescale/imx8mp-venice-gw72xx-2x.dtb
  DTC     arch/arm64/boot/dts/rockchip/rk3588-quartzpro64.dtb
  DTC     arch/arm64/boot/dts/qcom/sc7180-trogdor-homestar-r4.dtb
  DTC     arch/arm64/boot/dts/rockchip/rk3588-roc-rt.dtb
  DTC     arch/arm64/boot/dts/rockchip/rk3588-rock-5-itx.dtb
  DTC     arch/arm64/boot/dts/qcom/sc7180-trogdor-kingoftown.dtb
  DTC     arch/arm64/boot/dts/freescale/imx8mp-venice-gw73xx-2x.dtb
  DTC     arch/arm64/boot/dts/rockchip/rk3588-rock-5b.dtb
  DTC     arch/arm64/boot/dts/qcom/sc7180-trogdor-lazor-r1.dtb
  DTC     arch/arm64/boot/dts/rockchip/rk3588-rock-5b-pcie-ep.dtbo
  DTC     arch/arm64/boot/dts/qcom/sc7180-trogdor-lazor-r1-kb.dtb
  DTC     arch/arm64/boot/dts/freescale/imx8mp-venice-gw74xx.dtb
  DTC     arch/arm64/boot/dts/freescale/imx8mp-venice-gw75xx-2x.dtb
  DTC     arch/arm64/boot/dts/rockchip/rk3588-rock-5b-pcie-srns.dtbo
  DTC     arch/arm64/boot/dts/rockchip/rk3588-rock-5b-plus.dtb
  DTC     arch/arm64/boot/dts/qcom/sc7180-trogdor-lazor-r1-lte.dtb
  DTC     arch/arm64/boot/dts/rockchip/rk3588-rock-5t.dtb
  DTC     arch/arm64/boot/dts/freescale/imx8mp-venice-gw82xx-2x.dtb
  DTC     arch/arm64/boot/dts/rockchip/rk3588-tiger-haikou.dtb
  DTC     arch/arm64/boot/dts/qcom/sc7180-trogdor-lazor-r3.dtb
  DTC     arch/arm64/boot/dts/freescale/imx8mp-verdin-nonwifi-dahlia.dtb
  DTC     arch/arm64/boot/dts/rockchip/rk3588-tiger-haikou-video-demo.dtbo
  DTC     arch/arm64/boot/dts/freescale/imx8mp-verdin-nonwifi-dev.dtb
  DTC     arch/arm64/boot/dts/rockchip/rk3588-toybrick-x0.dtb
  DTC     arch/arm64/boot/dts/rockchip/rk3588-turing-rk1.dtb
  DTC     arch/arm64/boot/dts/freescale/imx8mp-verdin-nonwifi-ivy.dtb
  HOSTLD  scripts/mod/modpost
  DTC     arch/arm64/boot/dts/qcom/sc7180-trogdor-lazor-r3-kb.dtb
  DTC     arch/arm64/boot/dts/qcom/sc7180-trogdor-lazor-r3-lte.dtb
  DTC     arch/arm64/boot/dts/freescale/imx8mp-verdin-nonwifi-mallow.dtb
  DTC     arch/arm64/boot/dts/freescale/imx8mp-verdin-nonwifi-yavia.dtb
  DTC     arch/arm64/boot/dts/rockchip/rk3588s-coolpi-4b.dtb
  DTC     arch/arm64/boot/dts/freescale/imx8mp-verdin-wifi-dahlia.dtb
  DTC     arch/arm64/boot/dts/qcom/sc7180-trogdor-lazor-r9.dtb
  DTC     arch/arm64/boot/dts/rockchip/rk3588s-evb1-v10.dtb
  DTC     arch/arm64/boot/dts/rockchip/rk3588s-gameforce-ace.dtb
  DTC     arch/arm64/boot/dts/freescale/imx8mp-verdin-wifi-dev.dtb
  DTC     arch/arm64/boot/dts/qcom/sc7180-trogdor-lazor-r9-kb.dtb
  DTC     arch/arm64/boot/dts/freescale/imx8mp-verdin-wifi-ivy.dtb
  DTC     arch/arm64/boot/dts/rockchip/rk3588s-indiedroid-nova.dtb
  DTC     arch/arm64/boot/dts/freescale/imx8mp-verdin-wifi-mallow.dtb
  DTC     arch/arm64/boot/dts/qcom/sc7180-trogdor-lazor-r9-lte.dtb
  DTC     arch/arm64/boot/dts/rockchip/rk3588s-khadas-edge2.dtb
  DTC     arch/arm64/boot/dts/qcom/sc7180-trogdor-lazor-r10.dtb
  DTC     arch/arm64/boot/dts/freescale/imx8mp-verdin-wifi-yavia.dtb
  DTC     arch/arm64/boot/dts/qcom/sc7180-trogdor-lazor-r10-kb.dtb
  DTC     arch/arm64/boot/dts/freescale/imx8mp-evk-lvds0-imx-dlvds-hdmi-channel0.dtbo
  DTC     arch/arm64/boot/dts/qcom/sc7180-trogdor-lazor-r10-lte.dtb
  DTC     arch/arm64/boot/dts/freescale/imx8mp-evk-lvds0-imx-lvds-hdmi.dtbo
  DTC     arch/arm64/boot/dts/rockchip/rk3588s-nanopi-r6s.dtb
  DTC     arch/arm64/boot/dts/qcom/sc7180-trogdor-lazor-limozeen-r4.dtb
  UPD     include/generated/timeconst.h
  DTC     arch/arm64/boot/dts/rockchip/rk3588s-nanopi-r6c.dtb
  CC      kernel/bounds.s
  DTC     arch/arm64/boot/dts/rockchip/rk3588s-odroid-m2.dtb
  CHKSHA1 include/linux/atomic/atomic-arch-fallback.h
  DTC     arch/arm64/boot/dts/freescale/imx8mp-evk-lvds1-imx-dlvds-hdmi-channel0.dtbo
  DTC     arch/arm64/boot/dts/freescale/imx8mp-evk-lvds1-imx-lvds-hdmi.dtbo
  DTC     arch/arm64/boot/dts/rockchip/rk3588s-orangepi-5.dtb
  CHKSHA1 include/linux/atomic/atomic-instrumented.h
  CHKSHA1 include/linux/atomic/atomic-long.h
  DTC     arch/arm64/boot/dts/rockchip/rk3588s-orangepi-5b.dtb
  DTC     arch/arm64/boot/dts/rockchip/rk3588s-orangepi-cm5-base.dtb
  DTC     arch/arm64/boot/dts/rockchip/rk3588s-radxa-cm5-io.dtb
  DTC     arch/arm64/boot/dts/qcom/sc7180-trogdor-lazor-limozeen-r9.dtb
  DTC     arch/arm64/boot/dts/qcom/sc7180-trogdor-lazor-limozeen-r10.dtb
  DTC     arch/arm64/boot/dts/rockchip/rk3588s-roc-pc.dtb
  DTC     arch/arm64/boot/dts/freescale/imx8mp-evk-mx8-dlvds-lcd1.dtbo
  DTC     arch/arm64/boot/dts/qcom/sc7180-trogdor-lazor-limozeen-nots-r4.dtb
  OVL     arch/arm64/boot/dts/freescale/imx8mp-evk-pcie-ep.dtb
  DTC     arch/arm64/boot/dts/qcom/sc7180-trogdor-lazor-limozeen-nots-r5.dtb
  DTC     arch/arm64/boot/dts/qcom/sc7180-trogdor-lazor-limozeen-nots-r9.dtb
  DTC     arch/arm64/boot/dts/freescale/imx8mp-tqma8mpql-mba8mpxl-lvds-g133han01.dtbo
  DTC     arch/arm64/boot/dts/rockchip/rk3588s-rock-5a.dtb
  DTC     arch/arm64/boot/dts/freescale/imx8mp-tqma8mpql-mba8mpxl-lvds-tm070jvhg33.dtbo
  DTC     arch/arm64/boot/dts/rockchip/rk3588s-rock-5c.dtb
  DTC     arch/arm64/boot/dts/qcom/sc7180-trogdor-lazor-limozeen-nots-r10.dtb
  DTC     arch/arm64/boot/dts/freescale/imx8mp-tqma8mpql-mba8mp-ras314-imx219.dtbo
  DTC     arch/arm64/boot/dts/freescale/imx8mq-evk.dtb
  OVL     arch/arm64/boot/dts/rockchip/px30-ringneck-haikou-haikou-lvds-9904379.dtb
  DTC     arch/arm64/boot/dts/qcom/sc7180-trogdor-pazquel-lte-parade.dtb
  DTC     arch/arm64/boot/dts/freescale/imx-pcie1-ep.dtbo
  OVL     arch/arm64/boot/dts/rockchip/px30-ringneck-haikou-haikou-video-demo.dtb
  OVL     arch/arm64/boot/dts/rockchip/rk3399-nanopc-t4-hd702e.dtb
  DTC     arch/arm64/boot/dts/qcom/sc7180-trogdor-pazquel-lte-ti.dtb
  DTC     arch/arm64/boot/dts/freescale/imx8mq-hummingboard-pulse.dtb
  OVL     arch/arm64/boot/dts/rockchip/rk3368-lion-haikou-haikou-video-demo.dtb
  DTC     arch/arm64/boot/dts/qcom/sc7180-trogdor-pazquel-parade.dtb
  DTC     arch/arm64/boot/dts/freescale/imx8mq-kontron-pitx-imx8m.dtb
  OVL     arch/arm64/boot/dts/rockchip/rk3399-puma-haikou-haikou-video-demo.dtb
  DTC     arch/arm64/boot/dts/qcom/sc7180-trogdor-pazquel-ti.dtb
  OVL     arch/arm64/boot/dts/rockchip/rk3399-rockpro64-screen.dtb
  DTC     arch/arm64/boot/dts/freescale/imx8mq-librem5-devkit.dtb
  OVL     arch/arm64/boot/dts/rockchip/rk3399-rockpro64-v2-screen.dtb
  OVL     arch/arm64/boot/dts/rockchip/rk3566-qnap-ts133-pcb-13.dtb
  DTC     arch/arm64/boot/dts/qcom/sc7180-trogdor-pazquel360-lte.dtb
  DTC     arch/arm64/boot/dts/qcom/sc7180-trogdor-pazquel360-wifi.dtb
  DTC     arch/arm64/boot/dts/freescale/imx8mq-librem5-r2.dtb
  DTC     arch/arm64/boot/dts/qcom/sc7180-trogdor-pompom-r1.dtb
  OVL     arch/arm64/boot/dts/rockchip/rk3568-qnap-ts233-pcb-12-11.dtb
  DTC     arch/arm64/boot/dts/freescale/imx8mq-librem5-r3.dtb
  OVL     arch/arm64/boot/dts/rockchip/rk3568-qnap-ts433-pcb-12-10.dtb
  DTC     arch/arm64/boot/dts/freescale/imx8mq-librem5-r4.dtb
  DTC     arch/arm64/boot/dts/qcom/sc7180-trogdor-pompom-r1-lte.dtb
  OVL     arch/arm64/boot/dts/rockchip/rk3568-wolfvision-pf5-vz-2-uhd.dtb
  DTC     arch/arm64/boot/dts/freescale/imx8mq-tqma8mq-mba8mx.dtb
  DTC     arch/arm64/boot/dts/qcom/sc7180-trogdor-pompom-r2.dtb
  OVL     arch/arm64/boot/dts/rockchip/rk3576-armsom-sige5-v1.2-wifibt.dtb
  OVL     arch/arm64/boot/dts/rockchip/rk3576-evb1-v10-pcie1.dtb
  OVL     arch/arm64/boot/dts/rockchip/rk3588-edgeble-neu6a-wifi.dtb
  OVL     arch/arm64/boot/dts/rockchip/rk3588-edgeble-neu6b-wifi.dtb
  UPD     include/generated/bounds.h
  OVL     arch/arm64/boot/dts/rockchip/rk3588-jaguar-ethernet-switch.dtb
  DTC     arch/arm64/boot/dts/freescale/imx8mq-mnt-reform2.dtb
  DTC     arch/arm64/boot/dts/qcom/sc7180-trogdor-pompom-r2-lte.dtb
  CC      arch/arm64/kernel/asm-offsets.s
  DTC     arch/arm64/boot/dts/freescale/imx8mq-nitrogen.dtb
  OVL     arch/arm64/boot/dts/rockchip/rk3588-jaguar-pre-ict-tester.dtb
  OVL     arch/arm64/boot/dts/rockchip/rk3588-rock-5b-pcie-ep.dtb
  DTC     arch/arm64/boot/dts/qcom/sc7180-trogdor-pompom-r3.dtb
  DTC     arch/arm64/boot/dts/freescale/imx8mq-phanbell.dtb
  DTC     arch/arm64/boot/dts/freescale/imx8mq-pico-pi.dtb
  OVL     arch/arm64/boot/dts/rockchip/rk3588-rock-5b-pcie-srns.dtb
  DTC     arch/arm64/boot/dts/freescale/imx8mq-thor96.dtb
  OVL     arch/arm64/boot/dts/rockchip/rk3588-tiger-haikou-haikou-video-demo.dtb
  DTC     arch/arm64/boot/dts/qcom/sc7180-trogdor-pompom-r3-lte.dtb
  DTC     arch/arm64/boot/dts/qcom/sc7180-trogdor-quackingstick-r0.dtb
  DTC     arch/arm64/boot/dts/freescale/imx8mq-zii-ultra-rmb3.dtb
  DTC     arch/arm64/boot/dts/qcom/sc7180-trogdor-quackingstick-r0-lte.dtb
  DTC     arch/arm64/boot/dts/qcom/sc7180-trogdor-wormdingler-rev1-boe.dtb
  DTC     arch/arm64/boot/dts/freescale/imx8mq-zii-ultra-zest.dtb
  DTC     arch/arm64/boot/dts/qcom/sc7180-trogdor-wormdingler-rev1-inx.dtb
  DTC     arch/arm64/boot/dts/freescale/imx8mq-tqma8mq-mba8mx-lvds-tm070jvhg33.dtbo
  DTC     arch/arm64/boot/dts/qcom/sc7180-trogdor-wormdingler-rev1-inx-rt5682s.dtb
  DTC     arch/arm64/boot/dts/qcom/sc7180-trogdor-wormdingler-rev1-boe-rt5682s.dtb
  DTC     arch/arm64/boot/dts/qcom/sc7180-trogdor-r1.dtb
  DTC     arch/arm64/boot/dts/freescale/imx8qm-apalis-eval.dtb
  DTC     arch/arm64/boot/dts/qcom/sc7180-trogdor-r1-lte.dtb
  DTC     arch/arm64/boot/dts/qcom/sc7280-herobrine-crd.dtb
  DTC     arch/arm64/boot/dts/freescale/imx8qm-apalis-eval-v1.2.dtb
  UPD     include/generated/asm-offsets.h
  DTC     arch/arm64/boot/dts/freescale/imx8qm-apalis-ixora-v1.1.dtb
  DTC     arch/arm64/boot/dts/qcom/sc7280-herobrine-crd-pro.dtb
  CC      kernel/sched/rq-offsets.s
  DTC     arch/arm64/boot/dts/qcom/sc7280-herobrine-evoker.dtb
  DTC     arch/arm64/boot/dts/freescale/imx8qm-apalis-v1.1-eval.dtb
  DTC     arch/arm64/boot/dts/qcom/sc7280-herobrine-evoker-lte.dtb
  DTC     arch/arm64/boot/dts/freescale/imx8qm-apalis-v1.1-eval-v1.2.dtb
  DTC     arch/arm64/boot/dts/qcom/sc7280-herobrine-herobrine-r1.dtb
  DTC     arch/arm64/boot/dts/qcom/sc7280-herobrine-villager-r0.dtb
  DTC     arch/arm64/boot/dts/qcom/sc7280-herobrine-villager-r1.dtb
  DTC     arch/arm64/boot/dts/qcom/sc7280-herobrine-villager-r1-lte.dtb
  DTC     arch/arm64/boot/dts/freescale/imx8qm-apalis-v1.1-ixora-v1.1.dtb
  DTC     arch/arm64/boot/dts/qcom/sc7280-herobrine-zombie.dtb
  DTC     arch/arm64/boot/dts/freescale/imx8qm-apalis-v1.1-ixora-v1.2.dtb
  DTC     arch/arm64/boot/dts/qcom/sc7280-herobrine-zombie-lte.dtb
  DTC     arch/arm64/boot/dts/freescale/imx8qm-mek.dtb
  DTC     arch/arm64/boot/dts/qcom/sc7280-herobrine-zombie-nvme.dtb
  UPD     include/generated/rq-offsets.h
  DTC     arch/arm64/boot/dts/freescale/imx8qm-mek-ov5640-csi0.dtbo
  CALL    scripts/checksyscalls.sh 
  DTC     arch/arm64/boot/dts/qcom/sc7280-herobrine-zombie-nvme-lte.dtb
  DTC     arch/arm64/boot/dts/freescale/imx8qm-mek-ov5640-csi1.dtbo
  DTC     arch/arm64/boot/dts/freescale/imx8qp-apalis-v1.1-eval.dtb
  DTC     arch/arm64/boot/dts/qcom/sc7280-idp.dtb
  DTC     arch/arm64/boot/dts/freescale/imx8qp-apalis-v1.1-eval-v1.2.dtb
  DTC     arch/arm64/boot/dts/qcom/sc7280-idp2.dtb
  DTC     arch/arm64/boot/dts/freescale/imx8qp-apalis-v1.1-ixora-v1.1.dtb
  DTC     arch/arm64/boot/dts/freescale/imx8qp-apalis-v1.1-ixora-v1.2.dtb
  DTC     arch/arm64/boot/dts/qcom/sc7280-crd-r3.dtb
  DTC     arch/arm64/boot/dts/qcom/sc8180x-lenovo-flex-5g.dtb
  DTC     arch/arm64/boot/dts/freescale/imx8qxp-ai_ml.dtb
  DTC     arch/arm64/boot/dts/qcom/sc8180x-primus.dtb
  DTC     arch/arm64/boot/dts/freescale/imx8qxp-colibri-aster.dtb
  DTC     arch/arm64/boot/dts/qcom/sc8280xp-crd.dtb
  DTC     arch/arm64/boot/dts/qcom/sc8280xp-el2.dtbo
  DTC     arch/arm64/boot/dts/freescale/imx8qxp-colibri-eval-v3.dtb
  DTC     arch/arm64/boot/dts/qcom/sc8280xp-huawei-gaokun3.dtb
  DTC     arch/arm64/boot/dts/freescale/imx8qxp-colibri-iris.dtb
  DTC     arch/arm64/boot/dts/qcom/sc8280xp-lenovo-thinkpad-x13s.dtb
  DTC     arch/arm64/boot/dts/qcom/sc8280xp-microsoft-arcata.dtb
  DTC     arch/arm64/boot/dts/qcom/sc8280xp-microsoft-blackrock.dtb
  DTC     arch/arm64/boot/dts/freescale/imx8qxp-colibri-iris-v2.dtb
  DTC     arch/arm64/boot/dts/freescale/imx8qxp-mek.dtb
  DTC     arch/arm64/boot/dts/qcom/sda660-inforce-ifc6560.dtb
  DTC     arch/arm64/boot/dts/freescale/imx8qxp-mek-ov5640-csi.dtbo
  LDS     arch/arm64/kernel/vdso/vdso.lds
  CC      arch/arm64/kernel/vdso/vgettimeofday.o
  DTC     arch/arm64/boot/dts/freescale/imx8qxp-tqma8xqp-mba8xx.dtb
  AS      arch/arm64/kernel/vdso/note.o
  DTC     arch/arm64/boot/dts/qcom/sdm450-lenovo-tbx605f.dtb
  DTC     arch/arm64/boot/dts/freescale/imx8qxp-tqma8xqps-mb-smarc-2.dtb
  AS      arch/arm64/kernel/vdso/sigreturn.o
  DTC     arch/arm64/boot/dts/qcom/sdm450-motorola-ali.dtb
  CC      arch/arm64/kernel/vdso/vgetrandom.o
  AS      arch/arm64/kernel/vdso/vgetrandom-chacha.o
  DTC     arch/arm64/boot/dts/qcom/sdm630-sony-xperia-ganges-kirin.dtb
  DTC     arch/arm64/boot/dts/freescale/imx8ulp-9x9-evk.dtb
  DTC     arch/arm64/boot/dts/freescale/imx8ulp-evk.dtb
  DTC     arch/arm64/boot/dts/qcom/sdm630-sony-xperia-nile-discovery.dtb
  DTC     arch/arm64/boot/dts/qcom/sdm630-sony-xperia-nile-pioneer.dtb
  DTC     arch/arm64/boot/dts/freescale/imx91-11x11-evk.dtb
  DTC     arch/arm64/boot/dts/qcom/sdm630-sony-xperia-nile-voyager.dtb
  DTC     arch/arm64/boot/dts/qcom/sdm632-fairphone-fp3.dtb
  DTC     arch/arm64/boot/dts/freescale/imx91-11x11-frdm.dtb
  DTC     arch/arm64/boot/dts/qcom/sdm632-motorola-ocean.dtb
  DTC     arch/arm64/boot/dts/freescale/imx91-11x11-frdm-s.dtb
  DTC     arch/arm64/boot/dts/qcom/sdm636-sony-xperia-ganges-mermaid.dtb
  DTC     arch/arm64/boot/dts/freescale/imx91-phyboard-segin.dtb
  DTC     arch/arm64/boot/dts/qcom/sdm660-xiaomi-lavender.dtb
  DTC     arch/arm64/boot/dts/freescale/imx91-tqma9131-mba91xxca.dtb
  DTC     arch/arm64/boot/dts/freescale/imx93-tqma9352-mba91xxca-lvds-tm070jvhg33.dtbo
  DTC     arch/arm64/boot/dts/freescale/imx93-tqma9352-mba91xxca-rgb-cdtech-dc44.dtbo
  DTC     arch/arm64/boot/dts/qcom/sdm670-google-sargo.dtb
  DTC     arch/arm64/boot/dts/qcom/sdm845-db845c.dtb
  DTC     arch/arm64/boot/dts/freescale/imx91-var-dart-sonata.dtb
  DTC     arch/arm64/boot/dts/qcom/sdm845-db845c-navigation-mezzanine.dtbo
  DTC     arch/arm64/boot/dts/freescale/imx93-9x9-qsb.dtb
  DTC     arch/arm64/boot/dts/qcom/sdm845-google-crosshatch.dtb
  DTC     arch/arm64/boot/dts/qcom/sdm845-google-blueline.dtb
  DTC     arch/arm64/boot/dts/freescale/imx93-9x9-qsb-can1.dtbo
  LD      arch/arm64/kernel/vdso/vdso.so.dbg
  DTC     arch/arm64/boot/dts/freescale/imx93-9x9-qsb-i3c.dtbo
  DTC     arch/arm64/boot/dts/qcom/sdm845-lg-judyln.dtb
  DTC     arch/arm64/boot/dts/qcom/sdm845-lg-judyp.dtb
  DTC     arch/arm64/boot/dts/freescale/imx93-9x9-qsb-ontat-kd50g21-40nt-a1.dtbo
  DTC     arch/arm64/boot/dts/freescale/imx93-11x11-evk.dtb
  DTC     arch/arm64/boot/dts/qcom/sdm845-mtp.dtb
  DTC     arch/arm64/boot/dts/freescale/imx93-11x11-frdm.dtb
  VDSOSYM include/generated/vdso-offsets.h
  OBJCOPY arch/arm64/kernel/vdso/vdso.so
  DTC     arch/arm64/boot/dts/qcom/sdm845-oneplus-enchilada.dtb
  DTC     arch/arm64/boot/dts/qcom/sdm845-oneplus-fajita.dtb
  DTC     arch/arm64/boot/dts/qcom/sdm845-samsung-starqltechn.dtb
  DTC     arch/arm64/boot/dts/freescale/imx93-11x11-frdm-pixpaper.dtbo
  DTC     arch/arm64/boot/dts/qcom/sdm845-sony-xperia-tama-akari.dtb
  DTC     arch/arm64/boot/dts/freescale/imx93-14x14-evk.dtb
  DTC     arch/arm64/boot/dts/freescale/imx93-kontron-bl-osm-s.dtb
  DTC     arch/arm64/boot/dts/freescale/imx93-phyboard-nash.dtb
  DTC     arch/arm64/boot/dts/qcom/sdm845-sony-xperia-tama-akatsuki.dtb
  DTC     arch/arm64/boot/dts/freescale/imx93-phyboard-segin.dtb
  DTC     arch/arm64/boot/dts/qcom/sdm845-sony-xperia-tama-apollo.dtb
  DTC     arch/arm64/boot/dts/freescale/imx93-phyboard-nash-jtag.dtbo
  DTC     arch/arm64/boot/dts/qcom/sdm845-xiaomi-beryllium-ebbg.dtb
  DTC     arch/arm64/boot/dts/qcom/sdm845-xiaomi-beryllium-tianma.dtb
  DTC     arch/arm64/boot/dts/freescale/imx93-phyboard-nash-peb-wlbt-07.dtbo
  DTC     arch/arm64/boot/dts/freescale/imx93-phyboard-nash-pwm-fan.dtbo
  DTC     arch/arm64/boot/dts/qcom/sdm845-xiaomi-polaris.dtb
  DTC     arch/arm64/boot/dts/freescale/imx93-phyboard-segin-peb-av-02.dtbo
  DTC     arch/arm64/boot/dts/qcom/sdm845-shift-axolotl.dtb
  DTC     arch/arm64/boot/dts/qcom/sdm850-huawei-matebook-e-2019.dtb
  DTC     arch/arm64/boot/dts/qcom/sdm850-lenovo-yoga-c630.dtb
  DTC     arch/arm64/boot/dts/qcom/sdm850-samsung-w737.dtb
  DTC     arch/arm64/boot/dts/freescale/imx93-phyboard-segin-peb-eval-01.dtbo
  DTC     arch/arm64/boot/dts/qcom/sdx75-idp.dtb
  DTC     arch/arm64/boot/dts/qcom/sm4250-oneplus-billie2.dtb
  DTC     arch/arm64/boot/dts/freescale/imx93-phyboard-segin-peb-wlbt-05.dtbo
  DTC     arch/arm64/boot/dts/qcom/sm4450-qrd.dtb
  DTC     arch/arm64/boot/dts/freescale/imx93-phycore-rpmsg.dtbo
  DTC     arch/arm64/boot/dts/qcom/sm6115-fxtec-pro1x.dtb
  DTC     arch/arm64/boot/dts/freescale/imx93-tqma9352-mba91xxca.dtb
  DTC     arch/arm64/boot/dts/qcom/sm6115p-lenovo-j606f.dtb
  DTC     arch/arm64/boot/dts/freescale/imx93-tqma9352-mba93xxca.dtb
  DTC     arch/arm64/boot/dts/qcom/sm6125-sony-xperia-seine-pdx201.dtb
  DTC     arch/arm64/boot/dts/freescale/imx93-tqma9352-mba93xxla.dtb
  DTC     arch/arm64/boot/dts/qcom/sm6125-xiaomi-ginkgo.dtb
  DTC     arch/arm64/boot/dts/qcom/sm6125-xiaomi-laurel-sprout.dtb
  DTC     arch/arm64/boot/dts/freescale/imx93-tqma9352-mba93xxla-mini.dtb
  DTC     arch/arm64/boot/dts/qcom/sm6125-xiaomi-willow.dtb
  DTC     arch/arm64/boot/dts/freescale/imx93-tqma9352-mba93xxla-mini-ezurio-wlan.dtbo
  DTC     arch/arm64/boot/dts/qcom/sm6350-sony-xperia-lena-pdx213.dtb
  DTC     arch/arm64/boot/dts/qcom/sm6375-sony-xperia-murray-pdx225.dtb
  DTC     arch/arm64/boot/dts/freescale/imx93-var-som-symphony.dtb
  DTC     arch/arm64/boot/dts/freescale/imx93w-evk.dtb
  DTC     arch/arm64/boot/dts/freescale/imx943-evk.dtb
  DTC     arch/arm64/boot/dts/qcom/sm7125-xiaomi-curtana.dtb
  DTC     arch/arm64/boot/dts/freescale/imx95-15x15-evk.dtb
  DTC     arch/arm64/boot/dts/qcom/sm7125-xiaomi-joyeuse.dtb
  DTC     arch/arm64/boot/dts/freescale/imx95-15x15-frdm.dtb
  DTC     arch/arm64/boot/dts/qcom/sm7225-fairphone-fp4.dtb
  DTC     arch/arm64/boot/dts/freescale/imx95-19x19-evk.dtb
  DTC     arch/arm64/boot/dts/qcom/sm7325-nothing-spacewar.dtb
  DTC     arch/arm64/boot/dts/freescale/imx95-19x19-evk-sof.dtb
  DTC     arch/arm64/boot/dts/qcom/sm8150-hdk.dtb
  DTC     arch/arm64/boot/dts/freescale/imx95-toradex-smarc-dev.dtb
  DTC     arch/arm64/boot/dts/freescale/imx95-tqma9596sa-mb-smarc-2.dtb
  DTC     arch/arm64/boot/dts/freescale/imx95-var-dart-sonata.dtb
  DTC     arch/arm64/boot/dts/qcom/sm8150-microsoft-surface-duo.dtb
  DTC     arch/arm64/boot/dts/freescale/imx95-verdin-nonwifi-dahlia.dtb
  DTC     arch/arm64/boot/dts/qcom/sm8150-mtp.dtb
  DTC     arch/arm64/boot/dts/freescale/imx95-verdin-nonwifi-dev.dtb
  DTC     arch/arm64/boot/dts/freescale/imx95-verdin-nonwifi-ivy.dtb
  DTC     arch/arm64/boot/dts/qcom/sm8150-sony-xperia-kumano-bahamut.dtb
  DTC     arch/arm64/boot/dts/qcom/sm8150-sony-xperia-kumano-griffin.dtb
  DTC     arch/arm64/boot/dts/freescale/imx95-verdin-nonwifi-mallow.dtb
  DTC     arch/arm64/boot/dts/qcom/sm8250-hdk.dtb
  DTC     arch/arm64/boot/dts/freescale/imx95-verdin-nonwifi-yavia.dtb
  DTC     arch/arm64/boot/dts/qcom/sm8250-mtp.dtb
  DTC     arch/arm64/boot/dts/freescale/imx95-verdin-wifi-dahlia.dtb
  DTC     arch/arm64/boot/dts/qcom/sm8250-samsung-r8q.dtb
  DTC     arch/arm64/boot/dts/qcom/sm8250-samsung-x1q.dtb
  DTC     arch/arm64/boot/dts/freescale/imx95-verdin-wifi-ivy.dtb
  DTC     arch/arm64/boot/dts/qcom/sm8250-sony-xperia-edo-pdx203.dtb
  DTC     arch/arm64/boot/dts/freescale/imx95-verdin-wifi-mallow.dtb
  DTC     arch/arm64/boot/dts/freescale/imx95-verdin-wifi-dev.dtb
  DTC     arch/arm64/boot/dts/qcom/sm8250-sony-xperia-edo-pdx206.dtb
  DTC     arch/arm64/boot/dts/qcom/sm8250-xiaomi-elish-boe.dtb
  DTC     arch/arm64/boot/dts/qcom/sm8250-xiaomi-elish-csot.dtb
  DTC     arch/arm64/boot/dts/freescale/imx95-verdin-wifi-yavia.dtb
  DTC     arch/arm64/boot/dts/qcom/sm8250-xiaomi-pipa.dtb
  DTC     arch/arm64/boot/dts/freescale/imx95-libra-rdk-fpsc.dtb
  DTC     arch/arm64/boot/dts/qcom/sm8350-hdk.dtb
  DTC     arch/arm64/boot/dts/freescale/imx95-19x19-verdin-evk.dtb
  DTC     arch/arm64/boot/dts/qcom/sm8350-microsoft-surface-duo2.dtb
  DTC     arch/arm64/boot/dts/qcom/sm8350-mtp.dtb
  DTC     arch/arm64/boot/dts/freescale/imx952-evk.dtb
  DTC     arch/arm64/boot/dts/qcom/sm8350-sony-xperia-sagami-pdx214.dtb
  DTC     arch/arm64/boot/dts/qcom/sm8350-sony-xperia-sagami-pdx215.dtb
  DTC     arch/arm64/boot/dts/qcom/sm8450-hdk.dtb
  DTC     arch/arm64/boot/dts/freescale/imx8mm-kontron-dl.dtbo
  DTC     arch/arm64/boot/dts/qcom/sm8450-qrd.dtb
  DTC     arch/arm64/boot/dts/qcom/sm8450-samsung-r0q.dtb
  DTC     arch/arm64/boot/dts/freescale/imx8mm-kontron-bl-lte.dtbo
  DTC     arch/arm64/boot/dts/qcom/sm8450-sony-xperia-nagara-pdx223.dtb
  DTC     arch/arm64/boot/dts/freescale/imx8mm-venice-gw72xx-0x-imx219.dtbo
  DTC     arch/arm64/boot/dts/freescale/imx8mm-venice-gw72xx-0x-rpidsi.dtbo
  DTC     arch/arm64/boot/dts/freescale/imx8mm-venice-gw72xx-0x-rs232-rts.dtbo
  DTC     arch/arm64/boot/dts/qcom/sm8450-sony-xperia-nagara-pdx224.dtb
  DTC     arch/arm64/boot/dts/freescale/imx8mm-venice-gw72xx-0x-rs422.dtbo
  DTC     arch/arm64/boot/dts/freescale/imx8mm-venice-gw72xx-0x-rs485.dtbo
  DTC     arch/arm64/boot/dts/freescale/imx8mm-venice-gw73xx-0x-imx219.dtbo
  DTC     arch/arm64/boot/dts/qcom/sm8550-hdk.dtb
  DTC     arch/arm64/boot/dts/qcom/sm8550-hdk-display-card.dtbo
  DTC     arch/arm64/boot/dts/qcom/sm8550-hdk-rear-camera-card.dtbo
  DTC     arch/arm64/boot/dts/freescale/imx8mm-venice-gw73xx-0x-rpidsi.dtbo
  DTC     arch/arm64/boot/dts/freescale/imx8mm-venice-gw73xx-0x-rs232-rts.dtbo
  DTC     arch/arm64/boot/dts/qcom/sm8550-mtp.dtb
  DTC     arch/arm64/boot/dts/freescale/imx8mm-venice-gw73xx-0x-rs422.dtbo
  DTC     arch/arm64/boot/dts/qcom/sm8550-qrd.dtb
  DTC     arch/arm64/boot/dts/freescale/imx8mm-venice-gw73xx-0x-rs485.dtbo
  DTC     arch/arm64/boot/dts/qcom/sm8550-samsung-q5q.dtb
  DTC     arch/arm64/boot/dts/freescale/imx8mp-venice-gw74xx-imx219.dtbo
  DTC     arch/arm64/boot/dts/qcom/sm8550-sony-xperia-yodo-pdx234.dtb
  DTC     arch/arm64/boot/dts/freescale/imx8mp-venice-gw74xx-rpidsi.dtbo
  DTC     arch/arm64/boot/dts/qcom/sm8650-ayaneo-pocket-s2.dtb
  DTC     arch/arm64/boot/dts/freescale/imx8mm-phygate-tauri-l-rs232-rs232.dtbo
  DTC     arch/arm64/boot/dts/freescale/imx8mm-phygate-tauri-l-rs232-rts-cts.dtbo
  DTC     arch/arm64/boot/dts/freescale/imx8mm-phygate-tauri-l-rs232-rs485.dtbo
  DTC     arch/arm64/boot/dts/qcom/sm8650-hdk.dtb
  DTC     arch/arm64/boot/dts/qcom/sm8650-hdk-display-card.dtbo
  DTC     arch/arm64/boot/dts/freescale/s32g274a-evb.dtb
  DTC     arch/arm64/boot/dts/qcom/sm8650-hdk-rear-camera-card.dtbo
  DTC     arch/arm64/boot/dts/qcom/sm8650-mtp.dtb
  DTC     arch/arm64/boot/dts/freescale/s32g274a-rdb2.dtb
  DTC     arch/arm64/boot/dts/qcom/sm8650-qrd.dtb
  DTC     arch/arm64/boot/dts/freescale/s32g399a-rdb3.dtb
  DTC     arch/arm64/boot/dts/qcom/sm8750-mtp.dtb
  DTC     arch/arm64/boot/dts/qcom/sm8750-qrd.dtb
  DTC     arch/arm64/boot/dts/freescale/s32n79-rdb.dtb
  DTC     arch/arm64/boot/dts/qcom/talos-evk.dtb
  DTC     arch/arm64/boot/dts/freescale/s32v234-evb.dtb
  OVL     arch/arm64/boot/dts/freescale/fsl-ls1028a-qds-13bb.dtb
  DTC     arch/arm64/boot/dts/qcom/talos-evk-usb1-peripheral.dtbo
  OVL     arch/arm64/boot/dts/freescale/fsl-ls1028a-qds-65bb.dtb
  DTC     arch/arm64/boot/dts/qcom/talos-evk-camera-imx577.dtbo
  OVL     arch/arm64/boot/dts/freescale/fsl-ls1028a-qds-7777.dtb
  DTC     arch/arm64/boot/dts/qcom/talos-evk-lvds-auo,g133han01.dtbo
  OVL     arch/arm64/boot/dts/freescale/fsl-ls1028a-qds-85bb.dtb
  OVL     arch/arm64/boot/dts/freescale/fsl-ls1028a-qds-899b.dtb
  DTC     arch/arm64/boot/dts/qcom/x1e001de-devkit.dtb
  OVL     arch/arm64/boot/dts/freescale/fsl-ls1028a-qds-9999.dtb
  OVL     arch/arm64/boot/dts/freescale/fsl-lx2160a-tqmlx2160a-mblx2160a-12-11-x.dtb
  OVL     arch/arm64/boot/dts/freescale/fsl-lx2160a-tqmlx2160a-mblx2160a-12-8-x.dtb
  DTC     arch/arm64/boot/dts/qcom/x1e78100-lenovo-thinkpad-t14s.dtb
  DTC     arch/arm64/boot/dts/qcom/x1e78100-lenovo-thinkpad-t14s-oled.dtb
  OVL     arch/arm64/boot/dts/freescale/fsl-lx2160a-tqmlx2160a-mblx2160a-12-7-x.dtb
  DTC     arch/arm64/boot/dts/qcom/x1e80100-asus-vivobook-s15.dtb
  OVL     arch/arm64/boot/dts/freescale/fsl-lx2160a-tqmlx2160a-mblx2160a-14-11-x.dtb
  OVL     arch/arm64/boot/dts/freescale/fsl-lx2160a-tqmlx2160a-mblx2160a-14-8-x.dtb
  OVL     arch/arm64/boot/dts/freescale/fsl-lx2160a-tqmlx2160a-mblx2160a-14-7-x.dtb
  OVL     arch/arm64/boot/dts/freescale/imx8dxl-evk-pcie-ep.dtb
  OVL     arch/arm64/boot/dts/freescale/imx8mm-evk-pcie-ep.dtb
  OVL     arch/arm64/boot/dts/freescale/imx8mm-evkb-pcie-ep.dtb
  DTC     arch/arm64/boot/dts/qcom/x1e80100-asus-zenbook-a14.dtb
  DTC     arch/arm64/boot/dts/qcom/x1e80100-crd.dtb
  OVL     arch/arm64/boot/dts/freescale/imx8mm-phyboard-polis-peb-av-10.dtb
  OVL     arch/arm64/boot/dts/freescale/imx8mm-phyboard-polis-peb-av-10-etml1010g3dra.dtb
  OVL     arch/arm64/boot/dts/freescale/imx8mm-phyboard-polis-peb-av-10-ph128800t006.dtb
  OVL     arch/arm64/boot/dts/freescale/imx8mm-phyboard-polis-peb-eval-01.dtb
  OVL     arch/arm64/boot/dts/freescale/imx8mm-phycore-no-eth.dtb
  DTC     arch/arm64/boot/dts/qcom/x1e80100-dell-inspiron-14-plus-7441.dtb
  OVL     arch/arm64/boot/dts/freescale/imx8mm-phycore-no-spiflash.dtb
  DTC     arch/arm64/boot/dts/qcom/x1e80100-dell-latitude-7455.dtb
  OVL     arch/arm64/boot/dts/freescale/imx8mm-phycore-rpmsg.dtb
  OVL     arch/arm64/boot/dts/freescale/imx8mm-tqma8mqml-mba8mx-lvds-g133han01.dtb
  DTC     arch/arm64/boot/dts/qcom/x1e80100-dell-xps13-9345.dtb
  OVL     arch/arm64/boot/dts/freescale/imx8mm-tqma8mqml-mba8mx-lvds-tm070jvhg33.dtb
  OVL     arch/arm64/boot/dts/freescale/imx8mn-vhip4-evalboard-v1-overlay-ksz8794.dtb
  OVL     arch/arm64/boot/dts/freescale/imx8mn-vhip4-evalboard-v1-overlay-ksz9031.dtb
  OVL     arch/arm64/boot/dts/freescale/imx8mn-vhip4-evalboard-v2-overlay-adin1300.dtb
  DTC     arch/arm64/boot/dts/qcom/x1e80100-hp-elitebook-ultra-g1q.dtb
  OVL     arch/arm64/boot/dts/freescale/imx8mn-vhip4-evalboard-v2-overlay-ksz8794.dtb
  DTC     arch/arm64/boot/dts/qcom/x1e80100-hp-omnibook-x14.dtb
  OVL     arch/arm64/boot/dts/freescale/imx8mn-tqma8mqnl-mba8mx-lvds-g133han01.dtb
  OVL     arch/arm64/boot/dts/freescale/imx8mn-tqma8mqnl-mba8mx-lvds-tm070jvhg33.dtb
  DTC     arch/arm64/boot/dts/qcom/x1e80100-lenovo-yoga-slim7x.dtb
  OVL     arch/arm64/boot/dts/freescale/imx8mn-tqma8mqnl-mba8mx-usbotg.dtb
  OVL     arch/arm64/boot/dts/freescale/imx8mp-aristainetos3-helios-lvds.dtb
  DTC     arch/arm64/boot/dts/qcom/x1e80100-medion-sprchrgd-14-s1.dtb
  OVL     arch/arm64/boot/dts/freescale/imx8mp-hummingboard-iiot-panel-dsi-WJ70N3TYJHMNG0.dtb
  DTC     arch/arm64/boot/dts/qcom/x1e80100-microsoft-denali-oled.dtb
  DTC     arch/arm64/boot/dts/qcom/x1e80100-microsoft-romulus13.dtb
  OVL     arch/arm64/boot/dts/freescale/imx8mp-hummingboard-iiot-panel-lvds-WF70A8SYJHLNGA.dtb
  DTC     arch/arm64/boot/dts/qcom/x1e80100-microsoft-romulus15.dtb
  OVL     arch/arm64/boot/dts/freescale/imx8mp-hummingboard-iiot-rs485-a.dtb
  OVL     arch/arm64/boot/dts/freescale/imx8mp-hummingboard-iiot-rs485-b.dtb
  DTC     arch/arm64/boot/dts/qcom/x1e80100-qcp.dtb
  DTC     arch/arm64/boot/dts/qcom/x1p42100-asus-vivobook-s15.dtb
  OVL     arch/arm64/boot/dts/freescale/imx8mp-kontron-dl.dtb
  OVL     arch/arm64/boot/dts/freescale/imx8mp-libra-rdk-fpsc-lvds-etml1010g3dra.dtb
  OVL     arch/arm64/boot/dts/freescale/imx8mp-libra-rdk-fpsc-lvds-ph128800t006-zhc01.dtb
  OVL     arch/arm64/boot/dts/freescale/imx8mp-libra-rdk-fpsc-lvds-peb-av-10.dtb
  OVL     arch/arm64/boot/dts/freescale/imx8mp-phyboard-pollux-etml1010g3dra.dtb
  DTC     arch/arm64/boot/dts/qcom/x1p42100-asus-zenbook-a14.dtb
  OVL     arch/arm64/boot/dts/freescale/imx8mp-phyboard-pollux-peb-av-10.dtb
  OVL     arch/arm64/boot/dts/freescale/imx8mp-phyboard-pollux-peb-av-10-etml1010g3dra.dtb
  OVL     arch/arm64/boot/dts/freescale/imx8mp-phyboard-pollux-peb-av-10-ph128800t006.dtb
  DTC     arch/arm64/boot/dts/qcom/x1p42100-asus-zenbook-a14-lcd.dtb
  OVL     arch/arm64/boot/dts/freescale/imx8mp-phyboard-pollux-ph128800t006.dtb
  OVL     arch/arm64/boot/dts/freescale/imx8mp-phyboard-pollux-rdk-no-eth.dtb
  DTC     arch/arm64/boot/dts/qcom/x1p42100-crd.dtb
  OVL     arch/arm64/boot/dts/freescale/imx8mp-phyboard-pollux-wlbt.dtb
  OVL     arch/arm64/boot/dts/freescale/imx8mp-tx8p-ml81-moduline-display-106-av101hdt-a10.dtb
  OVL     arch/arm64/boot/dts/freescale/imx8mp-tx8p-ml81-moduline-display-106-av123z7m-n17.dtb
  DTC     arch/arm64/boot/dts/qcom/x1p42100-hp-omnibook-x14.dtb
  OVL     arch/arm64/boot/dts/freescale/imx8mp-evk-lvds0-imx-dlvds-hdmi-channel0.dtb
  OVL     arch/arm64/boot/dts/freescale/imx8mp-evk-lvds0-imx-lvds-hdmi.dtb
  OVL     arch/arm64/boot/dts/freescale/imx8mp-evk-lvds1-imx-dlvds-hdmi-channel0.dtb
  OVL     arch/arm64/boot/dts/freescale/imx8mp-evk-lvds1-imx-lvds-hdmi.dtb
  OVL     arch/arm64/boot/dts/freescale/imx8mp-evk-mx8-dlvds-lcd1.dtb
  DTC     arch/arm64/boot/dts/qcom/x1p42100-lenovo-thinkbook-16.dtb
  OVL     arch/arm64/boot/dts/freescale/imx8mp-tqma8mpql-mba8mpxl-lvds-g133han01.dtb
  OVL     arch/arm64/boot/dts/freescale/imx8mp-tqma8mpql-mba8mpxl-lvds-tm070jvhg33.dtb
  OVL     arch/arm64/boot/dts/freescale/imx8mp-tqma8mpql-mba8mp-ras314-imx219.dtb
  OVL     arch/arm64/boot/dts/freescale/imx8mp-tqma8mpql-mba8mp-ras314-lvds-tm070jvhg33.dtb
  OVL     arch/arm64/boot/dts/freescale/imx8mp-tqma8mpql-mba8mp-ras314-lvds-tm070jvhg33-imx219.dtb
  OVL     arch/arm64/boot/dts/freescale/imx8mq-evk-pcie1-ep.dtb
  OVL     arch/arm64/boot/dts/freescale/imx8mq-tqma8mq-mba8mx-lvds-tm070jvhg33.dtb
  DTC     arch/arm64/boot/dts/qcom/x1p64100-microsoft-denali.dtb
  OVL     arch/arm64/boot/dts/freescale/imx8qm-mek-ov5640-csi0.dtb
  OVL     arch/arm64/boot/dts/freescale/imx8qm-mek-ov5640-csi1.dtb
  OVL     arch/arm64/boot/dts/qcom/apq8016-sbc-d3-camera-mezzanine.dtb
  OVL     arch/arm64/boot/dts/freescale/imx8qm-mek-ov5640-dual.dtb
  OVL     arch/arm64/boot/dts/qcom/apq8016-sbc-usb-host.dtb
  OVL     arch/arm64/boot/dts/freescale/imx8qxp-mek-pcie-ep.dtb
  OVL     arch/arm64/boot/dts/qcom/hamoa-iot-evk-el2.dtb
  OVL     arch/arm64/boot/dts/freescale/imx8qxp-mek-ov5640-csi.dtb
  OVL     arch/arm64/boot/dts/qcom/lemans-evk-camera-csi1-imx577.dtb
  OVL     arch/arm64/boot/dts/qcom/lemans-evk-camera.dtb
  OVL     arch/arm64/boot/dts/freescale/imx91-tqma9131-mba91xxca-lvds-tm070jvhg33.dtb
  OVL     arch/arm64/boot/dts/freescale/imx91-tqma9131-mba91xxca-rgb-cdtech-dc44.dtb
  OVL     arch/arm64/boot/dts/qcom/lemans-evk-el2.dtb
  OVL     arch/arm64/boot/dts/qcom/lemans-evk-ifp-mezzanine.dtb
  OVL     arch/arm64/boot/dts/freescale/imx93-9x9-qsb-can1.dtb
  OVL     arch/arm64/boot/dts/qcom/monaco-evk-camera-imx577.dtb
  OVL     arch/arm64/boot/dts/freescale/imx93-9x9-qsb-i3c.dtb
  OVL     arch/arm64/boot/dts/freescale/imx93-9x9-qsb-ontat-kd50g21-40nt-a1.dtb
  OVL     arch/arm64/boot/dts/qcom/monaco-evk-el2.dtb
  OVL     arch/arm64/boot/dts/freescale/imx93-11x11-frdm-pixpaper.dtb
  OVL     arch/arm64/boot/dts/qcom/monaco-evk-ifp-mezzanine.dtb
  OVL     arch/arm64/boot/dts/freescale/imx93-phyboard-nash-jtag.dtb
  OVL     arch/arm64/boot/dts/qcom/qcs615-ride-el2.dtb
  OVL     arch/arm64/boot/dts/freescale/imx93-phyboard-nash-peb-wlbt-07.dtb
  OVL     arch/arm64/boot/dts/qcom/qcs6490-rb3gen2-industrial-mezzanine.dtb
  OVL     arch/arm64/boot/dts/qcom/qcs6490-rb3gen2-vision-mezzanine.dtb
  OVL     arch/arm64/boot/dts/freescale/imx93-phyboard-nash-pwm-fan.dtb
  OVL     arch/arm64/boot/dts/qcom/qcs8300-ride-el2.dtb
  OVL     arch/arm64/boot/dts/freescale/imx93-phyboard-segin-peb-av-02.dtb
  OVL     arch/arm64/boot/dts/qcom/qcs9100-ride-el2.dtb
  OVL     arch/arm64/boot/dts/qcom/qcs9100-ride-r3-el2.dtb
  OVL     arch/arm64/boot/dts/freescale/imx93-phyboard-segin-peb-eval-01.dtb
  OVL     arch/arm64/boot/dts/qcom/qrb5165-rb5-vision-mezzanine.dtb
  OVL     arch/arm64/boot/dts/qcom/qrb2210-rb1-vision-mezzanine.dtb
  OVL     arch/arm64/boot/dts/freescale/imx93-phyboard-segin-peb-wlbt-05.dtb
  OVL     arch/arm64/boot/dts/qcom/sc7180-acer-aspire1-el2.dtb
  OVL     arch/arm64/boot/dts/freescale/imx93-phycore-rpmsg.dtb
  OVL     arch/arm64/boot/dts/qcom/sc7180-ecs-liva-qc710-el2.dtb
  OVL     arch/arm64/boot/dts/qcom/sc8280xp-crd-el2.dtb
  OVL     arch/arm64/boot/dts/qcom/sc8280xp-huawei-gaokun3-el2.dtb
  OVL     arch/arm64/boot/dts/freescale/imx93-tqma9352-mba91xxca-lvds-tm070jvhg33.dtb
  OVL     arch/arm64/boot/dts/qcom/sc8280xp-lenovo-thinkpad-x13s-el2.dtb
  OVL     arch/arm64/boot/dts/freescale/imx93-tqma9352-mba91xxca-rgb-cdtech-dc44.dtb
  OVL     arch/arm64/boot/dts/qcom/sc8280xp-microsoft-arcata-el2.dtb
  OVL     arch/arm64/boot/dts/freescale/imx93-tqma9352-mba93xxla-mini-ezurio-wlan.dtb
  OVL     arch/arm64/boot/dts/freescale/imx95-15x15-evk-pcie0-ep.dtb
  OVL     arch/arm64/boot/dts/qcom/sc8280xp-microsoft-blackrock-el2.dtb
  OVL     arch/arm64/boot/dts/qcom/sdm845-db845c-navigation-mezzanine.dtb
  OVL     arch/arm64/boot/dts/freescale/imx95-19x19-evk-pcie0-ep.dtb
  OVL     arch/arm64/boot/dts/freescale/imx95-19x19-evk-pcie1-ep.dtb
  OVL     arch/arm64/boot/dts/qcom/sm8550-hdk-display-card-rear-camera-card.dtb
  OVL     arch/arm64/boot/dts/qcom/sm8550-hdk-display-card.dtb
  OVL     arch/arm64/boot/dts/freescale/imx8mm-kontron-dl.dtb
  OVL     arch/arm64/boot/dts/freescale/imx8mm-kontron-bl-lte.dtb
  OVL     arch/arm64/boot/dts/freescale/imx8mm-venice-gw72xx-0x-imx219.dtb
  OVL     arch/arm64/boot/dts/qcom/sm8550-hdk-rear-camera-card.dtb
  OVL     arch/arm64/boot/dts/freescale/imx8mm-venice-gw72xx-0x-rpidsi.dtb
  OVL     arch/arm64/boot/dts/qcom/sm8650-hdk-display-card-rear-camera-card.dtb
  OVL     arch/arm64/boot/dts/freescale/imx8mm-venice-gw72xx-0x-rs232-rts.dtb
  OVL     arch/arm64/boot/dts/freescale/imx8mm-venice-gw72xx-0x-rs422.dtb
  OVL     arch/arm64/boot/dts/qcom/sm8650-hdk-display-card.dtb
  OVL     arch/arm64/boot/dts/freescale/imx8mm-venice-gw72xx-0x-rs485.dtb
  OVL     arch/arm64/boot/dts/qcom/talos-evk-usb1-peripheral.dtb
  OVL     arch/arm64/boot/dts/qcom/sm8650-hdk-rear-camera-card.dtb
  OVL     arch/arm64/boot/dts/qcom/talos-evk-camera-imx577.dtb
  OVL     arch/arm64/boot/dts/freescale/imx8mm-venice-gw73xx-0x-imx219.dtb
  OVL     arch/arm64/boot/dts/freescale/imx8mm-venice-gw73xx-0x-rpidsi.dtb
  OVL     arch/arm64/boot/dts/freescale/imx8mm-venice-gw73xx-0x-rs232-rts.dtb
  OVL     arch/arm64/boot/dts/qcom/talos-evk-lvds-auo,g133han01.dtb
  OVL     arch/arm64/boot/dts/freescale/imx8mm-venice-gw73xx-0x-rs422.dtb
  OVL     arch/arm64/boot/dts/qcom/x1e001de-devkit-el2.dtb
  OVL     arch/arm64/boot/dts/freescale/imx8mm-venice-gw73xx-0x-rs485.dtb
  OVL     arch/arm64/boot/dts/qcom/x1e78100-lenovo-thinkpad-t14s-el2.dtb
  OVL     arch/arm64/boot/dts/qcom/x1e78100-lenovo-thinkpad-t14s-oled-el2.dtb
  OVL     arch/arm64/boot/dts/freescale/imx8mp-venice-gw74xx-imx219.dtb
  OVL     arch/arm64/boot/dts/qcom/x1e80100-asus-vivobook-s15-el2.dtb
  OVL     arch/arm64/boot/dts/freescale/imx8mp-venice-gw74xx-rpidsi.dtb
  OVL     arch/arm64/boot/dts/qcom/x1e80100-asus-zenbook-a14-el2.dtb
  OVL     arch/arm64/boot/dts/qcom/x1e80100-crd-el2.dtb
  OVL     arch/arm64/boot/dts/qcom/x1e80100-dell-inspiron-14-plus-7441-el2.dtb
  OVL     arch/arm64/boot/dts/qcom/x1e80100-dell-latitude-7455-el2.dtb
  OVL     arch/arm64/boot/dts/freescale/imx8mm-phygate-tauri-l-rs232-rs232.dtb
  OVL     arch/arm64/boot/dts/qcom/x1e80100-dell-xps13-9345-el2.dtb
  OVL     arch/arm64/boot/dts/qcom/x1e80100-hp-elitebook-ultra-g1q-el2.dtb
  OVL     arch/arm64/boot/dts/freescale/imx8mm-phygate-tauri-l-rs232-cts-rts.dtb
  OVL     arch/arm64/boot/dts/freescale/imx8mm-phygate-tauri-l-rs232-rs485.dtb
  OVL     arch/arm64/boot/dts/qcom/x1e80100-hp-omnibook-x14-el2.dtb
  OVL     arch/arm64/boot/dts/qcom/x1e80100-lenovo-yoga-slim7x-el2.dtb
  OVL     arch/arm64/boot/dts/qcom/x1e80100-medion-sprchrgd-14-s1-el2.dtb
  OVL     arch/arm64/boot/dts/qcom/x1e80100-microsoft-romulus13-el2.dtb
  OVL     arch/arm64/boot/dts/qcom/x1e80100-microsoft-romulus15-el2.dtb
  OVL     arch/arm64/boot/dts/qcom/x1e80100-qcp-el2.dtb
  OVL     arch/arm64/boot/dts/qcom/x1p42100-asus-vivobook-s15-el2.dtb
  OVL     arch/arm64/boot/dts/qcom/x1p42100-asus-zenbook-a14-el2.dtb
  OVL     arch/arm64/boot/dts/qcom/x1e80100-microsoft-denali-oled-el2.dtb
  OVL     arch/arm64/boot/dts/qcom/x1p42100-hp-omnibook-x14-el2.dtb
  OVL     arch/arm64/boot/dts/qcom/x1p42100-asus-zenbook-a14-lcd-el2.dtb
  OVL     arch/arm64/boot/dts/qcom/x1p42100-crd-el2.dtb
  OVL     arch/arm64/boot/dts/qcom/x1p42100-lenovo-thinkbook-16-el2.dtb
  OVL     arch/arm64/boot/dts/qcom/x1p64100-microsoft-denali-el2.dtb
  RUSTC L rust/core.o
  CC      rust/helpers/helpers.o
  BINDGEN rust/bindings/bindings_generated.rs
  BINDGEN rust/bindings/bindings_helpers_generated.rs
  RUSTC PL rust/libproc_macro2.rlib
  BINDGEN rust/uapi/uapi_generated.rs
  RSCPP     rust/kernel/generated_arch_static_branch_asm.rs
  RSCPP     rust/kernel/generated_arch_warn_asm.rs
  RSCPP     rust/kernel/generated_arch_reachable_asm.rs
  EXPORTS rust/exports_helpers_generated.h
  RUSTC PL rust/libquote.rlib
  RUSTC PL rust/libsyn.rlib
  RUSTC P rust/libpin_init_internal.so
  RUSTC P rust/libmacros.so
  EXPORTS rust/exports_core_generated.h
  RUSTC L rust/compiler_builtins.o
  RUSTC L rust/ffi.o
  RUSTC L rust/pin_init.o
  RUSTC L rust/build_error.o
  RUSTC L rust/bindings.o
  RUSTC L rust/uapi.o
  EXPORTS rust/exports_bindings_generated.h
  RUSTC L rust/kernel.o
  EXPORTS rust/exports_kernel_generated.h
  LDS     scripts/module.lds
  HOSTCC  usr/gen_init_cpio
  CC      certs/system_keyring.o
  CC      init/main.o
  CC      ipc/compat.o
  CC      init/do_mounts.o
  CC      block/bdev.o
  CC      security/commoncap.o
  CC      ipc/util.o
  CC      init/do_mounts_initrd.o
  CC      mm/filemap.o
  AS      arch/arm64/lib/clear_page.o
  CC      block/fops.o
  CC      io_uring/io_uring.o
  CC      fs/open.o
  CC      mm/mempool.o
  AR      sound/built-in.a
  CC      security/keys/gc.o
  UPD     init/utsversion-tmp.h
  CC      net/devres.o
  CC      arch/arm64/kernel/debug-monitors.o
  CC      lib/argv_split.o
  CC      arch/arm64/net/bpf_jit_comp.o
  CC      arch/arm64/mm/dma-mapping.o
  CC      arch/arm64/kvm/hyp-constants.s
  CC      virt/lib/irqbypass.o
  CC      arch/arm64/mm/extable.o
  AR      drivers/cache/built-in.a
  CC      arch/arm64/hyperv/hv_core.o
  AS      arch/arm64/lib/clear_user.o
  CC      kernel/fork.o
  CC      net/socket.o
  CC      mm/oom_kill.o
  CC      drivers/irqchip/irqchip.o
  CC      drivers/bus/hisi_lpc.o
  CC      ipc/msgutil.o
  CC      drivers/irqchip/irq-al-fic.o
  CC      drivers/bus/qcom-ssc-block-bus.o
  AS      arch/arm64/lib/copy_from_user.o
  CC      crypto/api.o
  HDRTEST usr/include/mtd/inftl-user.h
  CC      lib/bug.o
  CC      drivers/bus/fsl-mc/fsl-mc-bus.o
  CC      init/initramfs.o
  CC      lib/buildid.o
  CC      security/keys/key.o
  CC      block/bio.o
  CC      io_uring/opdef.o
  CC      block/elevator.o
  CC      block/blk-core.o
  CC      drivers/irqchip/irq-alpine-msi.o
  AS      arch/arm64/kernel/entry.o
  AS      arch/arm64/lib/copy_page.o
  CC      arch/arm64/hyperv/mshyperv.o
  CC      fs/read_write.o
  AR      virt/lib/built-in.a
  CC      arch/arm64/mm/fault.o
  AS      arch/arm64/lib/copy_to_user.o
  AS      arch/arm64/net/bpf_timed_may_goto.o
  CC      mm/fadvise.o
  CC      mm/maccess.o
  CC      arch/arm64/crypto/aes-ce-ccm-glue.o
  CC      net/compat.o
  CC      kernel/exec_domain.o
  CC      arch/arm64/kvm/hyp/vhe/timer-sr.o
  CC      net/core/sock.o
  CC      crypto/cipher.o
  CC      net/core/skbuff.o
  CC      lib/clz_tab.o
  CC      arch/arm64/kernel/irq.o
  AR      arch/arm64/net/built-in.a
  CC      init/calibrate.o
  CC      drivers/bus/fsl-mc/mc-sys.o
  CC      drivers/irqchip/irq-bcm2835.o
  CC      io_uring/kbuf.o
  CC      drivers/irqchip/irq-bcm2836.o
  CC      ipc/msg.o
  CC      ipc/sem.o
  AR      arch/arm64/hyperv/built-in.a
  CC      lib/cmdline.o
  CC      arch/arm64/lib/csum.o
  AR      virt/built-in.a
  CC      security/keys/keyring.o
  CC      block/blk-sysfs.o
  CC      fs/file_table.o
  CC      block/blk-flush.o
  AS      arch/arm64/crypto/aes-ce-ccm-core.o
  CC      mm/page-writeback.o
  CC      arch/arm64/mm/init.o
  CC      kernel/panic.o
  CC      block/blk-settings.o
  CC      arch/arm64/kvm/hyp/vhe/sysreg-sr.o
  CC      block/blk-ioc.o
  CC      init/init_task.o
  CC      mm/folio-compat.o
  CC      crypto/crypto_engine.o
  CC      io_uring/rsrc.o
  CC      arch/arm64/lib/delay.o
  CC      drivers/irqchip/irq-tegra.o
  CC      mm/readahead.o
  CC      arch/arm64/kernel/fpsimd.o
  CC      drivers/bus/fsl-mc/mc-io.o
  CC      arch/arm64/kernel/entry-common.o
  CC      arch/arm64/crypto/aes-glue-ce.o
  AS      arch/arm64/kernel/entry-fpsimd.o
  CC      arch/arm64/kernel/process.o
  CC      ipc/shm.o
  CC      arch/arm64/kvm/../../../virt/kvm/kvm_main.o
  CC      security/keys/keyctl.o
  CC      net/core/datagram.o
  CC      drivers/phy/phy-core.o
  CC      security/keys/permission.o
  CC      fs/super.o
  CC      block/blk-map.o
  CC      kernel/cpu.o
  CC      security/keys/process_keys.o
  CC      arch/arm64/lib/insn.o
  CC      arch/arm64/kvm/hyp/vhe/debug-sr.o
  CC      init/version.o
  CC      arch/arm64/kvm/hyp/vhe/switch.o
  CC      net/core/stream.o
  CC      arch/arm64/crypto/aes-glue-neon.o
  CC      drivers/bus/fsl-mc/dpbp.o
  CC      arch/arm64/kvm/hyp/vhe/tlb.o
  CC      mm/swap.o
  CC      drivers/irqchip/irq-sun6i-r.o
  AS      arch/arm64/mm/cache.o
  CC      crypto/algapi.o
  CC      arch/arm64/kvm/hyp/vhe/../vgic-v3-sr.o
  CC      io_uring/notif.o
  CC      arch/arm64/kvm/hyp/vhe/../aarch32.o
  AS      arch/arm64/lib/memchr.o
  AS      arch/arm64/lib/memcmp.o
  CC      drivers/phy/phy-core-mipi-dphy.o
  CC      arch/arm64/kernel/ptrace.o
  CC      ipc/syscall.o
  CC      block/blk-merge.o
  CC      fs/char_dev.o
  HDRTEST usr/include/mtd/ubi-user.h
  AR      init/built-in.a
  AS      arch/arm64/lib/memcpy.o
  HDRTEST usr/include/mtd/nftl-user.h
  CC      block/blk-timeout.o
  CC      drivers/irqchip/irq-sunxi-nmi.o
  CC      drivers/bus/fsl-mc/dpcon.o
  CC      drivers/phy/phy-xgene.o
  CC      fs/stat.o
  CC      kernel/exit.o
  CC      arch/arm64/mm/copypage.o
  CC      security/lsm_syscalls.o
  CC      kernel/resource.o
  CC      security/keys/request_key.o
  CC      io_uring/tctx.o
  CC      mm/truncate.o
  CC      kernel/softirq.o
  CC [M]  arch/arm64/crypto/ghash-ce-glue.o
  AS      arch/arm64/lib/memset.o
  CC      io_uring/filetable.o
  CC      mm/vmscan.o
  CC      arch/arm64/kvm/hyp/vhe/../vgic-v2-cpuif-proxy.o
  CC      net/core/scm.o
  CC      ipc/ipc_sysctl.o
  CC      crypto/scatterwalk.o
  CC      ipc/mqueue.o
  CC      arch/arm64/kernel/setup.o
  CC      fs/exec.o
  CC      block/blk-lib.o
  AR      drivers/phy/allwinner/built-in.a
  AS      arch/arm64/lib/strchr.o
  CC      mm/shrinker.o
  AS      arch/arm64/lib/strcmp.o
  CC      arch/arm64/mm/flush.o
  CC      drivers/irqchip/irq-gic.o
  CC      drivers/bus/fsl-mc/dprc.o
  CC      fs/pipe.o
  CC      security/keys/request_key_auth.o
  CC      drivers/pinctrl/core.o
  CC      lib/cpumask.o
  CC      arch/arm64/kvm/../../../virt/kvm/eventfd.o
  CC      io_uring/rw.o
  CC      fs/namei.o
  CC      ipc/namespace.o
  CC      kernel/sysctl.o
  HOSTCC  certs/extract-cert
  COPY    certs/x509.genkey
  CC      net/core/gen_stats.o
  AS [M]  arch/arm64/crypto/ghash-ce-core.o
  CC      drivers/phy/amlogic/phy-meson-g12a-usb2.o
  CC      lib/ctype.o
  AS      arch/arm64/kvm/hyp/vhe/../entry.o
  CC      lib/dec_and_lock.o
  AS      arch/arm64/lib/strlen.o
  AS      arch/arm64/lib/strncmp.o
  CC      arch/arm64/kernel/signal.o
  CC      drivers/pinctrl/pinctrl-utils.o
  CC      crypto/proc.o
  CC      arch/arm64/kernel/sys.o
  AR      arch/arm64/crypto/built-in.a
  CC      block/blk-mq.o
  LD [M]  arch/arm64/crypto/ghash-ce.o
  CC      mm/shmem.o
  LDS     arch/arm64/kvm/hyp/nvhe/hyp.lds
  CC      fs/fcntl.o
  CC      arch/arm64/mm/ioremap.o
  AS      arch/arm64/kvm/hyp/vhe/../fpsimd.o
  CC      drivers/bus/fsl-mc/dprc-driver.o
  CC      arch/arm64/kvm/hyp/nvhe/timer-sr.nvhe.o
  AS      arch/arm64/kvm/hyp/vhe/../hyp-entry.o
  AS      arch/arm64/lib/strnlen.o
  CC      arch/arm64/kvm/hyp/nvhe/sysreg-sr.nvhe.o
  CC      drivers/irqchip/irq-gic-common.o
  CC      ipc/mq_sysctl.o
  CC      io_uring/poll.o
  CC      net/core/gen_estimator.o
  CC      drivers/phy/amlogic/phy-meson-g12a-mipi-dphy-analog.o
  CC      security/keys/user_defined.o
  CC      kernel/capability.o
  CC      security/keys/compat.o
  CC      crypto/aead.o
  CC      drivers/pinctrl/pinmux.o
  CC      security/min_addr.o
  CC      fs/ioctl.o
  CC      crypto/geniv.o
  CC      drivers/bus/fsl-mc/fsl-mc-allocator.o
  CC      crypto/lskcipher.o
  CC      arch/arm64/kvm/hyp/vhe/../exception.o
  AS      arch/arm64/lib/strrchr.o
  CC      arch/arm64/kernel/stacktrace.o
  CC      arch/arm64/mm/mmap.o
  CC      net/ethernet/eth.o
  CC      security/security.o
  CC      arch/arm64/mm/pgd.o
  CC      certs/blacklist.o
  CC      security/lsm_notifier.o
  AS      arch/arm64/lib/tishift.o
  CC      drivers/pinctrl/pinconf.o
  CC      block/blk-mq-tag.o
  CC      drivers/irqchip/irq-gic-pm.o
  CC      mm/util.o
  AR      ipc/built-in.a
  CC      kernel/ptrace.o
  CC      mm/mmzone.o
  CC      arch/arm64/kvm/hyp/nvhe/debug-sr.nvhe.o
  CC      drivers/bus/fsl-mc/fsl-mc-msi.o
  CC      security/keys/compat_dh.o
  CC      drivers/phy/amlogic/phy-meson-axg-mipi-pcie-analog.o
  CC      crypto/skcipher.o
  CC      fs/readdir.o
  CC      net/core/net_namespace.o
  CC      io_uring/tw.o
  CC      security/keys/proc.o
  GEN     certs/blacklist_hash_list
  CC      arch/arm64/kvm/hyp/vhe/../vgic-v5-sr.o
  CC      security/keys/sysctl.o
  CC      arch/arm64/lib/uaccess_flushcache.o
  CC      security/keys/persistent.o
  CC      arch/arm64/kernel/time.o
  AR      net/ethernet/built-in.a
  CC      security/keys/dh.o
  CC      drivers/pinctrl/pinconf-generic.o
  CC      drivers/irqchip/irq-msi-lib.o
  CC      security/lsm_init.o
  CC      security/keys/keyctl_pkey.o
  CC      arch/arm64/mm/mem_encrypt.o
  CC      mm/vmstat.o
  CC      arch/arm64/kvm/hyp/nvhe/switch.nvhe.o
  AR      drivers/phy/amlogic/built-in.a
  CC      mm/backing-dev.o
  CC      drivers/bus/fsl-mc/dpmcp.o
  CC      drivers/gpio/gpiolib.o
  CC      kernel/user.o
  CC      block/blk-mq-dma.o
  CC      crypto/bpf_crypto_skcipher.o
  CC      drivers/irqchip/irq-gic-v2m.o
  CC      io_uring/wait.o
  CC      net/core/secure_seq.o
  AS      arch/arm64/lib/mte.o
  CC      fs/select.o
  CC      arch/arm64/kernel/traps.o
  CC      net/802/fc.o
  CC      drivers/pinctrl/devicetree.o
  CC      net/core/flow_dissector.o
  HDRTEST usr/include/mtd/mtd-user.h
  CC      arch/arm64/mm/mmu.o
  CC      net/core/sysctl_net_core.o
  CC      arch/arm64/kvm/hyp/nvhe/tlb.nvhe.o
  CC      fs/dcache.o
  CC      lib/decompress.o
  CC      fs/inode.o
  AR      drivers/phy/apple/built-in.a
  AR      arch/arm64/kvm/hyp/vhe/built-in.a
  CC      security/keys/big_key.o
  AR      drivers/phy/broadcom/built-in.a
  CC      drivers/bus/fsl-mc/obj-api.o
  CC      drivers/bus/fsl-mc/fsl-mc-uapi.o
  CC      fs/attr.o
  CC      mm/mm_init.o
  CC      drivers/gpio/gpiolib-devres.o
  CC      crypto/seqiv.o
  AR      arch/arm64/lib/lib.a
  CC      drivers/irqchip/irq-gic-v3.o
  CC      block/blk-stat.o
  AR      arch/arm64/lib/built-in.a
  AR      drivers/phy/cadence/built-in.a
  CC      block/blk-mq-sysfs.o
  CC      kernel/signal.o
  CC      arch/arm64/kernel/io.o
  CC      arch/arm64/mm/context.o
  AS      arch/arm64/kvm/hyp/nvhe/hyp-init.nvhe.o
  CC      drivers/irqchip/irq-gic-v3-mbi.o
  CC      arch/arm64/kernel/vdso.o
  CC      drivers/pinctrl/pinctrl-amd.o
  CC      io_uring/eventfd.o
  CC      net/core/dev.o
  AR      net/802/built-in.a
  CC      mm/percpu.o
  AR      drivers/bus/fsl-mc/built-in.a
  CC      crypto/ahash.o
  CC      mm/slab_common.o
  AR      drivers/phy/canaan/built-in.a
  CC      drivers/gpio/gpiolib-legacy.o
  CC      mm/compaction.o
  CC      crypto/shash.o
  AS      arch/arm64/mm/proc.o
  AS      arch/arm64/kvm/hyp/nvhe/host.nvhe.o
  CC      arch/arm64/mm/pageattr.o
  CC      fs/bad_inode.o
  CC      security/keys/trusted-keys/trusted_core.o
  AS      arch/arm64/kernel/hyp-stub.o
  CC      fs/file.o
  CC      drivers/bus/sun50i-de2.o
  AR      drivers/phy/eswin/built-in.a
  CC      security/keys/encrypted-keys/encrypted.o
  CC      security/keys/encrypted-keys/ecryptfs_format.o
  CC      drivers/pinctrl/pinctrl-as3722.o
  CC      mm/show_mem.o
  GEN     usr/initramfs_data.cpio
  CC      block/blk-mq-cpumap.o
  CC      drivers/pwm/core.o
  CC      block/blk-mq-sched.o
  CC      drivers/irqchip/irq-gic-its-msi-parent.o
  CC      arch/arm64/kvm/hyp/nvhe/hyp-main.nvhe.o
  CC      drivers/pwm/pwm-stmpe.o
  CC      drivers/phy/freescale/phy-fsl-imx8m-pcie.o
  CC      kernel/sys.o
  CC      arch/arm64/kernel/psci.o
  CC      drivers/gpio/gpiolib-of.o
  CC      kernel/umh.o
  CC      net/core/dev_api.o
  CC      io_uring/uring_cmd.o
  CC      crypto/akcipher.o
  AR      drivers/phy/hisilicon/built-in.a
  CC      arch/arm64/mm/fixmap.o
  CC      security/keys/trusted-keys/trusted_tpm1.o
  CC      kernel/workqueue.o
  CC      drivers/irqchip/irq-gic-v3-its.o
  CC      net/core/dev_addr_lists.o
  ASN.1   security/keys/trusted-keys/tpm2key.asn1.[ch]
  CC      security/inode.o
  CC      arch/arm64/mm/contpte.o
  CC      fs/filesystems.o
  CC      drivers/bus/simple-pm-bus.o
  CC      lib/decompress_bunzip2.o
  CC      drivers/irqchip/irq-gic-v4.o
  CC      mm/interval_tree.o
  CC      drivers/pinctrl/pinctrl-max77620.o
  CC      lib/decompress_inflate.o
  CC      drivers/irqchip/irq-gic-v3-its-fsl-mc-msi.o
  CC      block/ioctl.o
  CC      net/sched/sch_generic.o
  CC      net/sched/sch_mq.o
  CC      arch/arm64/kernel/cpu_ops.o
  CC      drivers/pwm/pwm-tegra.o
  AR      drivers/phy/freescale/built-in.a
  CC      arch/arm64/kvm/hyp/nvhe/hyp-smp.nvhe.o
  CC      crypto/sig.o
  CC      block/genhd.o
  CC      io_uring/openclose.o
  CC      drivers/pinctrl/pinctrl-rockchip.o
  CC      arch/arm64/mm/hugetlbpage.o
  CC      drivers/gpio/gpiolib-cdev.o
  CC      kernel/pid.o
  CC      net/netlink/af_netlink.o
  CC      drivers/gpio/gpiolib-sysfs.o
  CC      drivers/pinctrl/pinctrl-scmi.o
  CC      net/core/dst.o
  CC      drivers/gpio/gpiolib-acpi-core.o
  CC      drivers/gpio/gpiolib-acpi-quirks.o
  CC      security/keys/trusted-keys/trusted_tpm2.o
  CC      mm/list_lru.o
  CC      drivers/gpio/gpiolib-swnode.o
  CC      lib/decompress_unlz4.o
  AR      drivers/pwm/built-in.a
  CC      drivers/bus/ti-sysc.o
  CC      arch/arm64/kernel/return_address.o
  CC      drivers/irqchip/irq-gic-v5.o
  CC      fs/namespace.o
  CC      arch/arm64/kvm/hyp/nvhe/psci-relay.nvhe.o
  CC      lib/decompress_unlzma.o
  CC      arch/arm64/kernel/cpuinfo.o
  CC      io_uring/sqpoll.o
  CC      crypto/kpp.o
  CC      security/keys/encrypted-keys/masterkey_trusted.o
  CC      arch/arm64/mm/ptdump.o
  CC      fs/seq_file.o
  CC      net/sched/sch_frag.o
  AR      drivers/phy/ingenic/built-in.a
  CC      block/ioprio.o
  CC      block/badblocks.o
  HOSTCC  security/selinux/genheaders
  CC      drivers/pinctrl/pinctrl-single.o
  HDRTEST usr/include/mtd/mtd-abi.h
  AR      drivers/phy/lantiq/built-in.a
  CC      block/partitions/core.o
  AR      drivers/phy/intel/built-in.a
  CC      lib/decompress_unlzo.o
  CC      crypto/dh.o
  CC      drivers/pinctrl/pinctrl-zynqmp.o
  CC      net/core/netevent.o
  CC      kernel/task_work.o
  CC      security/keys/trusted-keys/tpm2key.asn1.o
  CC      arch/arm64/kvm/hyp/nvhe/early_alloc.nvhe.o
  CC      drivers/gpio/gpiolib-shared.o
  CC      kernel/extable.o
  CC      net/netlink/genetlink.o
  AR      security/keys/encrypted-keys/built-in.a
  CC      drivers/irqchip/irq-gic-v5-irs.o
  CC      mm/workingset.o
  AR      drivers/phy/marvell/built-in.a
  CC      arch/arm64/mm/trans_pgd.o
  CC      mm/debug.o
  AS      arch/arm64/mm/trans_pgd-asm.o
  CC      net/sched/sch_api.o
  CC      arch/arm64/kernel/cpu_errata.o
  CC      arch/arm64/mm/mteswap.o
  CC      net/sched/sch_blackhole.o
  CC      arch/arm64/mm/gcs.o
  CC      fs/xattr.o
  CC      fs/libfs.o
  CC      drivers/bus/vexpress-config.o
  CC      io_uring/xattr.o
  AR      drivers/phy/mediatek/built-in.a
  CC      drivers/leds/led-core.o
  CC      block/partitions/aix.o
  CC      fs/fs-writeback.o
  CC      lib/decompress_unxz.o
  GENKEY  certs/signing_key.pem
  CC      crypto/dh_helper.o
  ASN.1   crypto/rsapubkey.asn1.[ch]
  CC      net/netlink/policy.o
  CC      net/core/neighbour.o
  CC      kernel/params.o
.+.........+....+.........+.....+...+...+......+.........+.+......+++++  AR      drivers/phy/microchip/built-in.a
++++++++++++++++++  ASN.1   crypto/rsaprivkey.asn1.[ch]
++++++++++++++++++++++*.....+.......+.....++++++++++++++++++++++++++++++++  CC      drivers/gpio/gpio-mmio.o
+++++++++++++*..................+  CC      crypto/rsa.o
  AR      drivers/pinctrl/actions/built-in.a
  CC      block/blk-rq-qos.o
  CC      drivers/irqchip/irq-gic-v5-its.o
  CC      arch/arm64/kvm/hyp/nvhe/page_alloc.nvhe.o
...........+  CC      drivers/gpio/gpio-max77620.o
  CC      arch/arm64/kernel/cpufeature.o
  AR      arch/arm64/mm/built-in.a
  CC      io_uring/nop.o
  CC      certs/blacklist_hashes.o
  CC      block/disk-events.o
  CC      mm/gup.o
....+...+  CC      net/sched/cls_api.o
  CC      net/sched/act_api.o
..+  CC      drivers/leds/led-class.o
  AR      drivers/phy/motorola/built-in.a
  AR      drivers/bus/mhi/built-in.a
.  AR      drivers/phy/mscc/built-in.a
+  CC      drivers/pinctrl/bcm/pinctrl-bcm2835.o
  AR      drivers/pinctrl/cirrus/built-in.a
  CC      block/partitions/mac.o
...........+  CC      drivers/pinctrl/bcm/pinctrl-brcmstb.o
  AR      drivers/bus/built-in.a
......+  CC      lib/decompress_unzstd.o
.............  CC      net/netlink/diag.o
+  CC      io_uring/fs.o
  AR      drivers/phy/nuvoton/built-in.a
  CC      arch/arm64/kernel/alternative.o
  CC      drivers/pinctrl/cix/pinctrl-sky1-base.o
  CC      fs/pnode.o
  CC      drivers/pinctrl/freescale/pinctrl-imx.o
......  CC      drivers/pinctrl/freescale/pinctrl-imx-scmi.o
+  CC      block/blk-ia-ranges.o
  CC      net/sched/sch_fifo.o
  CC      crypto/rsa-pkcs1pad.o
  CC      drivers/gpio/gpio-mpc8xxx.o
  CC      drivers/leds/led-triggers.o
  CC      drivers/irqchip/irq-gic-v5-iwb.o
  CC      drivers/gpio/gpio-mvebu.o
  AS      arch/arm64/kvm/hyp/nvhe/cache.nvhe.o
  CC      lib/dump_stack.o
  CC      drivers/leds/leds-syscon.o
....................+  CC      net/core/rtnetlink.o
  CC      kernel/kthread.o
  CC      drivers/pinctrl/bcm/pinctrl-brcmstb-bcm2712.o
  AR      security/keys/trusted-keys/built-in.a
  CC      drivers/phy/qualcomm/phy-qcom-uniphy-pcie-28lp.o
  CC      mm/mmap_lock.o
  CC      block/partitions/ldm.o
  CC      net/sched/sch_fq_codel.o
...+  CC      drivers/leds/trigger/ledtrig-disk.o
  CC      arch/arm64/kvm/hyp/nvhe/setup.nvhe.o
  CC      fs/splice.o
  CC      drivers/pinctrl/cix/pinctrl-sky1.o
  CC      io_uring/splice.o
  AR      net/netlink/built-in.a
.  CC      arch/arm64/kvm/hyp/nvhe/mm.nvhe.o
+  CC      arch/arm64/kernel/cacheinfo.o
  CC      arch/arm64/kvm/hyp/nvhe/mem_protect.nvhe.o
  CC      io_uring/sync.o
  CC      crypto/rsassa-pkcs1.o
  CC      block/partitions/msdos.o
  CC      lib/earlycpio.o
  CC      drivers/irqchip/irq-mbigen.o
  CC      lib/extable.o
  CC      drivers/pinctrl/freescale/pinctrl-imx8mm.o
..+  AR      drivers/leds/blink/built-in.a
  AR      drivers/pinctrl/bcm/built-in.a
  CC      drivers/gpio/gpio-pca953x.o
  CC      kernel/sys_ni.o
  AR      security/keys/built-in.a
.  CC      kernel/nsproxy.o
...+  COPY    usr/initramfs_inc_data
  AR      drivers/phy/qualcomm/built-in.a
  CC      mm/vma_init.o
  CC      drivers/leds/trigger/ledtrig-mtd.o
  CC      net/core/utils.o
  CC      drivers/leds/trigger/ledtrig-cpu.o
  AR      drivers/pinctrl/cix/built-in.a
  CC      block/partitions/of.o
  CC      drivers/leds/trigger/ledtrig-panic.o
......+  CC      crypto/ecdsa.o
  HDRTEST usr/include/linux/icmp.h
  CC      net/sched/cls_cgroup.o
  CC      arch/arm64/kernel/smp.o
  CC      net/sched/ematch.o
  CC      lib/fdt.o
  CC      fs/sync.o
  CC      io_uring/msg_ring.o
..  CC      drivers/pinctrl/freescale/pinctrl-imx8mn.o
.........  CC      fs/utimes.o
....  CC      drivers/irqchip/irq-renesas-irqc.o
.....+  CC      fs/d_path.o
  AR      drivers/leds/simatic/built-in.a
  CC      io_uring/advise.o
.......+  CC [M]  drivers/leds/trigger/ledtrig-default-on.o
  CC      arch/arm64/kvm/hyp/nvhe/sys_regs.nvhe.o
  GEN     security/selinux/flask.h security/selinux/av_permissions.h
  CERT    certs/x509_certificate_list
  CC      io_uring/statx.o
  CC      arch/arm64/kvm/hyp/nvhe/pkvm.nvhe.o
  AR      drivers/phy/ralink/built-in.a
  CC      arch/arm64/kvm/hyp/nvhe/stacktrace.nvhe.o
  CC      block/partitions/osf.o
  CC      arch/arm64/kvm/hyp/nvhe/ffa.nvhe.o
  ASN.1   crypto/ecdsasignature.asn1.[ch]
  CC      drivers/pinctrl/freescale/pinctrl-imx8mp.o
  CC      mm/highmem.o
..+  CC      arch/arm64/kvm/hyp/nvhe/../vgic-v3-sr.nvhe.o
  CC      drivers/irqchip/irq-renesas-rzg2l.o
  CC      crypto/ecdsa-p1363.o
  CC      drivers/gpio/gpio-pl061.o
  CC      security/selinux/avc.o
  CC      arch/arm64/kvm/hyp/nvhe/../aarch32.nvhe.o
  CC      arch/arm64/kernel/smp_spin_table.o
  CC      arch/arm64/kernel/topology.o
....+  AS      usr/initramfs_data.o
  AR      net/sched/built-in.a
  HDRTEST usr/include/linux/if_pppox.h
  CC      drivers/pinctrl/freescale/pinctrl-imx8mq.o
  CC      fs/stack.o
  AR      drivers/phy/realtek/built-in.a
..+  CC      net/core/link_watch.o
............  CC      mm/memory.o
...+  CC      arch/arm64/kvm/hyp/pgtable.o
  CC [M]  drivers/leds/leds-gpio.o
  CC      net/core/filter.o
  CC      net/core/sock_diag.o
  CC      crypto/ecdsasignature.asn1.o
  CC      drivers/gpio/gpio-rockchip.o
  AR      drivers/phy/renesas/built-in.a
..  AR      drivers/leds/trigger/built-in.a
........+  CC      drivers/pci/access.o
  CC      drivers/gpio/gpio-stmpe.o
  CC      drivers/irqchip/irq-renesas-rzt2h.o
  CC      net/core/dev_ioctl.o
  CC      block/partitions/sgi.o
  CC      drivers/gpio/gpio-tegra186.o
  CC      arch/arm64/kvm/hyp/nvhe/../vgic-v2-cpuif-proxy.nvhe.o
  CC      fs/fs_struct.o
  AS      arch/arm64/kernel/smccc-call.o
  CC      io_uring/timeout.o
...+  AS      arch/arm64/kvm/hyp/nvhe/../entry.nvhe.o
  CC      drivers/phy/rockchip/phy-rockchip-pcie.o
  CC      drivers/pinctrl/freescale/pinctrl-imx8ulp.o
  AS      arch/arm64/kvm/hyp/nvhe/../fpsimd.nvhe.o
  CC      lib/fdt_addresses.o
  CC      security/selinux/hooks.o
  CC      drivers/pci/bus.o
..+  CC      arch/arm64/kernel/syscall.o
  CC      drivers/video/aperture.o
  AR      drivers/leds/built-in.a
  CC      drivers/video/screen_info_generic.o
...  AS      arch/arm64/kvm/hyp/nvhe/../hyp-entry.nvhe.o
+  CC      mm/mincore.o
  CC      crypto/acompress.o
  CC      arch/arm64/kvm/hyp/nvhe/../exception.nvhe.o
  CC      drivers/irqchip/irq-renesas-rzv2h.o
...............  AR      drivers/pinctrl/mediatek/built-in.a
+  AR      drivers/idle/built-in.a
  AR      usr/built-in.a
  CC      block/early-lookup.o
  CC      drivers/video/screen_info_pci.o
.+  AR      drivers/phy/rockchip/built-in.a
  CC      io_uring/cancel.o
  CC      block/partitions/sun.o
  CC      fs/statfs.o
  CC      drivers/gpio/gpio-tegra.o
  CC      security/selinux/selinuxfs.o
  CC      arch/arm64/kernel/proton-pack.o
  CC      drivers/pci/probe.o
  CC      drivers/pinctrl/meson/pinctrl-meson.o
  CC      drivers/pinctrl/freescale/pinctrl-imx91.o
  CC      net/core/tso.o
  AR      drivers/char/ipmi/built-in.a
.....+  CC      drivers/pci/host-bridge.o
  CC      drivers/pci/remove.o
  CC      fs/fs_pin.o
  CC      arch/arm64/kvm/hyp/nvhe/../pgtable.nvhe.o
  CC      mm/mlock.o
...+  CC      fs/nsfs.o
  CC      drivers/irqchip/irq-xilinx-intc.o
  CC      fs/fs_dirent.o
  CC      drivers/pci/pci.o
  CC      drivers/video/cmdline.o
  CC      kernel/nstree.o
...+  CC      drivers/acpi/tables.o
  CC      drivers/acpi/osi.o
  AR      drivers/phy/samsung/built-in.a
  AR      drivers/phy/socionext/built-in.a
...+  CC      drivers/pinctrl/meson/pinctrl-meson8-pmx.o
  CC      drivers/pinctrl/freescale/pinctrl-imx93.o
  CC      fs/fs_context.o
  CC      security/lsm_audit.o
  CC      drivers/gpio/gpio-vf610.o
  CC      block/partitions/efi.o
......+  CC      net/core/sock_reuseport.o
  CC      lib/fdt_empty_tree.o
  CC      io_uring/waitid.o
  CC      drivers/video/nomodeset.o
  CC      lib/fdt_ro.o
  AR      drivers/phy/sophgo/built-in.a
  CC      arch/arm64/kvm/hyp/nvhe/../vgic-v5-sr.nvhe.o
  CC      kernel/nscommon.o
  CC      arch/arm64/kernel/idle.o
  CC      security/selinux/netlink.o
  CC      drivers/irqchip/irq-bcm2712-mip.o
...  AS      arch/arm64/kvm/hyp/nvhe/../../../kernel/smccc-call.nvhe.o
...+  CC      arch/arm64/kvm/hyp/nvhe/list_debug.nvhe.o
  CC      security/tomoyo/audit.o
  CC      mm/mmap.o
  CC      security/selinux/nlmsgtab.o
  CC      drivers/pinctrl/meson/pinctrl-meson-gxbb.o
  CC      drivers/pci/pci-driver.o
  CC      drivers/video/hdmi.o
  CC      io_uring/register.o
......................+  CC      security/selinux/netif.o
  CC      drivers/acpi/osl.o
  AR      drivers/phy/spacemit/built-in.a
  CC      drivers/gpio/gpio-xgene.o
.................+  CC      crypto/scompress.o
  AR      drivers/pinctrl/freescale/built-in.a
  CC      fs/fs_parser.o
  CC      security/selinux/netnode.o
.............+  CC      security/selinux/netport.o
  AR      block/partitions/built-in.a
  CC      drivers/acpi/utils.o
  AR      drivers/phy/st/built-in.a
  AR      drivers/phy/starfive/built-in.a
  CC      arch/arm64/kernel/patching.o
.....+  AR      drivers/phy/sunplus/built-in.a
  CC      lib/fdt_rw.o
  CC      kernel/notifier.o
  CC      net/core/fib_notifier.o
  CC      drivers/pinctrl/meson/pinctrl-meson-gxl.o
  CC      drivers/pci/search.o
  CC      drivers/irqchip/irq-brcmstb-l2.o
......  CC      mm/mmu_gather.o
+  CC      net/bpf/test_run.o
  HDRTEST usr/include/linux/phantom.h
  CC      drivers/gpio/gpio-zynqmp-modepin.o
  CC      drivers/video/console/dummycon.o
  CC      io_uring/truncate.o
  CC      crypto/algboss.o
.+  POLICY  security/tomoyo/builtin-policy.h
  CC      drivers/phy/tegra/phy-tegra194-p2u.o
  CC      block/bsg.o
  CC      fs/fsopen.o
  AR      drivers/phy/ti/built-in.a
  CC      drivers/acpi/reboot.o
  CC      fs/init.o
  CC      drivers/pnp/core.o
...+  AR      drivers/pinctrl/microchip/built-in.a
  CC      security/selinux/status.o
  CC      lib/fdt_strerror.o
  CC      security/tomoyo/condition.o
  HDRTEST usr/include/linux/ccs.h
  CC      drivers/pinctrl/mvebu/pinctrl-mvebu.o
....................+  CC      drivers/pci/rebar.o
  CC      drivers/pinctrl/meson/pinctrl-meson-axg-pmx.o
  CC      lib/fdt_sw.o
  CC      net/core/xdp.o
  CC      drivers/irqchip/irq-imx-gpcv2.o
  AR      drivers/video/console/built-in.a
  CC      kernel/ksysfs.o
  CC      drivers/pci/rom.o
  CC      io_uring/memmap.o
.+  AR      drivers/gpio/built-in.a
  CC      mm/mprotect.o
  AR      drivers/phy/tegra/built-in.a
  CC      crypto/testmgr.o
  CC      block/bsg-lib.o
  CC      net/bpf/bpf_dummy_struct_ops.o
..+  CC      crypto/cmac.o
  CC      net/core/flow_offload.o
  CC      fs/kernel_read_file.o
  CC      drivers/acpi/nvs.o
...+  CC      drivers/pinctrl/meson/pinctrl-meson-axg.o
  CC      net/ethtool/ioctl.o
  CC      drivers/pnp/card.o
  AS      arch/arm64/kvm/hyp/nvhe/../../../lib/clear_page.nvhe.o
............  CC      drivers/pinctrl/mvebu/pinctrl-armada-ap806.o
.......  CC      drivers/irqchip/irq-mvebu-gicp.o
..+  CC      drivers/pnp/driver.o
  CC      drivers/pinctrl/mvebu/pinctrl-armada-cp110.o
  CC      security/tomoyo/domain.o
  CC      security/selinux/initcalls.o
  AR      drivers/phy/xilinx/built-in.a
  CC      mm/mremap.o
  CC      drivers/video/logo/logo.o
  CC      kernel/cred.o
.  CC      drivers/acpi/wakeup.o
...............  CC      security/selinux/ss/ebitmap.o
+  AR      net/bpf/built-in.a
  CC      fs/mnt_idmapping.o
  AR      drivers/phy/built-in.a
.  AS      arch/arm64/kvm/hyp/nvhe/../../../lib/copy_page.nvhe.o
.+  CC      drivers/pci/setup-res.o
  CC      block/blk-cgroup.o
  AS      arch/arm64/kvm/hyp/nvhe/../../../lib/memcpy.nvhe.o
  CC      net/core/gro.o
  CC      crypto/hmac.o
  CC      io_uring/alloc_cache.o
  CC      drivers/pinctrl/meson/pinctrl-meson-g12a.o
  CC      lib/fdt_wip.o
  CC      block/blk-cgroup-rwstat.o
.+  CC      net/ethtool/common.o
  CC      block/blk-throttle.o
  CC      drivers/pnp/resource.o
  CC      drivers/amba/bus.o
  CC      arch/arm64/kernel/pi/idreg-override.o
  CC      drivers/irqchip/irq-mvebu-icu.o
  CC      drivers/amba/tegra-ahb.o
  CC      drivers/pinctrl/mvebu/pinctrl-armada-37xx.o
  HOSTCC  drivers/video/logo/pnmtologo
......+  CC      crypto/crypto_null.o
  AS      arch/arm64/kvm/hyp/nvhe/../../../lib/memset.nvhe.o
  CC      security/tomoyo/environ.o
  CC      drivers/acpi/device_sysfs.o
  CC      mm/msync.o
  CC      security/selinux/ss/hashtab.o
.....+  CC      security/tomoyo/file.o
  CC      kernel/reboot.o
  CC      fs/remap_range.o
  CC      drivers/pci/irq.o
......+  CC      crypto/md5.o
  CC      io_uring/query.o
  CC      drivers/pinctrl/meson/pinctrl-meson-a1.o
  CC      drivers/pinctrl/meson/pinctrl-meson-s4.o
  CC      net/ethtool/netlink.o
  AR      drivers/pinctrl/nomadik/built-in.a
  CC      net/core/netdev-genl.o
  AR      drivers/amba/built-in.a
....+  HOSTCC  arch/arm64/kernel/pi/relacheck
  AS      arch/arm64/kvm/hyp/nvhe/../../../lib/tishift.nvhe.o
  CC      drivers/pnp/manager.o
  CC      security/yama/yama_lsm.o
  CC      drivers/irqchip/irq-mvebu-odmi.o
  CC      drivers/pinctrl/mvebu/pinctrl-ac5.o
......+  CC      drivers/irqchip/irq-mvebu-pic.o
  CC      block/blk-ioprio.o
  CC      mm/page_vma_mapped.o
  CC      security/selinux/ss/symtab.o
  HOSTCC  arch/arm64/kvm/hyp/nvhe/gen-hyprel
  CC      security/selinux/ss/sidtab.o
  CC      drivers/pci/vpd.o
  CC      fs/pidfs.o
...  CC      crypto/sha1.o
+  CC      kernel/async.o
  CC      security/tomoyo/gc.o
  CC      drivers/acpi/device_pm.o
  HDRTEST usr/include/linux/netconf.h
  HDRTEST usr/include/linux/mmc/ioctl.h
..  CC      drivers/acpi/bus.o
+  CC      io_uring/loop.o
  CC      drivers/pinctrl/meson/pinctrl-amlogic-a4.o
  CC      net/ethtool/bitset.o
  CC      arch/arm64/kvm/../../../virt/kvm/binary_stats.o
  CC      drivers/pnp/support.o
  AR      drivers/pinctrl/mvebu/built-in.a
  CC      arch/arm64/kvm/../../../virt/kvm/vfio.o
.......+  CC      drivers/pnp/interface.o
  CC      drivers/pci/setup-bus.o
  AR      security/yama/built-in.a
  CC      block/blk-iolatency.o
  CC      drivers/irqchip/irq-mvebu-sei.o
......  CC      drivers/irqchip/irq-ls-extirq.o
+  CC      crypto/sha256.o
  CC      drivers/clk/clk-devres.o
  CC      drivers/irqchip/irq-ls-scfg-msi.o
  CC      net/core/netdev-genl-gen.o
  CC      mm/pagewalk.o
......+  CC      fs/file_attr.o
  CC      security/selinux/ss/avtab.o
  CC      security/device_cgroup.o
  CC      kernel/range.o
  CC      drivers/pinctrl/meson/pinctrl-amlogic-c3.o
.....  CC      drivers/acpi/glue.o
+  CC      io_uring/zcrx.o
  CC      net/ethtool/strset.o
  CC      kernel/smpboot.o
  CC      security/tomoyo/group.o
  HDRTEST usr/include/linux/mptcp_pm.h
  CC      drivers/pnp/quirks.o
...+  CC      lib/flex_proportions.o
  CC      drivers/pci/vc.o
  CC      arch/arm64/kernel/pi/map_kernel.o
  CC      net/core/gso.o
  CC      drivers/pci/mmap.o
  CC      crypto/sha512.o
  CC      arch/arm64/kernel/rsi.o
  CC      net/core/net-sysfs.o
.............  CC      block/blk-iocost.o
+  CC      drivers/irqchip/qcom-irq-combiner.o
  CC      fs/fserror.o
..+  CC      drivers/clk/clk-bulk.o
  CC      mm/pgtable-generic.o
  CC      lib/idr.o
  CC      mm/rmap.o
  CC      security/selinux/ss/policydb.o
...  CC      drivers/pinctrl/meson/pinctrl-amlogic-t7.o
+  CC      crypto/sha3.o
  CC      security/tomoyo/load_policy.o
  CC      drivers/pnp/system.o
  CC      drivers/acpi/scan.o
  CC      drivers/pci/devres.o
  CC      net/ethtool/linkinfo.o
  CC      io_uring/io-wq.o
.......+  CC      security/bpf/hooks.o
  CC      fs/nullfs.o
  CC      drivers/pnp/pnpacpi/core.o
  CC      net/netfilter/core.o
  CC      block/mq-deadline.o
  CC      drivers/irqchip/irq-sni-exiu.o
  CC      net/xfrm/xfrm_policy.o
  CC      net/ipv4/route.o
...........  CC      net/unix/af_unix.o
....+  CC      drivers/clk/clkdev.o
  CC      lib/iomem_copy.o
  CC      net/core/hotdata.o
...+  CC      crypto/blake2b.o
...+  AR      drivers/pinctrl/meson/built-in.a
  CC      crypto/ecb.o
  CC      drivers/acpi/mipi-disco-img.o
  CC      security/selinux/ss/services.o
  CC      net/unix/garbage.o
  CC      net/ethtool/linkmodes.o
  CC      mm/vmalloc.o
  CC      security/tomoyo/memory.o
...................................+  CC      drivers/pci/msi/pcidev_msi.o
  CC      kernel/ucount.o
  CC      block/kyber-iosched.o
  AR      security/bpf/built-in.a
  CC      io_uring/futex.o
  CC      drivers/irqchip/irq-meson-gpio.o
.+  CC      drivers/clk/clk.o
  CC      lib/irq_regs.o
  CC      drivers/pnp/pnpacpi/rsparser.o
  CC      arch/arm64/kernel/pi/map_range.o
  CC      net/core/netdev_config.o
  CC      net/ipv4/inetpeer.o
  CC      net/xfrm/xfrm_state.o
  CC      net/netfilter/nf_log.o
  CC      fs/buffer.o
  CC      net/xfrm/xfrm_hash.o
  CC      crypto/cbc.o
......+  CC      drivers/acpi/resource.o
  CC      net/ethtool/rss.o
..+  CC      security/tomoyo/mount.o
  AR      drivers/pinctrl/nuvoton/built-in.a
  LD      arch/arm64/kvm/hyp/nvhe/kvm_nvhe.tmp.o
  CC      mm/vma.o
  CC      security/selinux/ss/conditional.o
  CC      kernel/regset.o
  CC      net/unix/sysctl_net_unix.o
  CC      security/selinux/ss/mls.o
  CC      drivers/irqchip/qcom-pdc.o
  CC      lib/is_single_threaded.o
  CC      drivers/pci/msi/api.o
......+  CC      io_uring/epoll.o
  CC      arch/arm64/kernel/pi/lib-fdt.o
  AR      drivers/pnp/pnpacpi/built-in.a
  CC      io_uring/napi.o
  CC      net/xfrm/xfrm_input.o
  CC      net/ipv4/protocol.o
  CC      drivers/clk/clk-divider.o
  CC      block/bfq-iosched.o
.......+  CC      crypto/cts.o
  CC      net/core/netdev_rx_queue.o
  CC      drivers/pinctrl/nxp/pinctrl-s32cc.o
..+  CC      fs/mpage.o
  CC      lib/klist.o
  CC      drivers/irqchip/irq-imx-irqsteer.o
  CC      drivers/pinctrl/nxp/pinctrl-s32g2.o
  CC      kernel/ksyms_common.o
  CC      net/netfilter/nf_queue.o
  CC      drivers/acpi/acpi_processor.o
  CC      net/netfilter/nf_sockopt.o
  CC      security/tomoyo/network.o
..........+  CC      net/ethtool/linkstate.o
  CC      mm/vma_exec.o
..................+  CC      drivers/clk/clk-fixed-factor.o
  CC      drivers/irqchip/irq-imx-intmux.o
  CC      drivers/pci/msi/msi.o
  CC      net/ipv4/ip_input.o
  CC      crypto/xts.o
  CC      net/unix/unix_bpf.o
  CC      drivers/clk/clk-fixed-rate.o
  HYPREL  arch/arm64/kvm/hyp/nvhe/hyp-reloc.S
  CC      io_uring/net.o
  CC      net/xfrm/xfrm_output.o
  CC      security/selinux/ss/context.o
  AR      drivers/pnp/built-in.a
  CC      block/bfq-wf2q.o
...+  CC      io_uring/cmd_net.o
  AS      arch/arm64/kvm/hyp/nvhe/hyp-reloc.o
  CC      net/core/netdev_queues.o
  CC      lib/kobject.o
  CC      io_uring/fdinfo.o
  CC      drivers/video/backlight/backlight.o
..  CC      fs/proc_namespace.o
.........+  AR      drivers/pinctrl/nxp/built-in.a
  CC      drivers/acpi/processor_core.o
  LD      arch/arm64/kvm/hyp/nvhe/kvm_nvhe.rel.o
  CC      kernel/groups.o
.+  CC      drivers/acpi/ec.o
  CC      net/netfilter/utils.o
  CC      arch/arm64/kvm/../../../virt/kvm/coalesced_mmio.o
  CC      security/tomoyo/realpath.o
.....+  CC      drivers/irqchip/irq-ti-sci-intr.o
  CC      drivers/pci/msi/irqdomain.o
  CC      block/bfq-cgroup.o
  CC      crypto/ctr.o
....  CC      security/selinux/xfrm.o
...+  CC      security/selinux/netlabel.o
  CC      lib/kobject_uevent.o
  CC      security/selinux/ima.o
  CC      net/ethtool/debug.o
  CC      net/xfrm/xfrm_sysctl.o
  CC      net/unix/diag.o
  CC      mm/process_vm_access.o
  CC      drivers/irqchip/irq-apple-aic.o
  AR      drivers/video/backlight/built-in.a
  CC      drivers/clk/clk-gate.o
...  CC      net/ipv4/ip_fragment.o
...+  CC      io_uring/bpf_filter.o
....................  CC      drivers/pinctrl/qcom/pinctrl-msm.o
+  CC      security/tomoyo/securityfs_if.o
  CC      net/core/page_pool.o
  CC      crypto/gcm.o
.+  CC      fs/notify/fsnotify.o
  CC      block/bio-integrity.o
  CC      drivers/pinctrl/qcom/pinctrl-eliza.o
  CC      fs/notify/notification.o
  CC      drivers/acpi/dock.o
  HYPCOPY arch/arm64/kvm/hyp/nvhe/kvm_nvhe.o
  AR      drivers/pci/msi/built-in.a
  CC      net/netfilter/nf_bpf_link.o
  CC      drivers/pinctrl/qcom/pinctrl-glymur.o
  CC      net/xfrm/xfrm_replay.o
.....+  CC      drivers/pinctrl/qcom/pinctrl-msm8916.o
  CC      drivers/clk/clk-multiplier.o
  CC      kernel/locking/mutex.o
  AR      security/selinux/built-in.a
  CC      lib/logic_pio.o
  CC      mm/mseal.o
.........  CC      lib/maple_tree.o
.........+  CC      kernel/sched/core.o
  AR      io_uring/built-in.a
  CC      kernel/sched/fair.o
  LOGO    drivers/video/logo/logo_linux_clut224.c
  CC      net/ipv4/ip_forward.o
  AR      net/unix/built-in.a
  CC      net/ethtool/wol.o
  HDRTEST usr/include/linux/termios.h
.+  AR      drivers/irqchip/built-in.a
  CC      drivers/video/logo/logo_linux_clut224.o
  CC      net/ethtool/features.o
  CC      block/blk-integrity.o
  CC      net/ethtool/privflags.o
.................+  CC      security/tomoyo/tomoyo.o
  CC      drivers/pinctrl/qcom/pinctrl-qcs8300.o
  CC      net/core/page_pool_user.o
  CC      security/tomoyo/util.o
  CC      net/netfilter/x_tables.o
  CC      drivers/acpi/pci_root.o
....+  CC      fs/notify/group.o
  CC      net/ipv4/ip_options.o
  CC      crypto/ccm.o
  CC      drivers/acpi/pci_link.o
  CC      drivers/acpi/pci_irq.o
  AR      arch/arm64/kvm/hyp/nvhe/built-in.a
  CC      drivers/pci/pcie/portdrv.o
  CC      net/xfrm/xfrm_device.o
.....+  CC      drivers/clk/clk-mux.o
....  CC      drivers/pinctrl/qcom/pinctrl-spmi-gpio.o
.....+  CC      block/t10-pi.o
  CC      drivers/pinctrl/qcom/pinctrl-spmi-mpp.o
  CC      kernel/locking/semaphore.o
  CC      net/core/net-procfs.o
  CC      drivers/pci/pcie/rcec.o
  CC      lib/memcat_p.o
  CC      mm/page_alloc.o
  CC      net/core/fib_rules.o
....+  CC      fs/notify/mark.o
  CC      net/netfilter/xt_tcpudp.o
  CC      arch/arm64/kvm/../../../virt/kvm/irqchip.o
  CC      net/ethtool/rings.o
  CC      net/netfilter/nf_hooks_lwtunnel.o
  CC      crypto/cryptd.o
  AR      arch/arm64/kvm/hyp/built-in.a
  CC      kernel/sched/build_policy.o
.....+  CC      net/ipv4/ip_output.o
  CC      arch/arm64/kvm/../../../virt/kvm/dirty_ring.o
  CC      drivers/clk/clk-composite.o
  CC      kernel/sched/build_utility.o
  CC      net/xfrm/xfrm_nat_keepalive.o
  CC      drivers/dma/dmaengine.o
  AR      drivers/video/logo/built-in.a
  CC      lib/nmi_backtrace.o
...............+  CC      security/tomoyo/common.o
  CC      lib/objpool.o
  CC      drivers/acpi/acpi_apd.o
  CC      drivers/pinctrl/qcom/pinctrl-sa8775p.o
  CC      block/bio-integrity-auto.o
  CC      drivers/pinctrl/renesas/core.o
  CC      drivers/pci/pcie/bwctrl.o
  AR      drivers/pinctrl/sophgo/built-in.a
..........+  CC      mm/shuffle.o
  CC      kernel/locking/rwsem.o
  CC      drivers/clk/clk-fractional-divider.o
  CC      net/ethtool/channels.o
  CC      arch/arm64/kvm/../../../virt/kvm/guest_memfd.o
...+  CC      crypto/aes.o
  CC      net/ethtool/coalesce.o
  CC      net/core/net-traces.o
  CC      fs/notify/fdinfo.o
  CC      net/ipv4/ip_sockglue.o
..+  CC      net/core/drop_monitor.o
  CC      arch/arm64/kernel/pi/lib-fdt_ro.o
  CC      drivers/clk/clk-gpio.o
  CC      drivers/pinctrl/renesas/pinctrl.o
  AR      drivers/soc/apple/built-in.a
  CC      drivers/dma/virt-dma.o
  CC      lib/plist.o
  CC      drivers/pinctrl/qcom/pinctrl-sc7180.o
  CC      block/bio-integrity-fs.o
.+  CC      drivers/pci/pcie/aspm.o
  CC      net/xfrm/xfrm_proc.o
  AR      security/tomoyo/built-in.a
  CC      drivers/dma/acpi-dma.o
  CC      drivers/acpi/acpi_platform.o
  AR      net/netfilter/built-in.a
  AR      kernel/sched/built-in.a
  CC      drivers/acpi/acpi_pnp.o
..  AR      drivers/soc/aspeed/built-in.a
+  CC      security/landlock/setup.o
  CC      drivers/video/fbdev/core/fb_notify.o
  CC      kernel/locking/percpu-rwsem.o
  CC      crypto/deflate.o
  CC      rust/exports.o
  CC      mm/page_frag_cache.o
...+  CC      crypto/crc32c.o
  CC      drivers/pinctrl/renesas/pfc-r8a7796.o
  CC      drivers/video/fbdev/core/fb_info.o
  CC      arch/arm64/kvm/arm.o
  AR      drivers/soc/bcm/built-in.a
......+  CC      drivers/clk/clk-conf.o
  CC      drivers/pinctrl/qcom/pinctrl-sc7280.o
  AR      rust/built-in.a
  CC      block/blk-zoned.o
  CC      net/ipv4/inet_hashtables.o
  CC      net/ethtool/pause.o
  CC      drivers/video/fbdev/core/fbmem.o
  CC      drivers/video/fbdev/core/fbcmap.o
  CC      drivers/dma/of-dma.o
  CC      block/blk-wbt.o
  CC      drivers/pinctrl/qcom/pinctrl-sc8180x.o
.+  CC      drivers/dma/mv_xor.o
  CC      net/xfrm/xfrm_algo.o
  CC      net/core/selftests.o
  CC      fs/notify/dnotify/dnotify.o
  CC      drivers/pci/pcie/aer.o
  AR      drivers/dma/idxd/built-in.a
.........+  CC      drivers/soc/fsl/qbman/bman_ccsr.o
  CC      crypto/authenc.o
  CC      mm/init-mm.o
  CC      drivers/acpi/power.o
  HDRTEST usr/include/linux/counter.h
  CC      kernel/locking/spinlock.o
..  HDRTEST usr/include/linux/if_macsec.h
...  CC      security/landlock/syscalls.o
+  CC      drivers/dma/mv_xor_v2.o
  CC      drivers/dma/mxs-dma.o
..........+  CC      fs/notify/inotify/inotify_fsnotify.o
  CC      fs/notify/inotify/inotify_user.o
  CC      drivers/pinctrl/renesas/pinctrl-rzg2l.o
  CC      drivers/pci/pcie/err.o
  CC      drivers/clk/clk-max77686.o
  CC      block/blk-mq-debugfs.o
..............+  CC      arch/arm64/kvm/mmu.o
  CC      drivers/pinctrl/qcom/pinctrl-sc8280xp.o
  CC      drivers/pinctrl/qcom/pinctrl-x1e80100.o
  CC      net/ethtool/eee.o
....  CC      kernel/power/qos.o
...  CC      net/xfrm/xfrm_user.o
+  CC      drivers/video/fbdev/core/modedb.o
  CC      lib/radix-tree.o
  CC      drivers/acpi/event.o
  CC      kernel/locking/osq_lock.o
  AR      fs/notify/dnotify/built-in.a
  CC      drivers/soc/fsl/qbman/qman_ccsr.o
  CC      net/ipv4/inet_timewait_sock.o
  CC      crypto/authencesn.o
  CC      net/core/timestamping.o
...+  CC      net/ipv4/inet_connection_sock.o
  CC      mm/memblock.o
  CC      net/core/ptp_classifier.o
..+  CC      mm/memory_hotplug.o
  CC      drivers/pci/pcie/tlp.o
  CC      drivers/video/fbdev/core/fbcvt.o
  CC      drivers/dma/sh/rz-dmac.o
  CC      security/landlock/object.o
..........+  CC      drivers/clk/clk-plldig.o
  AR      fs/notify/inotify/built-in.a
  CC      block/sed-opal.o
  CC      drivers/clk/clk-qoriq.o
  CC      arch/arm64/kernel/pi/relocate.o
  CC      kernel/power/main.o
  CC      kernel/locking/qspinlock.o
  CC      security/landlock/ruleset.o
  CC      lib/ratelimit.o
  CC      arch/arm64/kvm/mmio.o
.....+  CC      net/ethtool/tsinfo.o
  AR      drivers/pinctrl/qcom/built-in.a
  AR      net/xfrm/built-in.a
  CC      drivers/acpi/evged.o
  CC      drivers/soc/fsl/qbman/bman_portal.o
.......  CC      drivers/soc/fsl/qbman/qman_portal.o
+  CC      net/ipv4/tcp.o
  CC      drivers/soc/fsl/rcpm.o
  CC      crypto/lzo.o
  CC      drivers/pci/pcie/pme.o
  CC      drivers/video/fbdev/core/fb_cmdline.o
.....+  CC      lib/rbtree.o
  CC      drivers/soc/fujitsu/a64fx-diag.o
  CC      mm/slub.o
  CC      net/core/netprio_cgroup.o
  AR      drivers/soc/hisilicon/built-in.a
  CC      drivers/soc/imx/soc-imx8m.o
  CC      kernel/locking/rtmutex_api.o
  AR      drivers/dma/sh/built-in.a
  AR      drivers/soc/ixp4xx/built-in.a
...............+  CC      drivers/clk/clk-scmi.o
  CC      fs/notify/fanotify/fanotify.o
  CC      mm/madvise.o
  CC      kernel/locking/qrwlock.o
  CC      kernel/power/console.o
  CC      arch/arm64/kernel/pi/kaslr_early.o
  CC      crypto/lzo-rle.o
......+  CC      arch/arm64/kvm/psci.o
  CC      net/ethtool/cabletest.o
  CC      drivers/acpi/sysfs.o
  CC      security/landlock/cred.o
  CC      arch/arm64/kvm/hypercalls.o
  CC      block/blk-pm.o
....+  CC      drivers/pci/pcie/dpc.o
  CC      drivers/video/fbdev/core/fb_backlight.o
  CC      drivers/dma/tegra20-apb-dma.o
  CC      block/blk-crypto.o
  CC      arch/arm64/kvm/pvtime.o
  AR      drivers/soc/fujitsu/built-in.a
  CC      lib/seq_buf.o
  CC      drivers/clk/clk-si521xx.o
  CC      drivers/pinctrl/renesas/pinctrl-rzt2h.o
  CC      drivers/soc/fsl/qbman/bman.o
  CC      fs/notify/fanotify/fanotify_user.o
  CC      drivers/clk/clk-xgene.o
...+  CC      net/core/netclassid_cgroup.o
  CC      net/ipv4/tcp_input.o
  AR      kernel/locking/built-in.a
..................+  AR      drivers/soc/imx/built-in.a
  CC      kernel/power/process.o
  CC      crypto/xxhash_generic.o
  CC      mm/page_io.o
.....+  CC      crypto/842.o
  CC      drivers/acpi/property.o
  HDRTEST usr/include/linux/remoteproc_cdev.h
  CC      block/blk-crypto-profile.o
  CC      lib/siphash.o
  CC      drivers/soc/fsl/qbman/qman.o
  CC      net/ethtool/tunnels.o
  CC      drivers/video/fbdev/core/fbmon.o
  CC      net/ipv4/tcp_output.o
  CC      lib/string.o
  CC      arch/arm64/kvm/inject_fault.o
  CC      security/landlock/task.o
  CC      kernel/power/suspend.o
  CC      net/ethtool/fec.o
....+  CC      net/ipv4/tcp_timer.o
  CC      drivers/pci/pcie/ptm.o
  CC      lib/sys_info.o
  CC      net/core/lwtunnel.o
  AR      drivers/dma/amd/built-in.a
  AR      fs/notify/fanotify/built-in.a
..+  AR      drivers/dma/loongson/built-in.a
  CC      drivers/soc/fsl/qbman/dpaa_sys.o
  AR      drivers/clk/actions/built-in.a
  CC      drivers/pmdomain/amlogic/meson-ee-pwrc.o
.+  AR      drivers/pmdomain/actions/built-in.a
  CC      mm/swap_state.o
  CC      fs/eventpoll.o
  AR      drivers/soc/loongson/built-in.a
  CC      fs/anon_inodes.o
  CC      drivers/acpi/debugfs.o
  AR      drivers/dma/mediatek/built-in.a
............+  CC      lib/timerqueue.o
  CC      drivers/acpi/acpi_lpat.o
  AR      drivers/soc/mediatek/built-in.a
  AR      drivers/clk/analogbits/built-in.a
  CC      crypto/rng.o
  CC      net/core/lwt_bpf.o
  AR      fs/notify/built-in.a
  CC      drivers/pmdomain/apple/pmgr-pwrstate.o
..+  CC      block/blk-crypto-sysfs.o
  CC      arch/arm64/kvm/va_layout.o
  CC      kernel/power/suspend_test.o
  CC      drivers/video/fbdev/core/fb_defio.o
..................  CC      security/landlock/fs.o
+  AR      drivers/clk/aspeed/built-in.a
  CC      drivers/pmdomain/amlogic/meson-secure-pwrc.o
  OBJCOPY arch/arm64/kernel/pi/idreg-override.pi.o
  AR      drivers/dma/stm32/built-in.a
  CC      drivers/pci/pcie/edr.o
  CC      drivers/clk/bcm/clk-bcm2835.o
  AR      drivers/soc/fsl/qbman/built-in.a
  CC      drivers/dma/qcom/bam_dma.o
  CC      net/ipv4/tcp_ipv4.o
  CC      net/ethtool/eeprom.o
  CC      drivers/clk/bcm/clk-bcm2835-aux.o
.......+  CC      lib/union_find.o
  CC      net/ethtool/stats.o
  CC      net/ipv4/tcp_minisocks.o
  CC      drivers/clk/bcm/clk-raspberrypi.o
  CC      mm/swapfile.o
  CC      net/ipv4/tcp_cong.o
  CC      drivers/pmdomain/arm/scmi_perf_domain.o
  CC      net/ethtool/phc_vclocks.o
...+  IPE_POL 
  CC      net/core/dst_cache.o
  AR      drivers/pmdomain/apple/built-in.a
  CC      security/ipe/digest.o
  CC      crypto/drbg.o
.....+  CC      fs/signalfd.o
  CC      drivers/acpi/acpi_fpdt.o
  CC      security/integrity/iint.o
  CC      kernel/power/hibernate.o
  CC      arch/arm64/kvm/handle_exit.o
  AR      drivers/dma/qcom/built-in.a
  AR      drivers/pmdomain/amlogic/built-in.a
  AR      drivers/pci/pcie/built-in.a
.  CC      drivers/video/fbdev/core/fbcon.o
+  CC      block/holder.o
  CC      security/landlock/tsync.o
  CC      security/landlock/net.o
  CC      drivers/pmdomain/arm/scmi_pm_domain.o
  AR      drivers/soc/fsl/built-in.a
  CC      net/ethtool/mm.o
..+  CC      mm/zswap.o
  AR      drivers/soc/microchip/built-in.a
  CC      net/ipv4/tcp_metrics.o
  AR      drivers/clk/bcm/built-in.a
  AR      drivers/soc/pxa/built-in.a
  AR      drivers/soc/nuvoton/built-in.a
.............+  AR      drivers/dma/ti/built-in.a
  CC      net/psp/psp_main.o
  AR      drivers/dma/xilinx/built-in.a
  CC      lib/vsprintf.o
  CC      net/ethtool/module.o
  CC      net/psp/psp_nl.o
  CC      drivers/soc/amlogic/meson-gx-socinfo.o
  HDRTEST usr/include/linux/binfmts.h
  CC      arch/arm64/kernel/jump_label.o
..+  CC      crypto/jitterentropy.o
  CC      security/ipe/eval.o
  CC      drivers/pci/pwrctrl/core.o
  CC      fs/timerfd.o
  CC      security/ipe/hooks.o
  AR      drivers/dma/built-in.a
....+  CC      fs/eventfd.o
  CC      security/integrity/integrity_audit.o
  CC      net/core/gro_cells.o
  CC      security/integrity/digsig.o
  CC      drivers/acpi/irq.o
  CC      kernel/power/snapshot.o
  CC      arch/arm64/kvm/config.o
.....+  CC      drivers/clk/hisilicon/clk.o
  CC      drivers/video/fbdev/core/bitblit.o
  AR      block/built-in.a
  CC      security/landlock/id.o
  CC      kernel/power/swap.o
....  CC      mm/dmapool.o
+  CC      net/ipv4/tcp_fastopen.o
  AR      drivers/pmdomain/arm/built-in.a
  CC      net/ethtool/cmis_fw_update.o
  CC      mm/hugetlb.o
...........  CC      mm/hugetlb_sysfs.o
+  CC      lib/win_minmax.o
  AR      drivers/soc/amlogic/built-in.a
  CC      drivers/pci/pwrctrl/generic.o
  CC      net/psp/psp_sock.o
  CC      net/core/skmsg.o
  CC      drivers/clk/hisilicon/clkgate-separated.o
.  CC      drivers/acpi/prmt.o
  CC      security/ipe/fs.o
+  AR      drivers/pinctrl/spacemit/built-in.a
  CC      fs/userfaultfd.o
  AR      drivers/pinctrl/sprd/built-in.a
  CC      net/ipv4/tcp_recovery.o
  CC      security/integrity/digsig_asymmetric.o
  CC      crypto/jitterentropy-kcapi.o
  CC      drivers/clk/hisilicon/clkdivider-hi6220.o
  CC      security/landlock/audit.o
  CC      arch/arm64/kvm/guest.o
........  CC      net/ipv4/tcp_ulp.o
+  CC      kernel/power/user.o
  CC      net/ipv4/tcp_offload.o
  CC      drivers/video/fbdev/core/softcursor.o
  CC      drivers/clk/hisilicon/clk-hisi-phase.o
.+  CC      drivers/soc/qcom/qcom-geni-se.o
  CC      drivers/pmdomain/bcm/bcm2835-power.o
  CC      drivers/pmdomain/bcm/raspberrypi-power.o
  CC      drivers/pinctrl/renesas/pinctrl-rzv2m.o
  CC      drivers/pmdomain/imx/gpcv2.o
  CC      security/ipe/ipe.o
  CC      drivers/pci/proc.o
...  CC      drivers/soc/qcom/cmd-db.o
.....  CC      net/ethtool/cmis_cdb.o
+  AR      drivers/pci/pwrctrl/built-in.a
  CC      lib/xarray.o
  CC      mm/hugetlb_sysctl.o
  CC      drivers/soc/qcom/qcom_gsbi.o
  CC      drivers/acpi/acpi_pcc.o
  CC      security/integrity/platform_certs/platform_keyring.o
...+  CC      drivers/soc/renesas/renesas-soc.o
  CC      crypto/af_alg.o
  CC      drivers/clk/hisilicon/clk-hi3559a.o
  CC      fs/aio.o
  CC      kernel/power/poweroff.o
  CC      net/psp/psp-nl-gen.o
...+  CC      security/landlock/domain.o
  CC      drivers/pci/pci-sysfs.o
  CC      drivers/video/fbdev/core/tileblit.o
  CC      lib/lockref.o
  CC      net/ipv4/tcp_plb.o
  CC      net/core/sock_map.o
  CC      arch/arm64/kvm/debug.o
.+  CC      net/core/bpf_sk_storage.o
  CC      net/core/of_net.o
  CC      drivers/soc/qcom/rpmh-rsc.o
  AR      drivers/pmdomain/bcm/built-in.a
..............  CC      mm/hugetlb_cma.o
+  CC      drivers/pmdomain/imx/imx8m-blk-ctrl.o
  CC      security/ipe/policy.o
  AR      drivers/pinctrl/renesas/built-in.a
  CC      drivers/pmdomain/imx/imx8mp-blk-ctrl.o
  CC      drivers/clk/hisilicon/clk-hi3660.o
  CC      drivers/soc/renesas/r9a08g045-sysc.o
  CC      security/integrity/platform_certs/machine_keyring.o
  CC      drivers/virtio/virtio.o
  CC      net/ethtool/pse-pd.o
  CC      drivers/acpi/acpi_ffh.o
  CC      kernel/power/energy_model.o
  CC      security/integrity/platform_certs/efi_parser.o
....+  CC      fs/dax.o
  CC      drivers/soc/rockchip/grf.o
  CC      drivers/video/fbdev/core/fbcon_rotate.o
..  CC      crypto/algif_hash.o
+  CC      net/ipv4/datagram.o
  AR      net/psp/built-in.a
  AR      security/landlock/built-in.a
  CC      crypto/algif_skcipher.o
  CC      drivers/pci/slot.o
  CC      arch/arm64/kvm/reset.o
......+  CC      drivers/pci/pci-acpi.o
.......+  AR      drivers/pinctrl/starfive/built-in.a
  CC      drivers/soc/qcom/rpmh.o
  HDRTEST usr/include/linux/sctp.h
  CC      drivers/soc/renesas/r9a08g046-sysc.o
  CC      drivers/soc/qcom/spm.o
  CC      security/ipe/policy_fs.o
  CC      kernel/power/em_netlink_autogen.o
  CC      drivers/clk/hisilicon/clk-hi3670.o
...........  CC      drivers/virtio/virtio_ring.o
...............+  CC      security/integrity/platform_certs/load_uefi.o
  CC      drivers/acpi/pci_mcfg.o
  CC      net/core/devmem.o
  CC      mm/mempolicy.o
  CC      net/ethtool/plca.o
  CC      drivers/acpi/ac.o
  AR      drivers/soc/rockchip/built-in.a
  AR      drivers/pmdomain/imx/built-in.a
  CC      drivers/acpi/acpica/dsargs.o
  CC      mm/sparse.o
  CC      kernel/power/em_netlink.o
.  CC      drivers/clk/hisilicon/clk-hi6220.o
.....  CC      fs/crypto/crypto.o
+  AR      drivers/pinctrl/sunplus/built-in.a
....+  CC      drivers/soc/renesas/r9a09g056-sys.o
  CC      crypto/algif_rng.o
  CC      drivers/video/fbdev/core/fbcon_cw.o
  CC      net/ipv6/af_inet6.o
  CC      drivers/soc/renesas/r9a09g057-sys.o
  CC      drivers/pci/iomap.o
  CC      net/ipv4/raw.o
  CC      arch/arm64/kvm/sys_regs.o
  CC      drivers/soc/qcom/kryo-l2-accessors.o
  CC      security/ipe/policy_parser.o
............+  CC      drivers/acpi/acpica/dscontrol.o
  CC      drivers/virtio/virtio_anchor.o
  CC      drivers/clk/hisilicon/reset.o
  CC      security/integrity/platform_certs/keyring_handler.o
  CC      security/ipe/audit.o
  CC      fs/crypto/fname.o
  CC      drivers/pinctrl/sunxi/pinctrl-sunxi.o
  CC      mm/sparse-vmemmap.o
  CC      drivers/clk/hisilicon/clk-hi6220-stub.o
...+  CC      drivers/pinctrl/tegra/pinctrl-tegra.o
  AR      drivers/pmdomain/marvell/built-in.a
  AR      net/core/built-in.a
......+  CC      drivers/acpi/button.o
  CC      net/ipv6/anycast.o
  CC      arch/arm64/kernel/sys32.o
  CC      net/ipv6/ip6_output.o
  CC      net/ethtool/phy.o
  CC      drivers/pci/of.o
  CC      drivers/acpi/acpica/dsdebug.o
  CC      drivers/soc/renesas/pwc-rzv2m.o
  CC      net/ethtool/tsconfig.o
.....+  AR      drivers/pmdomain/mediatek/built-in.a
  CC      net/ethtool/mse.o
  CC      crypto/algif_aead.o
  CC      net/packet/af_packet.o
  CC      drivers/video/fbdev/core/fbcon_ud.o
  AR      kernel/power/built-in.a
.........+  CC      drivers/virtio/virtio_pci_modern_dev.o
  CC      security/integrity/efi_secureboot.o
  CC      security/ipe/boot_policy.o
  CC      fs/crypto/hkdf.o
  CC      drivers/pinctrl/sunxi/pinctrl-sunxi-dt.o
+  CC      drivers/pinctrl/tegra/pinctrl-tegra124.o
  CC      net/ipv4/udp.o
  CC      mm/mmu_notifier.o
  CC      drivers/clk/hisilicon/clk-hi3660-stub.o
  CC      drivers/pmdomain/qcom/rpmhpd.o
  CC      arch/arm64/kvm/stacktrace.o
  CC      drivers/acpi/acpica/dsfield.o
  CC      security/integrity/ima/ima_fs.o
  HDRTEST usr/include/linux/bfs_fs.h
  CC      drivers/pci/quirks.o
+  CC      drivers/soc/renesas/rcar-rst.o
  CC      drivers/video/fbdev/core/fbcon_ccw.o
  CC      kernel/printk/printk.o
  HDRTEST usr/include/linux/gpib.h
  CC      kernel/printk/printk_safe.o
  AR      net/ethtool/built-in.a
  CC      crypto/ecc.o
+  CC      net/packet/diag.o
  CC      lib/bcd.o
  CC      drivers/pci/hotplug/pci_hotplug_core.o
  CC      drivers/acpi/fan_core.o
  CC      net/ipv6/ip6_input.o
+
...+.+..+............+..........+......+.........+..+  CC      drivers/virtio/virtio_pci_legacy_dev.o
......+....+.....+....+.....+.......+..+.......+......+..+.+...........  CC      security/integrity/ima/ima_queue.o
+......+...+.+...+..  CC      drivers/pinctrl/sunxi/pinctrl-sun50i-a64.o
.+........+......+.+.....+..........+.................+...+..........+..+.......+.....+...+++  CC      fs/crypto/hooks.o
+++++++++++++++++++++++++++++++++  CC      drivers/pinctrl/tegra/pinctrl-tegra210.o
+++++++++*.........+...+...+.+.....+.+.....+.......++++++++++  AR      drivers/pinctrl/ti/built-in.a
+++++++++++++++++++++++++++++++++++*............+  AR      drivers/pmdomain/qcom/built-in.a
  CC      arch/arm64/kvm/vgic-sys-reg-v3.o
  CC      drivers/soc/renesas/rz-sysc.o
  AR      drivers/clk/hisilicon/built-in.a
  CC      mm/ksm.o
  CC      drivers/acpi/acpica/dsinit.o
...  HDRTEST usr/include/linux/psp-dbc.h
....+  CC      net/ipv4/udp_offload.o
  CC      drivers/pinctrl/sunxi/pinctrl-sun50i-a64-r.o
  CC      security/integrity/ima/ima_init.o
  CC      crypto/ecdh.o
  CC      kernel/printk/nbcon.o
  CC      drivers/video/fbdev/core/fb_logo.o
.........+  AR      drivers/clk/imgtec/built-in.a
  CC      drivers/pinctrl/tegra/pinctrl-tegra186.o
  CC      drivers/pci/hotplug/acpi_pcihp.o
  CC      drivers/virtio/virtio_pci_modern.o
.....+  CC      drivers/pci/hotplug/pciehp_core.o
  CC      drivers/acpi/acpica/dsmethod.o
  AR      net/packet/built-in.a
  CC      drivers/pmdomain/renesas/r8a774a1-sysc.o
  CC      kernel/irq/irqdesc.o
  AR      drivers/soc/renesas/built-in.a
.+  CC      fs/crypto/keyring.o
  CC      arch/arm64/kvm/fpsimd.o
  CC      net/ipv6/addrconf.o
..+  CC      drivers/clk/imx/clk.o
  CC      drivers/clk/imx/clk-busy.o
  CC      mm/page_poison.o
  CC      drivers/pinctrl/sunxi/pinctrl-sun50i-a100.o
  CC      crypto/ecdh_helper.o
  CC      arch/arm64/kvm/pkvm.o
  CC      drivers/virtio/virtio_pci_common.o
  CC      drivers/pinctrl/tegra/pinctrl-tegra194.o
  CC      kernel/printk/braille.o
  CC      security/integrity/ima/ima_main.o
  CC      net/ipv4/arp.o
  CC      drivers/video/fbdev/core/cfbfillrect.o
.+  CC      fs/crypto/keysetup.o
  CC      drivers/pci/hotplug/pciehp_ctrl.o
  CC      fs/crypto/keysetup_v1.o
  CC      drivers/pci/hotplug/pciehp_pci.o
.........  CC      drivers/pci/hotplug/pciehp_hpc.o
+  CC      drivers/acpi/acpica/dsmthdat.o
  CC      kernel/irq/handle.o
.................+  CC      drivers/acpi/acpica/dsobject.o
  CC      lib/sort.o
  CC      kernel/printk/index.o
......+  CC      drivers/pinctrl/sunxi/pinctrl-sun50i-a100-r.o
  CC      kernel/rcu/update.o
  CC      drivers/video/fbdev/core/cfbcopyarea.o
  CC      drivers/pinctrl/tegra/pinctrl-tegra234.o
  CC      security/integrity/ima/ima_crypto.o
  CC      mm/memtest.o
...+  CC      mm/kfence/core.o
  CC      fs/verity/enable.o
  CC      drivers/clk/imx/clk-composite-7ulp.o
  CC      net/ipv6/addrlabel.o
  CC      mm/kfence/report.o
  CC      drivers/virtio/virtio_pci_legacy.o
  CC      arch/arm64/kvm/arch_timer.o
  CC      crypto/asymmetric_keys/asymmetric_type.o
.........+  CC      fs/crypto/policy.o
  CC      drivers/pci/hotplug/acpiphp_core.o
  CC      net/ipv4/icmp.o
  AR      drivers/video/fbdev/omap/built-in.a
  CC      drivers/video/fbdev/efifb.o
.......+  CC      drivers/acpi/acpica/dsopcode.o
  CC      drivers/pinctrl/sunxi/pinctrl-sun8i-h3.o
  CC      kernel/printk/printk_ringbuffer.o
  CC      kernel/irq/manage.o
  CC      kernel/irq/spurious.o
.........+  AR      drivers/video/fbdev/omap2/omapfb/dss/built-in.a
  CC      drivers/clk/imx/clk-composite-8m.o
  CC      security/integrity/ima/ima_api.o
  CC      drivers/pinctrl/tegra/pinctrl-tegra-xusb.o
  CC      lib/parser.o
.....+  CC      net/ipv6/route.o
  CC      kernel/rcu/sync.o
  CC      fs/verity/hash_algs.o
  CC      drivers/video/fbdev/core/cfbimgblt.o
  CC      crypto/asymmetric_keys/restrict.o
  CC      lib/debug_locks.o
  CC      drivers/pci/hotplug/acpiphp_glue.o
  AR      drivers/virtio/built-in.a
  CC      fs/crypto/bio.o
  AR      mm/kfence/built-in.a
  CC      crypto/asymmetric_keys/signature.o
.  AR      drivers/video/fbdev/omap2/omapfb/displays/built-in.a
+  CC      kernel/printk/sysctl.o
  CC      drivers/acpi/acpica/dspkginit.o
  CC      arch/arm64/kvm/trng.o
  CC      drivers/regulator/core.o
  CC      drivers/regulator/dummy.o
...  AR      drivers/video/fbdev/omap2/omapfb/built-in.a
+  HDRTEST usr/include/linux/can/gw.h
  AR      drivers/soc/sophgo/built-in.a
  CC      drivers/pmdomain/renesas/rcar-sysc.o
  CC      net/ipv4/devinet.o
  CC      drivers/video/fbdev/core/fb_io_fops.o
...  CC      drivers/clk/imx/clk-composite-93.o
  CC      drivers/pinctrl/sunxi/pinctrl-sun8i-h3-r.o
..+  CC      kernel/rcu/srcutree.o
  CC      mm/migrate.o
  AR      drivers/soc/qcom/built-in.a
  CC      crypto/kdf_sp800108.o
  CC      crypto/asymmetric_keys/public_key.o
  AR      drivers/pinctrl/tegra/built-in.a
  CC      kernel/irq/resend.o
  CC      mm/memory-tiers.o
  CC      net/ipv6/ip6_fib.o
......................  CC      security/integrity/ima/ima_policy.o
+  CC      fs/verity/init.o
  CC      fs/crypto/inline_crypt.o
  CC      drivers/pci/hotplug/octep_hp.o
  AR      kernel/printk/built-in.a
  CC      drivers/soc/sunxi/sunxi_mbus.o
  CC      fs/verity/measure.o
  CC      drivers/acpi/acpica/dsutils.o
.....+  CC      drivers/video/fbdev/core/sysfillrect.o
  CC      drivers/clk/imx/clk-fracn-gppll.o
  CC      drivers/regulator/fixed-helper.o
  AR      drivers/pmdomain/renesas/built-in.a
  CC      arch/arm64/kvm/vmid.o
.+  AR      drivers/video/fbdev/omap2/built-in.a
  CC      arch/arm64/kvm/emulate-nested.o
  ASN.1   crypto/asymmetric_keys/x509.asn1.[ch]
  CC      kernel/rcu/tree.o
  CC      drivers/pinctrl/sunxi/pinctrl-sun20i-d1.o
  CC      arch/arm64/kvm/nested.o
  CC      kernel/irq/chip.o
............+  ASN.1   crypto/asymmetric_keys/x509_akid.asn1.[ch]
  CC      drivers/video/fbdev/core/syscopyarea.o
  CC      drivers/acpi/acpica/dswexec.o
  CC      net/ipv4/af_inet.o
  CC      drivers/video/fbdev/core/sysimgblt.o
  CC      net/ipv6/ipv6_sockglue.o
  AR      fs/crypto/built-in.a
  CC      drivers/soc/sunxi/sunxi_sram.o
  CC      mm/migrate_device.o
  AR      security/ipe/built-in.a
..+  CC      crypto/asymmetric_keys/x509_loader.o
  OBJCOPY arch/arm64/kernel/pi/map_kernel.pi.o
  CC      drivers/pmdomain/rockchip/pm-domains.o
  CC      kernel/livepatch/core.o
  AR      drivers/pci/hotplug/built-in.a
  CC      security/integrity/ima/ima_template.o
  OBJCOPY arch/arm64/kernel/pi/map_range.pi.o
  CC      drivers/clk/imx/clk-cpu.o
  CC      fs/verity/open.o
  CC      drivers/pci/ats.o
....  CC      fs/verity/pagecache.o
.....  CC      drivers/pci/iov.o
+  AR      drivers/clk/ingenic/built-in.a
  CC      arch/arm64/kvm/at.o
  CC      drivers/regulator/helpers.o
  OBJCOPY arch/arm64/kernel/pi/lib-fdt.pi.o
......+  OBJCOPY arch/arm64/kernel/pi/lib-fdt_ro.pi.o
  CC      kernel/irq/dummychip.o
  CC      fs/locks.o
  OBJCOPY arch/arm64/kernel/pi/relocate.pi.o
  CC      kernel/irq/devres.o
  CC      kernel/irq/kexec.o
  CC      drivers/soc/tegra/fuse/fuse-tegra.o
  CC      drivers/pinctrl/sunxi/pinctrl-sun50i-h5.o
  OBJCOPY arch/arm64/kernel/pi/kaslr_early.pi.o
....+  CC      drivers/clk/keystone/sci-clk.o
  CC      kernel/rcu/rcu_segcblist.o
  CC      net/ipv4/igmp.o
  CC      crypto/asymmetric_keys/x509_public_key.o
  AR      arch/arm64/kernel/pi/built-in.a
  CC      drivers/soc/ti/k3-socinfo.o
  AR      drivers/soc/versatile/built-in.a
  CC      mm/huge_memory.o
  CC      drivers/acpi/acpica/dswload.o
+  CC      drivers/video/fbdev/core/fb_sys_fops.o
  CC      drivers/clk/imx/clk-divider-gate.o
  CC      mm/khugepaged.o
  AR      drivers/soc/sunxi/built-in.a
  AR      drivers/pmdomain/rockchip/built-in.a
+  CC      net/ipv6/ndisc.o
  AR      drivers/soc/tegra/cbb/built-in.a
  CC      fs/binfmt_script.o
  CC      fs/verity/read_metadata.o
  CC      arch/arm64/kernel/signal32.o
  CC      drivers/soc/tegra/common.o
  CC      kernel/irq/generic-chip.o
+  CC      drivers/soc/tegra/flowctrl.o
  CC      kernel/livepatch/patch.o
  CC      drivers/regulator/devres.o
  CC      kernel/livepatch/shadow.o
  CC      drivers/pci/pci-bridge-emul.o
  CC      security/integrity/ima/ima_template_lib.o
+
  CC      drivers/pci/pci-label.o
  CC      drivers/pinctrl/sunxi/pinctrl-sun50i-h6.o
  CC      drivers/acpi/acpica/dswload2.o
  CC      drivers/pci/syscall.o
  AR      drivers/clk/keystone/built-in.a
  AR      kernel/rcu/built-in.a
  CC      drivers/soc/tegra/fuse/fuse-tegra30.o
  CC      arch/arm64/kvm/vgic/vgic.o
  CC      net/ipv4/fib_frontend.o
  AR      drivers/soc/ti/built-in.a
  ASN.1   crypto/asymmetric_keys/pkcs7.asn1.[ch]
  CC      crypto/asymmetric_keys/pkcs7_trust.o
  CC      security/integrity/ima/ima_appraise.o
  CC      net/ipv6/udp.o
  CC      drivers/clk/imx/clk-fixup-div.o
  AR      drivers/pmdomain/samsung/built-in.a
  AR      drivers/video/fbdev/core/built-in.a
  HDRTEST usr/include/linux/can/netlink.h
  CC      kernel/livepatch/state.o
  CC      fs/verity/verify.o
  CC      arch/arm64/kernel/sys_compat.o
  CC      crypto/asymmetric_keys/pkcs7_verify.o
  CC      mm/page_counter.o
  CC      kernel/livepatch/transition.o
  CC      kernel/irq/autoprobe.o
  AR      drivers/pmdomain/st/built-in.a
  AS      arch/arm64/kernel/sigreturn32.o
  CC      security/integrity/evm/evm_main.o
  CC      kernel/irq/irqdomain.o
  CC      drivers/soc/tegra/fuse/tegra-apbmisc.o
  CC      drivers/pinctrl/sunxi/pinctrl-sun50i-h6-r.o
  AR      drivers/clk/mediatek/built-in.a
  CC      drivers/acpi/acpica/dswscope.o
  CC      drivers/clk/meson/meson-clkc-utils.o
  CC      drivers/clk/meson/meson-aoclk.o
  CC      crypto/df_sp80090a.o
  CC      drivers/regulator/irq_helpers.o
  AR      drivers/pmdomain/starfive/built-in.a
  CC      drivers/soc/tegra/fuse/speedo-tegra124.o
  AR      drivers/video/fbdev/built-in.a
  HDRTEST usr/include/linux/can/isotp.h
  CC      drivers/clk/imx/clk-fixup-mux.o
  CC      net/ipv4/fib_semantics.o
  CC      crypto/asymmetric_keys/verify_pefile.o
  CC      drivers/pci/pci-stub.o
  CC      drivers/acpi/acpica/dswstate.o
  CC      security/integrity/ima/ima_modsig.o
  AR      fs/verity/built-in.a
  CC      arch/arm64/kvm/vgic/vgic-init.o
  CC      net/ipv6/raw.o
  CC      security/integrity/evm/evm_crypto.o
  CC      drivers/pci/ecam.o
  CC      mm/memfd_luo.o
  CC      kernel/liveupdate/kexec_handover.o
  ASN.1   crypto/asymmetric_keys/mscode.asn1.[ch]
  AR      kernel/livepatch/built-in.a
  AR      drivers/pmdomain/sunxi/built-in.a
  CC      drivers/pci/p2pdma.o
  CC      drivers/clk/meson/clk-cpu-dyndiv.o
  CC      drivers/pmdomain/tegra/powergate-bpmp.o
  CC      drivers/pinctrl/sunxi/pinctrl-sun50i-h616.o
-----
  CC      kernel/irq/proc.o
  CC      drivers/acpi/acpica/evevent.o
  CC      kernel/irq/cpuhotplug.o
  CC      kernel/irq/pm.o
  AR      drivers/video/built-in.a
  CC      drivers/clk/imx/clk-frac-pll.o
  CC      security/integrity/ima/ima_kexec.o
  CC      security/integrity/ima/ima_asymmetric_keys.o
  CC      fs/binfmt_elf.o
  CC      drivers/soc/tegra/fuse/speedo-tegra210.o
  CC      crypto/asymmetric_keys/x509.asn1.o
  CC      fs/compat_binfmt_elf.o
  CC      fs/backing-file.o
  CC      drivers/pinctrl/sunxi/pinctrl-sun50i-h616-r.o
  CC      drivers/regulator/of_regulator.o
  CC      mm/memcontrol-v1.o
  CC      drivers/acpi/fan_attr.o
  CC      drivers/clk/imx/clk-gate2.o
  CC      security/integrity/evm/evm_secfs.o
  CC      kernel/liveupdate/kexec_handover_debugfs.o
  CERT    certs/signing_key.x509
  CC      drivers/pci/vgaarb.o
  AR      drivers/pmdomain/tegra/built-in.a
  CC      drivers/pci/doe.o
  CC      net/ipv4/fib_trie.o
  AS      certs/system_certificates.o
  CC      drivers/clk/imx/clk-gate-93.o
  CC      mm/memcontrol.o
  CC      drivers/acpi/acpica/evgpe.o
  CC      net/ipv6/icmp.o
  CC      drivers/clk/meson/clk-dualdiv.o
  CC      arch/arm64/kvm/vgic/vgic-irqfd.o
  AS      arch/arm64/kernel/kuser32.o
  CC      kernel/dma/mapping.o
  AR      drivers/soc/tegra/fuse/built-in.a
  CC      lib/random32.o
  CC      kernel/irq/msi.o
  CC      security/integrity/ima/ima_queue_keys.o
  CC      kernel/entry/common.o
  CC      drivers/pinctrl/sunxi/pinctrl-sun55i-a523.o
  CC      lib/bust_spinlocks.o
  CC      drivers/regulator/fixed.o
  CC      drivers/pinctrl/sunxi/pinctrl-sun55i-a523-r.o
  CC      kernel/liveupdate/luo_core.o
  CC      drivers/regulator/scmi-regulator.o
  CC      fs/mbcache.o
  CC      kernel/liveupdate/luo_file.o
  CC      drivers/acpi/acpica/evgpeblk.o
  CC      drivers/pci/of_property.o
  CC      drivers/clk/imx/clk-gate-exclusive.o
  CC      crypto/rsapubkey.asn1.o
  CC      mm/vmpressure.o
  CC      security/integrity/evm/evm_posix_acl.o
  AR      drivers/pmdomain/thead/built-in.a
  CC      mm/swap_cgroup.o
  CC      arch/arm64/kvm/vgic/vgic-v2.o
  CC      drivers/clk/meson/clk-mpll.o
  CC      net/ipv6/mcast.o
  CC      net/ipv4/fib_notifier.o
  CC      net/ipv4/inet_fragment.o
  CC      drivers/soc/tegra/pmc.o
  CC      crypto/asymmetric_keys/x509_akid.asn1.o
  CC      lib/kasprintf.o
  CC      arch/arm64/kernel/ftrace.o
  CC      security/integrity/ima/ima_efi.o
  CC      kernel/irq/ipi.o
  CC      kernel/entry/virt.o
  CC      fs/posix_acl.o
  CC      drivers/pmdomain/ti/ti_sci_pm_domains.o
  CC      lib/bitmap.o
  CC      drivers/pmdomain/xilinx/zynqmp-pm-domains.o
  CC      kernel/dma/direct.o
  AR      drivers/pinctrl/sunxi/built-in.a
  CC      drivers/acpi/acpica/evgpeinit.o
  CC      drivers/regulator/fan53555.o
  CC      drivers/pci/npem.o
  CC      kernel/dma/ops_helpers.o
  CC      drivers/pci/tph.o
  CC      drivers/clk/imx/clk-pfd.o
  CC      arch/arm64/kvm/vgic/vgic-v3.o
  AR      drivers/clk/microchip/built-in.a
  AR      security/integrity/evm/built-in.a
  AS      arch/arm64/kernel/entry-ftrace.o
  CC      kernel/liveupdate/luo_flb.o
  CC      drivers/clk/meson/clk-phase.o
  CC      kernel/liveupdate/luo_session.o
  CC      net/ipv6/reassembly.o
  CC      kernel/irq/ipi-mux.o
  CC      mm/bpf_memcontrol.o
  CC      security/integrity/ima/ima_iint.o
  CC      mm/memory-failure.o
  AR      drivers/clk/mstar/built-in.a
  CC      kernel/irq/affinity.o
  CC      drivers/soc/tegra/ari-tegra186.o
  CC      drivers/acpi/acpica/evgpeutil.o
  CC      drivers/clk/mvebu/armada_ap_cp_helper.o
  CC      lib/scatterlist.o
  AR      drivers/pmdomain/ti/built-in.a
  CC      kernel/dma/contiguous.o
  CC      lib/list_sort.o
  AR      kernel/entry/built-in.a
  AR      drivers/pmdomain/xilinx/built-in.a
  CC      kernel/dma/coherent.o
  CC      arch/arm64/kernel/module.o
  AR      drivers/pinctrl/built-in.a
  CC      fs/coredump.o
  CC      net/ipv4/ping.o
  CC      drivers/clk/imx/clk-pfdv2.o
  CC      drivers/clk/imx/clk-pllv1.o
  CC      crypto/asymmetric_keys/x509_cert_parser.o
  CC      drivers/regulator/gpio-regulator.o
  CC      drivers/clk/meson/clk-pll.o
  CC      drivers/clk/imx/clk-pllv2.o
  CC      drivers/regulator/max77620-regulator.o
  CC      drivers/acpi/acpica/evglock.o
  CC      net/ipv6/tcp_ipv6.o
  AR      drivers/soc/tegra/built-in.a
  CC      drivers/clk/mvebu/armada-37xx-xtal.o
  CC      drivers/clk/imx/clk-pllv3.o
  AR      kernel/liveupdate/built-in.a
  CC      arch/arm64/kvm/vgic/vgic-v4.o
  CC      drivers/clk/mvebu/armada-37xx-tbg.o
  AR      kernel/irq/built-in.a
  CC      drivers/clk/meson/clk-regmap.o
  CC      drivers/pmdomain/core.o
  CC      drivers/pci/controller/cadence/pcie-cadence-hpa.o
  CC      drivers/pci/controller/cadence/pcie-cadence.o
  CC      arch/arm64/kernel/module-plts.o
  HDRTEST usr/include/linux/can/bcm.h
  CC      kernel/dma/swiotlb.o
  AR      security/integrity/ima/built-in.a
  CC      mm/page_owner.o
  HDRTEST usr/include/linux/can/raw.h
  CC      arch/arm64/kernel/perf_regs.o
  CC      drivers/pmdomain/governor.o
  AR      drivers/pci/switch/built-in.a
  CC      drivers/clk/mvebu/armada-37xx-periph.o
  CC      crypto/asymmetric_keys/pkcs7.asn1.o
  CC      drivers/acpi/acpica/evhandler.o
  CC      drivers/clk/mvebu/ap806-system-controller.o
  CC      net/ipv4/ip_tunnel_core.o
  CC      crypto/asymmetric_keys/pkcs7_parser.o
  CC      arch/arm64/kernel/perf_callchain.o
  CC      fs/drop_caches.o
  AR      drivers/soc/vt8500/built-in.a
  CC      drivers/acpi/acpica/evmisc.o
  CC      drivers/soc/xilinx/zynqmp_power.o
  AR      net/dsa/built-in.a
  CC      drivers/regulator/qcom-rpmh-regulator.o
  CC      net/ipv4/gre_offload.o
  CC      arch/arm64/kvm/vgic/vgic-mmio.o
  CC      drivers/clk/imx/clk-pllv4.o
  AR      certs/built-in.a
  CC      drivers/clk/qcom/common.o
  CC      net/ipv6/ping.o
  CC      net/ipv6/exthdrs.o
  CC      net/ipv4/metrics.o
  CC      drivers/clk/qcom/clk-regmap.o
  CC      drivers/pci/controller/cadence/pcie-cadence-host-common.o
  CC      crypto/rsaprivkey.asn1.o
  CC      net/can/af_can.o
  CC      drivers/clk/meson/sclk-div.o
  AR      security/integrity/built-in.a
  CC      drivers/clk/imx/clk-pll14xx.o
  CC      drivers/regulator/pwm-regulator.o
  CC      kernel/dma/pool.o
  CC      drivers/clk/qcom/clk-alpha-pll.o
  CC      drivers/pci/controller/cadence/pcie-cadence-host.o
  CC      arch/arm64/kernel/watchdog_hld.o
  CC      fs/sysctls.o
  CC      drivers/clk/mvebu/cp110-system-controller.o
  CC      drivers/acpi/acpica/evregion.o
  CC      mm/page_isolation.o
  CC      drivers/soc/xilinx/xlnx_event_manager.o
  CC      drivers/acpi/acpica/evrgnini.o
  CC      net/ipv4/netlink.o
  CC      drivers/clk/meson/vid-pll-div.o
  CC      fs/fhandle.o
  CC      drivers/clk/qcom/clk-pll.o
  CC      net/can/proc.o
  AR      drivers/pmdomain/built-in.a
  CC      arch/arm64/kvm/vgic/vgic-mmio-v2.o
  CC      net/ipv6/datagram.o
  CC      drivers/acpi/acpica/evsci.o
  CC      drivers/pci/controller/cadence/pcie-cadence-host-hpa.o
  CC      mm/zsmalloc.o
  CC      kernel/dma/remap.o
  CC      drivers/clk/imx/clk-sscg-pll.o
  AR      security/built-in.a
  AR      drivers/clk/ralink/built-in.a
  AR      drivers/regulator/built-in.a
  CC      drivers/clk/imx/clk-gpr-mux.o
  CC      drivers/clk/qcom/clk-rcg.o
  HDRTEST usr/include/linux/can/error.h
  CC      drivers/clk/renesas/r8a774a1-cpg-mssr.o
  CC      crypto/rsa_helper.o
  CC      drivers/clk/imx/clk-imx8mm.o
  CC      lib/uuid.o
  AR      drivers/clk/mvebu/built-in.a
  AR      drivers/soc/xilinx/built-in.a
  CC      drivers/clk/imx/clk-imx8mn.o
  CC      arch/arm64/kvm/vgic/vgic-mmio-v3.o
  CC      arch/arm64/kvm/vgic/vgic-kvm-device.o
  CC      drivers/pci/controller/cadence/pcie-cadence-plat.o
  CC      arch/arm64/kernel/hw_breakpoint.o
  AR      drivers/soc/built-in.a
  CC      arch/arm64/kvm/vgic/vgic-its.o
  CC      net/ipv6/ip6_flowlabel.o
  CC      mm/early_ioremap.o
  CC      mm/cma.o
  CC      lib/iov_iter.o
  CC      drivers/acpi/acpica/evxface.o
  CC      drivers/clk/meson/vclk.o
  CC      net/ipv4/nexthop.o
  CC      drivers/clk/qcom/clk-rcg2.o
  CC      net/ipv4/udp_tunnel_stub.o
  AR      kernel/dma/built-in.a
  CC      drivers/clk/imx/clk-imx8mp.o
  CC      drivers/clk/renesas/r9a07g043-cpg.o
  AR      net/can/built-in.a
  CC      fs/iomap/trace.o
  CC      net/ipv4/sysctl_net_ipv4.o
  CC      drivers/clk/renesas/r9a07g044-cpg.o
  CC      drivers/clk/renesas/r9a08g045-cpg.o
  CC      mm/numa.o
  CC      drivers/pci/controller/cadence/pci-j721e.o
  CC      fs/quota/dquot.o
  CC      mm/numa_memblks.o
  AS      arch/arm64/kernel/sleep.o
  CC      arch/arm64/kvm/vgic/vgic-debug.o
  CC      net/ipv4/proc.o
  CC      crypto/asymmetric_keys/mscode_parser.o
  CC      fs/proc/task_mmu.o
  CC      net/ipv6/inet6_connection_sock.o
  CC      drivers/clk/qcom/clk-branch.o
  CC      fs/kernfs/mount.o
  CC      drivers/acpi/acpica/evxfevnt.o
  CC      drivers/clk/qcom/clk-regmap-divider.o
  CC      drivers/clk/meson/axg.o
  CC      drivers/clk/imx/clk-imx8mp-audiomix.o
  CC      drivers/acpi/acpica/evxfgpe.o
  CC      drivers/clk/meson/axg-aoclk.o
  CC      net/ipv4/fib_rules.o
  CC      arch/arm64/kernel/suspend.o
  CC      fs/iomap/iter.o
  CC      drivers/clk/renesas/r9a08g046-cpg.o
  HDRTEST usr/include/linux/can/vxcan.h
  CC      drivers/pci/trace.o
  CC      drivers/clk/renesas/r9a09g011-cpg.o
  AR      kernel/unwind/built-in.a
  CC      kernel/module/main.o
  CC      drivers/clk/renesas/r9a09g056-cpg.o
  CC      drivers/acpi/acpica/evxfregn.o
  CC      drivers/clk/renesas/r9a09g057-cpg.o
  CC      drivers/pci/controller/cadence/pci-sky1.o
  CC      mm/page_ext.o
  CC      net/ipv6/udp_offload.o
  CC      drivers/pci/controller/pci-hyperv-intf.o
  CC      drivers/clk/renesas/r9a09g077-cpg.o
  CC      drivers/pci/controller/pci-aardvark.o
  CC      fs/kernfs/inode.o
  CC      fs/quota/quota_tree.o
  CC      drivers/acpi/acpica/exconcat.o
  CC      fs/quota/quota_v2.o
  CC      drivers/clk/qcom/clk-regmap-mux.o
  CC      drivers/clk/meson/axg-audio.o
  CC      drivers/acpi/acpica/exconfig.o
  CC      fs/kernfs/dir.o
  HDRTEST usr/include/linux/can/j1939.h
  CC      arch/arm64/kvm/vgic/vgic-v3-nested.o
  CC      crypto/asymmetric_keys/mscode.asn1.o
  CC      drivers/clk/imx/clk-imx8mq.o
  CC      arch/arm64/kernel/kgdb.o
  CC      fs/proc/inode.o
  CC      fs/iomap/buffered-io.o
  CC      fs/iomap/direct-io.o
  CC      net/ipv4/ipmr.o
  CC      net/ipv4/ipmr_base.o
  CC      net/strparser/strparser.o
  CC      mm/secretmem.o
  CC      drivers/clk/renesas/rcar-cpg-lib.o
  CC      drivers/clk/renesas/rcar-gen3-cpg.o
  CC      kernel/module/strict_rwx.o
  CC      drivers/pci/controller/pci-tegra.o
  CC      fs/proc/root.o
  CC      drivers/clk/qcom/clk-regmap-mux-div.o
  CC      drivers/clk/meson/c3-pll.o
  CC      drivers/acpi/acpica/exconvrt.o
  AR      drivers/pci/controller/cadence/built-in.a
  CC      drivers/clk/meson/c3-peripherals.o
  CC      fs/quota/quota.o
  CC      drivers/acpi/acpica/excreate.o
  AR      net/wireless/tests/built-in.a
  CC      arch/arm64/kvm/vgic/vgic-v5.o
  CC      drivers/clk/imx/clk-imx93.o
  CC      crypto/ecdsa-x962.o
  CC      arch/arm64/kernel/efi.o
  CC      drivers/clk/renesas/rzg2l-cpg.o
  CC      lib/clz_ctz.o
  AR      net/wireless/built-in.a
  CC      kernel/kcmp.o
  CC      net/ipv6/seg6.o
  CC      fs/kernfs/file.o
  CC      fs/iomap/ioend.o
  CC      lib/bsearch.o
  CC      kernel/module/kmod.o
  AR      net/strparser/built-in.a
  CC      net/ipv4/syncookies.o
  CC      fs/iomap/fiemap.o
  CC      drivers/clk/qcom/clk-regmap-phy-mux.o
  CC      mm/cma_sysfs.o
  CC      fs/quota/kqid.o
  CC      drivers/acpi/acpica/exdebug.o
  CC      fs/proc/base.o
  CC      arch/arm64/kvm/pmu-emul.o
  CC      drivers/acpi/fan_hwmon.o
  CC      drivers/acpi/pci_slot.o
  CC      drivers/clk/meson/gxbb.o
  CC      drivers/pci/controller/pcie-rzg3s-host.o
  CC      mm/userfaultfd.o
  CC      drivers/clk/imx/clk-imx8ulp.o
  CC      fs/kernfs/symlink.o
  AS      arch/arm64/kernel/efi-rt-wrapper.o
  HDRTEST usr/include/linux/nfs_idmap.h
  CC      drivers/clk/qcom/clk-hfpll.o
  CC      fs/sysfs/file.o
  CC      fs/quota/netlink.o
  CC      drivers/clk/renesas/rzv2h-cpg.o
  CC      net/ipv4/netfilter.o
  CC      drivers/acpi/acpica/exdump.o
  CC      fs/iomap/seek.o
  CC      fs/proc/generic.o
  HDRTEST usr/include/linux/trace_mmap.h
  CC      kernel/module/decompress.o
  CC      drivers/acpi/processor_driver.o
  HDRTEST usr/include/linux/nfsd/export.h
  CC      fs/sysfs/dir.o
  HDRTEST usr/include/linux/nfsd/debug.h
  CC      drivers/acpi/acpica/exfield.o
  AR      crypto/asymmetric_keys/built-in.a
  CC      arch/arm64/kernel/pci.o
  CC      drivers/clk/imx/clk-imx8ulp-sim-lpav.o
  CC      net/ipv6/fib6_notifier.o
  HDRTEST usr/include/linux/nfsd/cld.h
  CC      drivers/clk/meson/gxbb-aoclk.o
  CC      mm/page_idle.o
  CC      net/ipv6/rpl.o
  AR      fs/kernfs/built-in.a
  CC      arch/arm64/kvm/pmu.o
  CC      net/netlabel/netlabel_user.o
  CC      drivers/clk/rockchip/clk.o
  CC      drivers/clk/qcom/reset.o
  CC      drivers/pci/controller/pci-host-common.o
  CC      drivers/pci/controller/pci-host-generic.o
  CC      fs/sysfs/symlink.o
  CC      drivers/clk/renesas/renesas-cpg-mssr.o
  CC      drivers/clk/renesas/clk-div6.o
  AR      fs/quota/built-in.a
  CC      fs/proc/array.o
  CC      kernel/module/livepatch.o
  CC      drivers/acpi/acpica/exfldio.o
  CC      net/ipv4/inet_diag.o
  CC      drivers/acpi/acpica/exmisc.o
  AR      net/ipv4/netfilter/built-in.a
  CC      drivers/acpi/acpica/exmutex.o
  HDRTEST usr/include/linux/nfsd/stats.h
  AR      crypto/built-in.a
  CC      arch/arm64/kernel/armv8_deprecated.o
  HDRTEST usr/include/linux/rtc.h
  AR      drivers/clk/imx/built-in.a
  CC      net/ipv4/tcp_diag.o
  CC      net/ipv6/ioam6.o
  CC      fs/iomap/bio.o
  CC      drivers/clk/qcom/gdsc.o
  CC      fs/iomap/swapfile.o
  CC      arch/arm64/kvm/pauth.o
  CC      drivers/clk/meson/g12a.o
  CC      drivers/clk/rockchip/clk-pll.o
  CC      mm/usercopy.o
  CC      net/netlabel/netlabel_kapi.o
  CC      drivers/clk/rockchip/clk-cpu.o
  CC      drivers/pci/controller/pci-thunder-ecam.o
  CC      mm/memremap.o
  CC      mm/memfd.o
  AR      drivers/clk/renesas/built-in.a
  CC      mm/damon/core.o
  CC      fs/sysfs/mount.o
  CC      kernel/module/tree_lookup.o
  CC      drivers/acpi/acpica/exnames.o
  CC      fs/proc/fd.o
  CC      lib/find_bit.o
  CC      drivers/pci/controller/pci-thunder-pem.o
  CC      drivers/pci/controller/pcie-xilinx.o
  CC      arch/arm64/kernel/acpi.o
  HDRTEST usr/include/linux/ppp-comp.h
  CC      drivers/clk/meson/g12a-aoclk.o
  CC      mm/ptdump.o
  CC      drivers/clk/rockchip/clk-gate-grf.o
  CC      arch/arm64/kernel/acpi_numa.o
  AR      fs/iomap/built-in.a
  CC      net/ipv4/udp_diag.o
  CC      drivers/clk/qcom/gcc-eliza.o
  CC      drivers/acpi/acpica/exoparg1.o
  CC      kernel/freezer.o
  CC      net/ipv4/raw_diag.o
  CC      drivers/pci/controller/pcie-xilinx-nwl.o
  CC      kernel/module/kallsyms.o
  CC      net/ipv6/sysctl_net_ipv6.o
  CC      net/netlabel/netlabel_domainhash.o
  AR      arch/arm64/kvm/built-in.a
  CC      kernel/profile.o
  CC      fs/proc/proc_tty.o
  CC      fs/sysfs/group.o
  CC      mm/damon/ops-common.o
  CC      fs/proc/cmdline.o
  CC      arch/arm64/kernel/acpi_parking_protocol.o
  CC      drivers/clk/rockchip/clk-half-divider.o
  CC      drivers/acpi/acpica/exoparg2.o
  CC      fs/proc/consoles.o
  CC      arch/arm64/kernel/paravirt.o
  CC      drivers/clk/meson/s4-pll.o
  CC      net/ipv6/ip6mr.o
  CC      kernel/module/procfs.o
  CC      drivers/clk/qcom/tcsrcc-eliza.o
  CC      fs/proc/cpuinfo.o
  CC      mm/page_reporting.o
  CC      kernel/stacktrace.o
  AR      fs/sysfs/built-in.a
  CC      mm/damon/vaddr.o
  CC      net/ipv6/xfrm6_policy.o
  CC      drivers/clk/qcom/gcc-glymur.o
  CC      drivers/pci/controller/pcie-xilinx-cpm.o
  CC      net/netlabel/netlabel_addrlist.o
  CC      drivers/clk/qcom/tcsrcc-glymur.o
  CC      drivers/clk/qcom/gcc-nord.o
  CC      net/ipv4/tcp_cubic.o
  CC      drivers/clk/meson/s4-peripherals.o
  CC      drivers/acpi/acpica/exoparg3.o
  CC      drivers/clk/rockchip/clk-inverter.o
  CC      net/ipv4/tcp_sigpool.o
  CC      kernel/time/time.o
  CC      arch/arm64/kernel/kaslr.o
  CC      mm/ioremap.o
  CC      kernel/time/timer.o
  CC      drivers/clk/meson/t7-pll.o
  CC      drivers/pci/controller/pcie-xilinx-dma-pl.o
  CC      net/dcb/dcbnl.o
  CC      fs/proc/devices.o
  CC      fs/proc/interrupts.o
  CC      kernel/module/sysfs.o
  CC      drivers/reset/core.o
  CC      drivers/tty/tty_io.o
  CC      mm/execmem.o
  CC      net/ipv6/xfrm6_state.o
  CC      arch/arm64/kernel/hibernate.o
  CC      drivers/clk/qcom/negcc-nord.o
  CC      fs/configfs/inode.o
  CC      fs/devpts/inode.o
  CC      fs/configfs/file.o
  CC      drivers/acpi/acpica/exoparg6.o
  CC      drivers/clk/qcom/nwgcc-nord.o
  CC      fs/proc/loadavg.o
  CC      lib/llist.o
  CC      drivers/clk/rockchip/clk-mmc-phase.o
  CC      fs/proc/meminfo.o
  CC      mm/shmem_quota.o
  CC      kernel/time/hrtimer.o
  CC      mm/damon/paddr.o
  AR      drivers/clk/meson/built-in.a
  CC      net/ipv4/tcp_bpf.o
  CC      drivers/pci/controller/pci-xgene.o
  CC      net/ipv4/udp_bpf.o
  CC      mm/damon/sysfs-common.o
  CC      net/netlabel/netlabel_mgmt.o
  HDRTEST usr/include/linux/netfilter_bridge.h
  CC      kernel/module/tracking.o
  CC      mm/damon/sysfs-schemes.o
  CC      drivers/tty/n_tty.o
  CC      net/dcb/dcbevent.o
  AR      drivers/clk/socfpga/built-in.a
  CC      drivers/reset/amlogic/reset-meson-aux.o
  CC      drivers/acpi/acpica/exprep.o
  AR      drivers/clk/sophgo/built-in.a
  CC      drivers/tty/tty_ioctl.o
  AR      drivers/reset/hisilicon/built-in.a
  CC      drivers/clk/qcom/segcc-nord.o
  CC      fs/configfs/dir.o
  AR      drivers/clk/spacemit/built-in.a
  AR      drivers/reset/spacemit/built-in.a
  CC      drivers/char/mem.o
  CC      drivers/clk/rockchip/clk-muxgrf.o
  CC      drivers/char/random.o
  CC      net/ipv4/cipso_ipv4.o
  CC      fs/proc/stat.o
  AR      fs/devpts/built-in.a
  CC      drivers/acpi/processor_thermal.o
  CC      drivers/char/misc.o
  CC      drivers/acpi/acpica/exregion.o
  AR      drivers/iommu/iommufd/built-in.a
  CC      drivers/pci/controller/pci-xgene-msi.o
  CC      mm/damon/sysfs.o
  AR      net/dcb/built-in.a
  CC      drivers/reset/amlogic/reset-meson-common.o
  CC      net/ipv6/xfrm6_input.o
  CC      drivers/acpi/acpica/exresnte.o
  CC      net/netlabel/netlabel_unlabeled.o
  AR      drivers/reset/starfive/built-in.a
  CC      net/ipv4/xfrm4_policy.o
  CC      kernel/time/sleep_timeout.o
  CC      drivers/iommu/arm/arm-smmu/qcom_iommu.o
  CC      mm/damon/modules-common.o
  CC      drivers/iommu/arm/arm-smmu/arm-smmu.o
  CC      drivers/acpi/processor_idle.o
  CC      drivers/clk/qcom/tcsrcc-nord.o
  CC      drivers/clk/rockchip/clk-ddr.o
  AR      kernel/module/built-in.a
  CC      drivers/tty/tty_ldisc.o
  CC      drivers/iommu/iommu.o
  CC      drivers/acpi/processor_perflib.o
  AS      arch/arm64/kernel/hibernate-asm.o
  CC      drivers/acpi/acpica/exresolv.o
  CC      fs/configfs/symlink.o
  CC      drivers/char/virtio_console.o
  CC      drivers/clk/qcom/gcc-x1e80100.o
  CC      fs/proc/uptime.o
  AR      drivers/reset/sti/built-in.a
  CC      drivers/char/hw_random/core.o
  AR      drivers/char/agp/built-in.a
  CC      drivers/char/hw_random/virtio-rng.o
  CC      drivers/reset/tegra/reset-bpmp.o
  CC      drivers/pci/controller/pcie-rockchip.o
  CC      kernel/time/timekeeping.o
  CC      drivers/tty/tty_buffer.o
  CC      drivers/acpi/acpica/exresop.o
  AR      drivers/reset/amlogic/built-in.a
  CC      drivers/clk/rockchip/gate-link.o
  CC      arch/arm64/kernel/elfcore.o
  CC      mm/damon/reclaim.o
  CC      drivers/iommu/arm/arm-smmu/arm-smmu-impl.o
  CC      fs/configfs/mount.o
  CC      drivers/acpi/acpica/exserial.o
  CC      net/ipv4/xfrm4_state.o
  CC      net/ipv6/xfrm6_output.o
  CC      drivers/reset/reset-brcmstb.o
  CC      net/netlabel/netlabel_cipso_v4.o
  AR      drivers/clk/sprd/built-in.a
  CC      drivers/connector/cn_queue.o
  CC      fs/ext4/balloc.o
  CC      drivers/base/component.o
  CC      net/netlabel/netlabel_calipso.o
  CC      drivers/block/virtio_blk.o
  CC      fs/proc/util.o
  CC      drivers/clk/qcom/tcsrcc-x1e80100.o
  CC      drivers/char/tpm/tpm-chip.o
  CC      fs/proc/version.o
  AR      drivers/gpu/host1x/built-in.a
  AR      drivers/reset/tegra/built-in.a
  CC      drivers/tty/tty_port.o
  CC      fs/ext4/bitmap.o
  CC      drivers/clk/rockchip/softrst.o
  CC      drivers/char/hw_random/histb-rng.o
  CC      drivers/iommu/iommu-pages.o
  CC      net/ipv4/xfrm4_input.o
  CC      drivers/pci/controller/pcie-rockchip-host.o
  CC      drivers/acpi/acpica/exstore.o
  CC      fs/configfs/item.o
  CC      drivers/iommu/arm/arm-smmu/arm-smmu-nvidia.o
  CC      drivers/acpi/acpica/exstoren.o
  CC      mm/damon/stat.o
  CC      drivers/base/core.o
  AR      drivers/gpu/vga/built-in.a
  CC      kernel/time/ntp.o
  AR      drivers/gpu/tests/built-in.a
  CC      drivers/base/bus.o
  CC      lib/lwq.o
  CC      drivers/iommu/iommu-traces.o
  HDRTEST usr/include/linux/exfat.h
  CC      drivers/clk/qcom/gcc-msm8916.o
  CC      net/ipv6/xfrm6_protocol.o
  CC      drivers/char/tpm/tpm-dev-common.o
  CC      drivers/clk/rockchip/clk-px30.o
  CC      drivers/acpi/acpica/exstorob.o
  CC      fs/ext4/block_validity.o
  CC      drivers/tty/tty_mutex.o
  CC      drivers/reset/reset-brcmstb-rescal.o
  CC      drivers/char/hw_random/arm_smccc_trng.o
  CC      net/ipv6/netfilter.o
  CC      drivers/pci/controller/pcie-brcmstb.o
  CC      drivers/connector/connector.o
  CC      fs/proc/softirqs.o
  AR      net/netlabel/built-in.a
  CC      drivers/iommu/arm/arm-smmu/arm-smmu-qcom.o
  AR      drivers/block/built-in.a
  AR      mm/damon/built-in.a
  CC      fs/ext4/dir.o
  CC      arch/arm64/kernel/machine_kexec.o
  AR      fs/configfs/built-in.a
  CC      fs/jbd2/transaction.o
  CC      net/ipv4/xfrm4_output.o
  CC      kernel/time/clocksource.o
  CC      drivers/iommu/arm/arm-smmu-v3/arm-smmu-v3.o
  CC [M]  drivers/block/zram/zcomp.o
  CC      drivers/iommu/arm/arm-smmu-v3/arm-smmu-v3-sva.o
  AS      arch/arm64/kernel/relocate_kernel.o
  AS      arch/arm64/kernel/cpu-reset.o
  CC      lib/memweight.o
  CC [M]  drivers/block/zram/zram_drv.o
  AR      mm/built-in.a
  CC      drivers/clk/qcom/gcc-msm8996.o
  CC      drivers/base/dd.o
  CC      drivers/acpi/acpica/exsystem.o
  CC      drivers/connector/cn_proc.o
  CC      drivers/clk/qcom/gcc-msm8998.o
  CC      fs/proc/namespaces.o
  AR      drivers/iommu/arm/arm-smmu/built-in.a
  CC      drivers/tty/tty_ldsem.o
  CC      fs/jbd2/commit.o
  CC      drivers/clk/qcom/clk-rpmh.o
  CC      drivers/tty/tty_baudrate.o
  CC      drivers/pci/controller/pcie-apple.o
  CC      drivers/clk/qcom/gcc-qcs615.o
  CC      drivers/char/tpm/tpm-dev.o
  CC      drivers/clk/rockchip/clk-rk3308.o
  CC      drivers/reset/reset-imx7.o
  CC      drivers/tty/tty_jobctrl.o
  CC      fs/ext4/ext4_jbd2.o
  CC      arch/arm64/kernel/machine_kexec_file.o
  CC      kernel/time/jiffies.o
  CC      drivers/char/tpm/tpm-interface.o
  CC      drivers/iommu/arm/arm-smmu-v3/tegra241-cmdqv.o
  AR      drivers/char/hw_random/built-in.a
  CC      net/ipv6/fib6_rules.o
  CC      net/ipv4/xfrm4_protocol.o
  CC      net/ipv4/tcp_ao.o
  CC      net/sysctl_net.o
  CC      drivers/char/tpm/tpm1-cmd.o
  CC      drivers/acpi/acpica/extrace.o
  CC      lib/kfifo.o
  CC      drivers/base/syscore.o
  CC [M]  drivers/block/zram/backend_lzorle.o
  CC      kernel/time/timer_list.o
  CC      drivers/acpi/acpica/exutils.o
  CC      fs/proc/self.o
  CC      drivers/gpu/drm/drm_atomic.o
  CC      fs/jbd2/recovery.o
  CC      drivers/clk/rockchip/clk-rk3328.o
  AR      drivers/connector/built-in.a
  CC      kernel/time/timeconv.o
  CC      drivers/clk/rockchip/clk-rk3368.o
  CC      drivers/gpu/drm/drm_atomic_uapi.o
  CC      drivers/acpi/acpica/hwacpi.o
  CC      drivers/tty/n_null.o
  CC      arch/arm64/kernel/kexec_image.o
  CC      drivers/clk/rockchip/clk-rk3399.o
  CC      drivers/clk/qcom/gcc-qcs8300.o
  AR      drivers/iommu/arm/arm-smmu-v3/built-in.a
  CC      drivers/tty/pty.o
  CC      drivers/reset/reset-qcom-aoss.o
  CC      fs/ext4/extents.o
  CC      net/ipv6/proc.o
  AR      drivers/clk/starfive/built-in.a
  CC      drivers/iommu/iommu-sysfs.o
  CC      drivers/gpu/drm/drm_auth.o
  CC      drivers/pci/controller/dwc/pcie-designware.o
  CC      arch/arm64/kernel/crash_dump.o
  CC      net/ipv4/bpf_tcp_ca.o
  CC      drivers/pci/controller/dwc/pcie-designware-host.o
  CC      drivers/char/tpm/tpm2-cmd.o
  CC      drivers/iommu/dma-iommu.o
  CC      drivers/gpu/trace/trace_gpu_mem.o
  CC      fs/proc/thread_self.o
  CC      drivers/base/driver.o
  CC      fs/ext4/extents_status.o
  CC      fs/jbd2/checkpoint.o
  AR      drivers/iommu/arm/built-in.a
  CC [M]  drivers/block/zram/backend_lzo.o
  CC      kernel/time/timecounter.o
  CC      fs/jbd2/revoke.o
  CC      fs/jbd2/journal.o
  CC      drivers/reset/reset-raspberrypi.o
  CC      arch/arm64/kernel/vmcore_info.o
  CC      drivers/pci/controller/dwc/pcie-designware-plat.o
  CC      drivers/clk/qcom/gcc-sa8775p.o
  CC      drivers/clk/rockchip/clk-rk3528.o
  CC      kernel/smp.o
  CC      drivers/acpi/acpica/hwesleep.o
  CC      net/ipv6/syncookies.o
  CC      kernel/time/alarmtimer.o
  CC      arch/arm64/kernel/sdei.o
  CC      fs/ext4/file.o
  CC      drivers/tty/tty_audit.o
  CC      drivers/reset/reset-scmi.o
  CC      arch/arm64/kernel/pointer_auth.o
  CC      kernel/futex/core.o
  CC      fs/proc/proc_sysctl.o
  CC      drivers/base/class.o
  CC      drivers/gpu/drm/drm_blend.o
  CC      fs/ramfs/inode.o
  CC      arch/arm64/kernel/mpam.o
  CC      drivers/char/tpm/tpmrm-dev.o
  CC [M]  drivers/block/zram/backend_lz4.o
  CC      drivers/iommu/io-pgtable.o
  AR      net/ipv4/built-in.a
  HDRTEST usr/include/linux/smc_diag.h
  AR      drivers/gpu/trace/built-in.a
  CC      drivers/gpu/drm/drm_bridge.o
  CC      arch/arm64/kernel/mte.o
  CC      drivers/gpu/drm/drm_cache.o
  CC      drivers/clk/qcom/gcc-sc7180.o
  CC      drivers/acpi/acpica/hwgpe.o
  CC      drivers/reset/reset-simple.o
  AS      arch/arm64/kernel/vdso-wrap.o
  CC      drivers/clk/rockchip/rst-rk3528.o
  CC      drivers/tty/sysrq.o
  CC      drivers/reset/reset-sky1.o
  CC      drivers/acpi/acpica/hwregs.o
  CC      drivers/pci/controller/dwc/pci-imx6.o
  CC      drivers/acpi/container.o
  CC      drivers/clk/qcom/gcc-sc7280.o
  CC [M]  drivers/block/zram/backend_lz4hc.o
  CC      lib/percpu-refcount.o
  CC      drivers/clk/qcom/gcc-sc8180x.o
  AR      fs/jbd2/built-in.a
  CC [M]  drivers/block/zram/backend_zstd.o
  CC      drivers/base/platform.o
  CC      arch/arm64/kernel/probes/kprobes.o
  CC      net/ipv6/calipso.o
  CC      fs/ramfs/file-mmu.o
  CC      drivers/reset/reset-sunxi.o
  CC      drivers/char/tpm/tpm2-space.o
  CC      kernel/futex/syscalls.o
  CC      drivers/reset/reset-zynqmp.o
  CC      drivers/iommu/io-pgtable-arm.o
  CC      drivers/clk/rockchip/clk-rk3562.o
  CC      drivers/gpu/drm/drm_color_mgmt.o
  CC      fs/ext4/fsmap.o
  CC      fs/proc/proc_net.o
  CC      fs/proc/kcore.o
  CC      fs/proc/vmcore.o
  CC      drivers/acpi/acpica/hwsleep.o
  CC      fs/ext4/fsync.o
  CC [M]  drivers/block/zram/backend_deflate.o
  CC      drivers/pci/controller/dwc/pcie-nxp-s32g.o
  CC      drivers/acpi/acpica/hwvalid.o
  CC      drivers/clk/qcom/gcc-sc8280xp.o
  CC      kernel/futex/pi.o
  CC      drivers/tty/vt/vt_ioctl.o
  CC      fs/proc/kmsg.o
  CC      drivers/tty/hvc/hvc_console.o
  CC      drivers/misc/kgdbts.o
  AR      net/mpls/built-in.a
  CC      lib/rhashtable.o
  CC      drivers/tty/serial/serial_core.o
  CC      drivers/tty/serial/serial_base_bus.o
  CC      drivers/clk/rockchip/rst-rk3562.o
  CC      drivers/tty/serial/serial_ctrl.o
  CC      drivers/gpu/drm/drm_colorop.o
  CC      drivers/clk/rockchip/clk-rk3568.o
  CC      arch/arm64/kernel/probes/decode-insn.o
  CC      drivers/base/cpu.o
  CC      drivers/acpi/acpica/hwxface.o
  CC      drivers/clk/qcom/gcc-sm8150.o
  HDRTEST usr/include/linux/coff.h
  CC      drivers/iommu/io-pgtable-dart.o
  CC [M]  drivers/block/zram/backend_842.o
  CC      lib/base64.o
  CC      drivers/base/firmware.o
  CC      drivers/char/tpm/tpm-sysfs.o
  AR      drivers/reset/built-in.a
  CC      kernel/futex/requeue.o
  CC      kernel/time/posix-timers.o
  CC      drivers/acpi/thermal_lib.o
  CC      fs/proc/page.o
  CC      net/ipv6/seg6_iptunnel.o
  CC      fs/ext4/hash.o
  AR      fs/ramfs/built-in.a
  CC      drivers/tty/vt/vc_screen.o
  CC      drivers/pci/controller/dwc/pci-keystone.o
  CC      drivers/tty/serdev/core.o
  AR      drivers/tty/hvc/built-in.a
  CC      drivers/pci/controller/dwc/pci-layerscape.o
  CC      kernel/uid16.o
  AR      drivers/misc/eeprom/built-in.a
  CC      drivers/gpu/drm/drm_connector.o
  CC      drivers/clk/rockchip/clk-rk3576.o
  CC      drivers/tty/serial/serial_port.o
  CC [M]  drivers/misc/eeprom/at24.o
  AS      arch/arm64/kernel/probes/kprobes_trampoline.o
  AR      drivers/misc/cb710/built-in.a
  CC      drivers/tty/serial/earlycon.o
  CC      drivers/tty/serial/earlycon-semihost.o
  CC      drivers/clk/rockchip/rst-rk3576.o
  LD [M]  drivers/block/zram/zram.o
  CC      drivers/acpi/acpica/hwxfsleep.o
  CC      arch/arm64/kernel/probes/simulate-insn.o
  CC      drivers/clk/rockchip/clk-rk3588.o
  CC      fs/proc/bootconfig.o
  CC      drivers/clk/qcom/gcc-milos.o
  CC      drivers/acpi/acpica/hwpci.o
  CC      drivers/iommu/iova.o
  CC      kernel/futex/waitwake.o
  CC      drivers/pci/controller/dwc/pcie-qcom-common.o
  CC      fs/ext4/ialloc.o
  CC      drivers/base/init.o
  CC      drivers/tty/serdev/serdev-ttyport.o
  CC      net/ipv6/seg6_local.o
  CC      drivers/tty/vt/selection.o
  CC      drivers/char/tpm/eventlog/common.o
  CC      drivers/acpi/acpica/nsaccess.o
  CC      drivers/tty/vt/keyboard.o
  CC      drivers/gpu/drm/drm_crtc.o
  AR      drivers/tty/ipwireless/built-in.a
  CC      drivers/clk/rockchip/rst-rk3588.o
  CC      drivers/acpi/acpica/nsalloc.o
  CC      drivers/pci/controller/dwc/pcie-qcom.o
  CC      drivers/pci/controller/mobiveil/pcie-mobiveil.o
  CC      drivers/acpi/thermal.o
  CC      drivers/tty/serial/amba-pl011.o
  CC      arch/arm64/kernel/probes/uprobes.o
  CC      kernel/time/posix-cpu-timers.o
  CC      drivers/pci/controller/plda/pcie-plda-host.o
  CC      drivers/tty/vt/vt.o
  AR      drivers/clk/qcom/built-in.a
  CC      drivers/gpu/drm/drm_displayid.o
  CC      drivers/misc/sram.o
  CC      drivers/tty/serial/8250/8250_core.o
  CC      drivers/iommu/of_iommu.o
  AR      fs/proc/built-in.a
  CC      drivers/iommu/rockchip-iommu.o
  AR      drivers/misc/lis3lv02d/built-in.a
  AR      kernel/futex/built-in.a
  CC      drivers/iommu/sun50i-iommu.o
  CC      drivers/mfd/bcm2835-pm.o
  CC      drivers/char/tpm/eventlog/tpm1.o
  AR      drivers/tty/serdev/built-in.a
  CC      drivers/gpu/drm/drm_drv.o
  CC      net/ipv6/seg6_hmac.o
  CC      drivers/base/map.o
  CC      fs/ext4/indirect.o
  CC      net/switchdev/switchdev.o
  CC      fs/ext4/inline.o
  AR      drivers/clk/rockchip/built-in.a
  CC      drivers/acpi/acpica/nsarguments.o
  COPY    drivers/tty/vt/defkeymap.c
  CC      drivers/pci/controller/plda/pcie-microchip-host.o
  CC      fs/ext4/inode.o
  AR      arch/arm64/kernel/probes/built-in.a
  CC      drivers/pci/controller/mobiveil/pcie-mobiveil-host.o
  HDRTEST usr/include/linux/dcbnl.h
  CC      drivers/pci/controller/mobiveil/pcie-mobiveil-plat.o
  CC      drivers/pci/controller/dwc/pcie-armada8k.o
  CC      drivers/tty/serial/fsl_linflexuart.o
  CC      net/ipv6/rpl_iptunnel.o
  CC      drivers/tty/serial/8250/8250_platform.o
  CC      kernel/time/posix-clock.o
  CC      net/ipv6/ioam6_iptunnel.o
  CC      drivers/tty/serial/fsl_lpuart.o
  CC      drivers/tty/vt/consolemap.o
  HOSTCC  drivers/tty/vt/conmakehash
  CC      drivers/acpi/numa/srat.o
  CC      drivers/base/devres.o
  CC      drivers/mfd/stmpe.o
  AR      drivers/misc/cardreader/built-in.a
  CC      drivers/gpu/drm/drm_dumb_buffers.o
  CC      drivers/acpi/acpica/nsconvert.o
  AR      drivers/clk/sunxi/built-in.a
  CC      drivers/iommu/tegra-smmu.o
  CC      drivers/gpu/drm/drm_edid.o
  AS      arch/arm64/kernel/head.o
  CC      drivers/pci/controller/dwc/pcie-dw-rockchip.o
  AR      drivers/misc/pvpanic/built-in.a
  AR      drivers/pci/controller/plda/built-in.a
  CC      drivers/tty/serial/8250/8250_pnp.o
  CC      drivers/char/tpm/eventlog/tpm2.o
  CC      drivers/gpu/drm/drm_eld.o
  AR      net/switchdev/built-in.a
  AR      drivers/misc/keba/built-in.a
  AR      drivers/misc/amd-sbi/built-in.a
  CC      drivers/acpi/numa/hmat.o
  CC      net/ipv6/mip6.o
  HDRTEST usr/include/linux/if_alg.h
  CC      drivers/iommu/virtio-iommu.o
  CC      lib/once.o
  CC      kernel/time/itimer.o
  CC      fs/ext4/ioctl.o
  CC      drivers/pci/controller/mobiveil/pcie-layerscape-gen4.o
  CC      drivers/acpi/acpica/nsdump.o
  CC      drivers/pci/controller/dwc/pcie-kirin.o
  CC      drivers/tty/serial/imx.o
  CC      drivers/base/attribute_container.o
  CC      drivers/mfd/stmpe-i2c.o
  AR      drivers/misc/built-in.a
  CC      drivers/clk/sunxi-ng/ccu_common.o
  CC      kernel/time/clockevents.o
  CC      drivers/clk/tegra/clk.o
  CC      drivers/mfd/stmpe-spi.o
  LDS     arch/arm64/kernel/vmlinux.lds
  COPY    drivers/tty/vt/ucs_width_table.h
  CC      drivers/iommu/iommu-sva.o
  COPY    drivers/tty/vt/ucs_recompose_table.h
  CC      drivers/clk/sunxi-ng/ccu_mmc_timing.o
  CC      drivers/gpu/drm/drm_encoder.o
  COPY    drivers/tty/vt/ucs_fallback_table.h
  AR      drivers/acpi/numa/built-in.a
  CC      drivers/char/tpm/tpm-buf.o
  CC      kernel/module_signature.o
  HDRTEST usr/include/linux/virtio_console.h
  CC      drivers/acpi/acpi_memhotplug.o
  CC      lib/refcount.o
  CC      drivers/tty/serial/8250/8250_port.o
  CC      drivers/acpi/acpica/nseval.o
  HDRTEST usr/include/linux/bpf_common.h
  CC      drivers/tty/serial/8250/8250_dma.o
  CC      kernel/time/tick-common.o
  AR      net/ipv6/netfilter/built-in.a
  CC      drivers/base/transport_class.o
  AR      drivers/pci/controller/mobiveil/built-in.a
  CC      net/ipv6/addrconf_core.o
  CC      drivers/mfd/mfd-core.o
  CC      drivers/clk/sunxi-ng/ccu_reset.o
  CC      drivers/char/tpm/tpm2-sessions.o
  AR      arch/arm64/kernel/built-in.a
  CC      drivers/tty/serial/meson_uart.o
  CC      drivers/pci/controller/dwc/pcie-histb.o
  CC      drivers/acpi/acpica/nsinit.o
  CC      drivers/char/tpm/tpm_ppi.o
  CC      fs/ext4/mballoc.o
  CC      drivers/iommu/io-pgfault.o
  CC      drivers/tty/serial/8250/8250_dwlib.o
  CC      drivers/clk/tegra/clk-audio-sync.o
  CC      net/l3mdev/l3mdev.o
  CC      net/ipv6/exthdrs_core.o
  AR      drivers/clk/tenstorrent/built-in.a
  CC      kernel/kallsyms.o
  CC      kernel/acct.o
  CC      kernel/time/tick-broadcast.o
  CC      lib/rcuref.o
  HDRTEST usr/include/linux/if_infiniband.h
  CC      drivers/base/topology.o
  CC      drivers/base/container.o
  CC      drivers/tty/vt/defkeymap.o
  CC      drivers/char/tpm/eventlog/acpi.o
  CC      drivers/clk/sunxi-ng/ccu_div.o
  AR      arch/arm64/built-in.a
  CC      drivers/acpi/acpica/nsload.o
  CC      net/ncsi/ncsi-cmd.o
  CC      drivers/base/property.o
  CC      net/xdp/xsk.o
  CC      drivers/clk/tegra/clk-device.o
  CC      drivers/mfd/axp20x.o
  CC      net/ncsi/ncsi-rsp.o
  CC      drivers/pci/controller/dwc/pci-meson.o
  CC      net/ncsi/ncsi-aen.o
  AR      net/l3mdev/built-in.a
  CC      kernel/time/tick-broadcast-hrtimer.o
  CC      fs/ext4/migrate.o
  CC      net/xdp/xdp_umem.o
  CC      kernel/time/sched_clock.o
  CC      drivers/acpi/acpica/nsnames.o
  CC      net/ipv6/ip6_checksum.o
  CC      drivers/clk/sunxi-ng/ccu_frac.o
  CC      drivers/tty/serial/8250/8250_pcilib.o
  CC      net/xdp/xsk_queue.o
  AR      drivers/iommu/built-in.a
  CC      drivers/char/tpm/eventlog/efi.o
  AR      drivers/clk/ti/built-in.a
  CC      drivers/tty/serial/msm_serial.o
  CC      drivers/clk/tegra/clk-dfll.o
  CC      drivers/mfd/axp20x-i2c.o
  HDRTEST usr/include/linux/pr.h
  CC      drivers/clk/tegra/clk-divider.o
  CC      drivers/base/cacheinfo.o
  HDRTEST usr/include/linux/affs_hardblocks.h
  CC      drivers/pci/controller/dwc/pcie-tegra194.o
  CC      kernel/time/tick-oneshot.o
  CC      drivers/acpi/acpica/nsobject.o
  CC      drivers/base/swnode.o
  CC      net/xdp/xskmap.o
  CC      fs/ext4/mmp.o
  CC      drivers/gpu/drm/drm_file.o
  CC      drivers/base/faux.o
  CC      drivers/clk/versatile/icst.o
  CC      drivers/tty/serial/8250/8250_rsa.o
  CC      net/ncsi/ncsi-manage.o
  CC      drivers/clk/sunxi-ng/ccu_gate.o
  CC      fs/ext4/move_extent.o
  CC      net/ncsi/ncsi-netlink.o
  CC      drivers/char/tpm/eventlog/of.o
  CC      drivers/clk/versatile/clk-icst.o
  CC      fs/ext4/namei.o
  CC      net/ipv6/ip6_icmp.o
  CC      lib/usercopy.o
  CC      net/xdp/xsk_buff_pool.o
  CC      kernel/time/tick-sched.o
  CC      drivers/acpi/acpica/nsparse.o
  CC      drivers/base/auxiliary.o
  CC      drivers/mfd/max77620.o
  CC      drivers/clk/tegra/clk-periph.o
  CC      drivers/clk/sunxi-ng/ccu_mux.o
  CC      drivers/pci/controller/dwc/pcie-al.o
  CC      fs/hugetlbfs/inode.o
  CC      fs/exportfs/expfs.o
  CC      drivers/pci/controller/dwc/pcie-hisi.o
  CC      drivers/clk/sunxi-ng/ccu_mult.o
  CC      drivers/mfd/max77686.o
  CC      drivers/pci/controller/dwc/pcie-tegra194-acpi.o
  CC      drivers/tty/serial/8250/8250_early.o
  CC      drivers/char/tpm/tpm_tis_core.o
  CC      fs/nls/nls_base.o
  CC      drivers/clk/versatile/clk-versatile.o
  CC      net/ipv6/output_core.o
  CC      fs/ext4/page-io.o
  CC      drivers/clk/versatile/clk-sp810.o
  AR      net/ncsi/built-in.a
  CC      drivers/gpu/drm/drm_fourcc.o
  CC      net/ipv6/protocol.o
  CC      drivers/acpi/acpica/nspredef.o
  CC      drivers/clk/tegra/clk-periph-fixed.o
  CC      net/ipv6/ip6_offload.o
  CC      drivers/base/devtmpfs.o
  CC      kernel/time/timer_migration.o
  CC      net/ipv6/exthdrs_offload.o
  CC      drivers/clk/sunxi-ng/ccu_phase.o
  AR      fs/exportfs/built-in.a
  CC      drivers/tty/serial/8250/8250_bcm2835aux.o
  CC      fs/nls/nls_cp437.o
  CC      drivers/char/tpm/tpm_tis.o
  CC      drivers/mfd/qcom-spmi-pmic.o
  AR      net/xdp/built-in.a
  CC      drivers/clk/versatile/clk-vexpress-osc.o
  CC      fs/nls/nls_ascii.o
  AR      drivers/pci/controller/dwc/built-in.a
  AR      fs/hugetlbfs/built-in.a
  CC      drivers/char/tpm/tpm_crb.o
  CC      drivers/base/power/sysfs.o
  CC      drivers/gpu/drm/drm_framebuffer.o
  CC      fs/ext4/readpage.o
  CC      fs/ext4/resize.o
  CC      fs/ext4/super.o
  CC      fs/ext4/symlink.o
  CC      fs/ext4/sysfs.o
  CC      drivers/tty/serial/mvebu-uart.o
  CC      drivers/clk/tegra/clk-periph-gate.o
  CC      drivers/acpi/acpica/nsprepkg.o
  CC      drivers/clk/sunxi-ng/ccu_sdm.o
  CC      drivers/char/tpm/tpm_crb_ffa.o
  CC      drivers/acpi/acpica/nsrepair.o
  CC      drivers/tty/serial/8250/8250_dw.o
  CC      drivers/mfd/syscon.o
  CC      drivers/base/power/generic_ops.o
  AR      fs/nls/built-in.a
  CC      drivers/pci/controller/pcie-al-internal.o
  CC      drivers/tty/serial/8250/8250_em.o
  AR      drivers/clk/versatile/built-in.a
  CC      drivers/tty/vt/ucs.o
  CC      net/ipv6/inet6_hashtables.o
  CC      drivers/gpu/drm/drm_gem.o
  CC      kernel/time/vsyscall.o
  CONMK   drivers/tty/vt/consolemap_deftbl.c
  CC      net/ipv6/mcast_snoop.o
  CC      net/ipv6/tcp_ao.o
  AR      drivers/nfc/built-in.a
  CC      drivers/mfd/vexpress-sysreg.o
  CC      drivers/clk/sunxi-ng/ccu_nk.o
  CC      drivers/acpi/acpica/nsrepair2.o
  CC      drivers/gpu/drm/drm_ioctl.o
  CC      drivers/clk/sunxi-ng/ccu_nkm.o
  CC      drivers/clk/tegra/clk-pll.o
  AR      drivers/char/tpm/built-in.a
  CC      drivers/clk/tegra/clk-pll-out.o
  CC      drivers/base/power/common.o
  CC      drivers/clk/sunxi-ng/ccu_nkmp.o
  CC      drivers/clk/tegra/clk-sdmmc-mux.o
  CC      fs/unicode/utf8-norm.o
  CC      drivers/tty/serial/qcom_geni_serial.o
  CC      fs/ext4/xattr.o
  CC      fs/autofs/init.o
  CC      fs/ext4/xattr_hurd.o
  AR      drivers/pci/controller/built-in.a
  CC      drivers/tty/serial/8250/8250_fsl.o
  CC      kernel/time/timekeeping_debug.o
  CC      drivers/tty/serial/8250/8250_of.o
  CC      kernel/time/namespace.o
  CC      kernel/time/namespace_vdso.o
  CC      drivers/acpi/acpica/nssearch.o
  CC      fs/unicode/utf8-core.o
  CC      drivers/gpu/drm/drm_lease.o
  CC      drivers/mfd/as3722.o
  CC      drivers/acpi/acpica/nsutils.o
  CC      drivers/mfd/rohm-bd718x7.o
  CC      fs/autofs/inode.o
  CC      drivers/gpu/drm/drm_managed.o
  CC      lib/errseq.o
  COPY    fs/unicode/utf8data.c
  CC      fs/ext4/xattr_trusted.o
  CC      drivers/clk/tegra/clk-super.o
  CC      drivers/clk/sunxi-ng/ccu_nm.o
  AR      net/ipv6/built-in.a
  CC      fs/autofs/root.o
  CC      drivers/base/power/qos.o
  CC      drivers/acpi/acpica/nswalk.o
  CC      drivers/clk/tegra/clk-tegra-audio.o
  AR      drivers/char/built-in.a
  HDRTEST usr/include/linux/btrfs.h
  CC      lib/bucket_locks.o
  AR      drivers/pci/built-in.a
  CC      fs/unicode/utf8data.o
  CC      drivers/tty/vt/consolemap_deftbl.o
  CC      drivers/tty/serial/8250/8250_omap.o
  CC      fs/autofs/symlink.o
  CC      drivers/gpu/drm/drm_mm.o
  AR      fs/hostfs/built-in.a
  AR      kernel/time/built-in.a
  AR      drivers/clk/xilinx/built-in.a
  CC      drivers/clk/tegra/clk-tegra-periph.o
  AR      drivers/mfd/built-in.a
  CC      drivers/acpi/acpica/nsxfeval.o
  CC      drivers/clk/sunxi-ng/ccu_mp.o
  CC      drivers/base/power/runtime.o
  CC      fs/autofs/waitq.o
  CC      drivers/clk/tegra/clk-tegra-fixed.o
  HDRTEST usr/include/linux/perf_event.h
  CC      drivers/base/power/wakeirq.o
  CC      fs/ext4/xattr_user.o
  CC      net/mptcp/protocol.o
  CC      drivers/clk/zynqmp/pll.o
  CC      drivers/clk/sunxi-ng/ccu-sun50i-a64.o
  CC      net/mctp/af_mctp.o
  CC      fs/tracefs/inode.o
  CC [M]  net/rfkill/core.o
  CC      fs/debugfs/inode.o
  AR      fs/unicode/built-in.a
  CC      fs/pstore/inode.o
  CC      fs/debugfs/file.o
  CC      drivers/gpu/drm/drm_mode_config.o
  CC      kernel/vmcore_info.o
  CC      drivers/tty/serial/8250/8250_pci.o
  CC      kernel/elfcorehdr.o
  CC      kernel/crash_reserve.o
  CC      fs/tracefs/event_inode.o
  CC      kernel/kexec_core.o
  CC      drivers/clk/tegra/clk-tegra-super-cclk.o
  CC      drivers/acpi/acpica/nsxfname.o
  CC      fs/ext4/fast_commit.o
  CC      drivers/acpi/acpica/nsxfobj.o
  CC      drivers/base/firmware_loader/main.o
  CC      drivers/clk/zynqmp/clk-gate-zynqmp.o
  CC      drivers/base/firmware_loader/sysfs.o
  CC      fs/autofs/expire.o
  CC      drivers/clk/sunxi-ng/ccu-sun50i-a100.o
  CC      drivers/base/power/main.o
  CC [M]  net/rfkill/input.o
  CC      fs/autofs/dev-ioctl.o
  CC      drivers/clk/sunxi-ng/ccu-sun50i-a100-r.o
  CC      net/mctp/device.o
  CC      drivers/gpu/drm/drm_mode_object.o
  CC      drivers/tty/serial/8250/8250_pci1xxxx.o
  CC      drivers/clk/zynqmp/divider.o
  CC      drivers/clk/tegra/clk-tegra-super-gen4.o
  CC      drivers/base/firmware_loader/sysfs_upload.o
  CC      net/mptcp/subflow.o
  CC      fs/pstore/platform.o
  AR      fs/tracefs/built-in.a
  AR      fs/debugfs/built-in.a
  CC      net/mptcp/options.o
  CC      kernel/crash_core.o
  CC      drivers/acpi/acpica/psargs.o
  CC      drivers/base/firmware_loader/builtin/main.o
  CC      drivers/acpi/acpica/psloop.o
  CC      drivers/nvdimm/core.o
  CC      fs/ext4/orphan.o
  LD [M]  net/rfkill/rfkill.o
  CC      fs/ext4/acl.o
  CC      lib/generic-radix-tree.o
  CC      drivers/clk/tegra/clk-tegra124-dfll-fcpu.o
  CC      drivers/clk/zynqmp/clk-mux-zynqmp.o
  CC      fs/btrfs/super.o
  CC      drivers/dax/super.o
  CC      drivers/clk/sunxi-ng/ccu-sun50i-h6.o
  AR      fs/autofs/built-in.a
  CC      net/mptcp/token.o
  CC      drivers/dax/bus.o
  CC      drivers/base/power/wakeup.o
  CC      drivers/clk/tegra/clk-tegra124.o
  AR      drivers/dax/hmem/built-in.a
  CC      drivers/gpu/drm/drm_modes.o
  CC      drivers/clk/sunxi-ng/ccu-sun50i-h6-r.o
  CC      drivers/tty/serial/8250/8250_pericom.o
  CC      drivers/dma-buf/dma-buf.o
  CC [M]  fs/pstore/ram.o
  CC      drivers/clk/sunxi-ng/ccu-sun50i-h616.o
  CC      kernel/kexec.o
  CC      net/mctp/route.o
  CC      drivers/clk/sunxi-ng/ccu-sun55i-a523-mcu.o
  AR      drivers/base/firmware_loader/builtin/built-in.a
  CC      drivers/acpi/acpica/psobject.o
  CC      net/mctp/neigh.o
  CC      net/mptcp/crypto.o
  CC      drivers/base/power/wakeup_stats.o
  CC      fs/ext4/xattr_security.o
  CC      drivers/nvdimm/bus.o
  CC      drivers/base/power/clock_ops.o
  CC      drivers/clk/zynqmp/clkc.o
  CC      lib/bitmap-str.o
  HDRTEST usr/include/linux/uvcvideo.h
  AR      drivers/tty/vt/built-in.a
  HDRTEST usr/include/linux/if_ppp.h
  CC      drivers/acpi/battery.o
  HDRTEST usr/include/linux/if_vlan.h
  CC      drivers/gpu/drm/drm_modeset_lock.o
  HDRTEST usr/include/linux/tc_act/tc_skbmod.h
  CC      drivers/clk/tegra/cvb.o
  CC      drivers/tty/serial/8250/8250_rt288x.o
  CC      fs/btrfs/ctree.o
  CC      drivers/clk/tegra/clk-tegra210.o
  CC      drivers/dax/device.o
  AR      drivers/base/firmware_loader/built-in.a
  CC      drivers/acpi/acpica/psopcode.o
  CC      drivers/nvdimm/dimm_devs.o
  CC      drivers/dma-buf/dma-fence.o
  CC [M]  fs/pstore/ram_core.o
  CC      drivers/acpi/acpica/psopinfo.o
  AR      drivers/clk/zynqmp/built-in.a
  CC      lib/string_helpers.o
  CC      drivers/base/node.o
  AR      drivers/base/power/built-in.a
  AR      fs/pstore/built-in.a
  CC      net/mptcp/ctrl.o
  CC      drivers/gpu/drm/drm_plane.o
  CC      drivers/clk/sunxi-ng/ccu-sun6i-rtc.o
  CC      kernel/kexec_file.o
  CC      drivers/clk/sunxi-ng/ccu-sun8i-h3.o
  CC      fs/ext4/verity.o
  CC      drivers/base/memory.o
  CC      net/mptcp/pm.o
  CC      fs/btrfs/extent-tree.o
  CC      net/mptcp/diag.o
  CC      drivers/clk/sunxi-ng/ccu-sun8i-de2.o
  CC      drivers/clk/tegra/clk-tegra210-emc.o
  AR      net/mctp/built-in.a
  CC      drivers/tty/serial/8250/8250_tegra.o
  CC      drivers/dax/pmem.o
  CC      fs/btrfs/print-tree.o
  CC      drivers/clk/sunxi-ng/ccu-sun8i-r.o
  CC      drivers/tty/serial/rsci.o
  CC      drivers/clk/tegra/clk-bpmp.o
  CC      drivers/nvdimm/nd_perf.o
  CC      drivers/base/module.o
  CC      fs/efivarfs/inode.o
  CC      drivers/acpi/acpica/psparse.o
  CC      lib/hexdump.o
  LD [M]  fs/pstore/ramoops.o
  CC      fs/efivarfs/file.o
  CC      drivers/acpi/acpica/psscope.o
  CC      fs/bpf_fs_kfuncs.o
  CC      drivers/dma-buf/dma-fence-array.o
  CC      fs/btrfs/root-tree.o
  CC      fs/efivarfs/super.o
  CC      kernel/compat.o
  CC      fs/ext4/crypto.o
  CC      drivers/dma-buf/dma-fence-chain.o
  CC      drivers/gpu/drm/drm_prime.o
  CC      fs/btrfs/dir-item.o
  HDRTEST usr/include/linux/tc_act/tc_defact.h
  CC      drivers/dma-buf/dma-fence-unwrap.o
  CC      drivers/dax/fsdev.o
  CC      drivers/dma-buf/dma-resv.o
  AR      drivers/tty/serial/8250/built-in.a
  CC      drivers/dma-buf/dma-buf-mapping.o
  CC      net/mptcp/mib.o
  CC      drivers/acpi/acpica/pstree.o
  CC      drivers/gpu/drm/drm_print.o
  CC      drivers/base/auxiliary_sysfs.o
  CC      drivers/clk/tegra/clk-utils.o
  CC      drivers/dma-buf/dma-heap.o
  CC      drivers/nvdimm/dimm.o
  AR      drivers/clk/sunxi-ng/built-in.a
  CC      drivers/acpi/hed.o
  CC      drivers/acpi/acpica/psutils.o
  CC      drivers/nvdimm/region_devs.o
  CC      fs/efivarfs/vars.o
  CC      drivers/dma-buf/heaps/system_heap.o
  AR      fs/ext4/built-in.a
  CC      drivers/dma-buf/heaps/cma_heap.o
  CC      fs/btrfs/file-item.o
  CC      drivers/acpi/bgrt.o
  CC      drivers/base/soc.o
  AR      drivers/dax/built-in.a
  CC      drivers/base/pinctrl.o
  HDRTEST usr/include/linux/tc_act/tc_tunnel_key.h
  CC      drivers/nvdimm/region.o
  CC      drivers/gpu/drm/drm_property.o
  CC      drivers/base/regmap/regmap.o
  CC      drivers/tty/serial/samsung_tty.o
  CC      kernel/utsname.o
  CC      drivers/acpi/spcr.o
  AR      drivers/clk/tegra/built-in.a
  CC      drivers/acpi/pptt.o
  CC      drivers/acpi/acpica/pswalk.o
  CC      kernel/cgroup/cgroup.o
  CC      net/mptcp/pm_netlink.o
  CC      drivers/acpi/acpica/psxface.o
  CC      lib/kstrtox.o
  AR      fs/efivarfs/built-in.a
  CC      fs/btrfs/inode-item.o
  CC      drivers/base/devcoredump.o
  CC      drivers/acpi/acpica/rsaddr.o
  CC      net/mptcp/sockopt.o
  CC      net/mptcp/pm_userspace.o
  CC      drivers/base/regmap/regcache.o
  AR      drivers/dma-buf/heaps/built-in.a
  CC      drivers/base/platform-msi.o
  CC      drivers/base/regmap/regcache-rbtree.o
  CC      drivers/nvdimm/namespace_devs.o
  CC      drivers/dma-buf/sync_file.o
  CC      drivers/gpu/drm/drm_rect.o
  CC      drivers/tty/serial/sh-sci.o
  CC      fs/resctrl/rdtgroup.o
  CC      drivers/acpi/apei/apei-base.o
  AR      drivers/clk/built-in.a
  CC      drivers/acpi/apei/hest.o
  CC      kernel/cgroup/rstat.o
  CC      kernel/cgroup/namespace.o
  CC      kernel/cgroup/cgroup-v1.o
  HDRTEST usr/include/linux/tc_act/tc_ctinfo.h
  CC      kernel/cgroup/freezer.o
  CC      drivers/acpi/acpica/rscalc.o
  CC      lib/test-kstrtox.o
  CC      fs/btrfs/disk-io.o
  CC      drivers/gpu/drm/drm_syncobj.o
  CC      drivers/base/arch_topology.o
  CC [M]  fs/fuse/trace.o
  CC      drivers/dma-buf/udmabuf.o
  AR      lib/kunit/built-in.a
  CC      drivers/tty/serial/serial-tegra.o
  CC      drivers/base/regmap/regcache-flat.o
  CC [M]  fs/fuse/dev.o
  CC      fs/resctrl/ctrlmondata.o
  CC      drivers/gpu/drm/drm_sysfs.o
  CC      drivers/gpu/drm/drm_trace_points.o
  CC      drivers/nvdimm/label.o
  CC      lib/math/div64.o
  CC [M]  fs/fuse/dir.o
  CC      drivers/acpi/apei/erst.o
  CC      drivers/acpi/acpica/rscreate.o
  CC      net/mptcp/fastopen.o
  CC      drivers/nvdimm/badrange.o
  CC      drivers/acpi/acpica/rsdumpinfo.o
  CC      drivers/nvdimm/claim.o
  CC      drivers/nvdimm/pfn_devs.o
  CC      drivers/acpi/acpica/rsinfo.o
  CC      lib/crc/crc8.o
  CC      kernel/cgroup/legacy_freezer.o
  CC      lib/crc/crc16.o
  CC      kernel/cgroup/pids.o
  AR      drivers/cxl/core/built-in.a
  CC      fs/btrfs/transaction.o
  CC      lib/crypto/hash_info.o
  AR      drivers/cxl/built-in.a
  AR      lib/tests/built-in.a
  AR      drivers/macintosh/built-in.a
  CC      lib/vdso/datastore.o
  CC      drivers/scsi/scsi.o
  CC      drivers/base/regmap/regcache-maple.o
  AR      drivers/dma-buf/built-in.a
  CC      drivers/scsi/hosts.o
  CC      drivers/base/regmap/regmap-debugfs.o
  CC      drivers/nvdimm/dax_devs.o
  CC      drivers/tty/serial/tegra-tcu.o
  CC      kernel/user_namespace.o
  CC      drivers/scsi/scsi_ioctl.o
  CC      fs/btrfs/inode.o
  CC      drivers/acpi/apei/bert.o
  CC      drivers/nvdimm/security.o
  CC      drivers/gpu/drm/drm_vblank.o
  CC [M]  fs/fuse/file.o
  CC      drivers/nvdimm/pmem.o
  CC      drivers/acpi/acpica/rsio.o
  CC      fs/resctrl/monitor.o
  CC      lib/crypto/memneq.o
  CC [M]  fs/fuse/inode.o
  CC      net/mptcp/sched.o
  CC      lib/crc/crc-ccitt.o
  CC      kernel/cgroup/rdma.o
  CC      drivers/acpi/acpica/rsirq.o
  CC      kernel/cgroup/cpuset.o
  CC      kernel/cgroup/misc.o
  CC      drivers/scsi/scsicam.o
  CC      kernel/cgroup/dmem.o
  AR      lib/vdso/built-in.a
  CC      lib/raid/xor/xor-core.o
  CC [M]  fs/fuse/control.o
  CC      lib/crypto/utils.o
  CC      drivers/scsi/scsi_error.o
  CC      lib/raid/xor/xor-8regs.o
  CC      drivers/tty/serial/tegra-utc.o
  CC      drivers/acpi/acpica/rslist.o
  CC      lib/crc/crc-t10dif-main.o
  AS      lib/crc/arm64/crc-t10dif-core.o
  CC      drivers/base/regmap/regmap-i2c.o
  CC      kernel/pid_namespace.o
  CC [M]  fs/fuse/xattr.o
  CC      net/mptcp/mptcp_pm_gen.o
  CC      drivers/acpi/apei/ghes.o
  HDRTEST usr/include/linux/tc_act/tc_vlan.h
  CC      kernel/stop_machine.o
  CC      drivers/acpi/acpica/rsmemory.o
  CC      drivers/gpu/drm/drm_vblank_work.o
  CC      fs/btrfs/file.o
  AR      fs/resctrl/built-in.a
  HDRTEST usr/include/linux/tc_act/tc_skbedit.h
  CC      fs/btrfs/defrag.o
  CC      drivers/gpu/drm/drm_vma_manager.o
  CC      lib/raid/xor/xor-32regs.o
  CC      drivers/scsi/scsi_lib.o
  HOSTCC  lib/crc/gen_crc32table
  CC      drivers/nvdimm/of_pmem.o
  CC      drivers/base/arch_numa.o
  CC      lib/crypto/aes.o
  AS      lib/crypto/arm64/aes-cipher-core.o
  CC      drivers/scsi/constants.o
  HDRTEST usr/include/linux/tc_act/tc_mpls.h
  CC      drivers/scsi/scsi_lib_dma.o
  AS      lib/crc/arm64/crc32-core.o
  AR      kernel/cgroup/built-in.a
  CC      drivers/tty/serial/xilinx_uartps.o
  CC      lib/math/gcd.o
  CC      drivers/base/regmap/regmap-spmi.o
  CC      drivers/acpi/acpica/rsmisc.o
  AR      drivers/acpi/pmic/built-in.a
  CC      drivers/base/regmap/regmap-mmio.o
  HDRTEST usr/include/linux/tc_act/tc_connmark.h
  CC      drivers/acpi/acpica/rsserial.o
  CC      drivers/acpi/apei/ghes_helpers.o
  CC [M]  fs/fuse/acl.o
  CC      drivers/base/physical_location.o
  HDRTEST usr/include/linux/tc_act/tc_nat.h
  CC      fs/btrfs/extent_map.o
  CC      net/mptcp/pm_kernel.o
  CC      drivers/gpu/drm/drm_writeback.o
  CC      kernel/audit.o
  AR      drivers/base/test/built-in.a
  AR      drivers/acpi/dptf/built-in.a
  AR      drivers/nvdimm/built-in.a
  CC      lib/iomap_copy.o
  CC      lib/devres.o
  AS      lib/crypto/arm64/aes-ce-core.o
  CC      drivers/tty/serial/serial_mctrl_gpio.o
  CC      drivers/acpi/viot.o
  CC      lib/cache_maint.o
  HOSTCC  lib/crc/gen_crc64table
  CC      drivers/acpi/acpica/rsutils.o
  CC      drivers/acpi/arm64/agdi.o
  CC      drivers/base/regmap/regmap-irq.o
  CC      drivers/base/trace.o
  AS      lib/crypto/arm64/aes-ce.o
  CC      drivers/scsi/scsi_scan.o
  CC      lib/raid/xor/xor-8regs-prefetch.o
  GEN     drivers/scsi/scsi_devinfo_tbl.c
  CC      drivers/acpi/arm64/apmt.o
  AS      lib/crypto/arm64/aes-neon.o
  CC      fs/btrfs/sysfs.o
  CC [M]  fs/fuse/readdir.o
  CC      fs/btrfs/accessors.o
  CC      drivers/scsi/scsi_devinfo.o
  CC      lib/hweight.o
  CC      lib/crypto/aescfb.o
  CC      drivers/tty/serial/kgdboc.o
  CC      lib/interval_tree.o
  CC      drivers/gpu/drm/drm_client.o
  CC      lib/math/lcm.o
  CC      lib/crc/arm64/crc64-neon-inner.o
  CC      lib/raid/xor/xor-32regs-prefetch.o
  CC      kernel/auditfilter.o
  CC      drivers/acpi/acpica/rsxface.o
  CC      net/mptcp/syncookies.o
  CC      kernel/auditsc.o
  AR      drivers/base/regmap/built-in.a
  CC      drivers/acpi/arm64/ffh.o
  AR      lib/crc/tests/built-in.a
  CC      kernel/audit_watch.o
  CC      kernel/audit_fsnotify.o
  CC [M]  fs/fuse/ioctl.o
  CC      fs/btrfs/xattr.o
  CC      lib/crypto/blake2b.o
  CC      drivers/scsi/scsi_sysctl.o
  CC      drivers/gpu/drm/drm_client_event.o
  CC      drivers/acpi/acpica/tbdata.o
  CC      drivers/scsi/scsi_proc.o
  AR      drivers/tty/serial/built-in.a
  CC      drivers/scsi/scsi_debugfs.o
  CC      lib/crypto/blake2s.o
  CC      drivers/acpi/arm64/gtdt.o
  CC      drivers/acpi/acpica/tbfadt.o
  CC      fs/btrfs/ordered-data.o
  CC      lib/crypto/chacha-block-generic.o
  AR      drivers/base/built-in.a
  CC      net/mptcp/mptcp_diag.o
  CC      drivers/scsi/scsi_trace.o
  CC [M]  fs/fuse/iomode.o
  CC      drivers/gpu/drm/drm_client_modeset.o
  CC      drivers/acpi/arm64/iort.o
  CC      kernel/audit_tree.o
  AR      drivers/acpi/apei/built-in.a
  CC      drivers/scsi/scsi_logging.o
  HDRTEST usr/include/linux/tc_act/tc_csum.h
  CC      lib/math/int_log.o
  HDRTEST usr/include/linux/tc_act/tc_ife.h
  GEN     lib/crc/crc32table.h
  AR      drivers/nvme/common/built-in.a
  AR      drivers/nvme/host/built-in.a
  CC      lib/crc/crc32-main.o
  CC      kernel/kprobes.o
  AR      drivers/tty/built-in.a
  CC      drivers/ata/libata-core.o
  CC      lib/math/int_pow.o
  AR      drivers/nvme/target/built-in.a
  CC      lib/assoc_array.o
  CC      drivers/acpi/arm64/mpam.o
  CC      drivers/scsi/scsi_pm.o
  AR      drivers/nvme/built-in.a
  CC      net/mptcp/bpf.o
  CC [M]  fs/fuse/passthrough.o
  CC      drivers/gpu/drm/drm_client_sysrq.o
  CC      fs/btrfs/extent_io.o
  CC      kernel/debug/debug_core.o
  CC      fs/btrfs/volumes.o
  CC      drivers/spi/spi.o
  CC      drivers/spi/spi-mem.o
  CC      drivers/spmi/spmi.o
  CC      drivers/net/loopback.o
  CC      drivers/spi/spi-tegra210-quad.o
  GEN     lib/crc/crc64table.h
  AR      drivers/firewire/built-in.a
  CC      drivers/acpi/acpica/tbfind.o
  CC      lib/crc/crc64-main.o
  CC      drivers/spi/spi-amd.o
  HDRTEST usr/include/linux/tc_act/tc_sample.h
  CC      lib/list_debug.o
  CC      drivers/ata/libata-scsi.o
  CC      drivers/acpi/arm64/cpuidle.o
  CC      drivers/scsi/scsi_dh.o
  CC [M]  fs/fuse/backing.o
  CC      drivers/gpu/drm/drm_ioc32.o
  CC      drivers/ata/libata-eh.o
  HDRTEST usr/include/linux/tc_act/tc_mirred.h
  AR      net/mptcp/built-in.a
  CC      drivers/gpu/drm/drm_panel.o
  CC      kernel/debug/gdbstub.o
  CC      drivers/ata/libata-transport.o
  CC      fs/btrfs/async-thread.o
  CC      drivers/ata/libata-trace.o
  CC      drivers/spi/spi-amd-pci.o
  HDRTEST usr/include/linux/tc_act/tc_gact.h
  CC      drivers/ata/libata-sata.o
  CC      drivers/spmi/spmi-devres.o
  CC      drivers/acpi/acpica/tbinstal.o
  CC      drivers/net/netkit.o
  AR      lib/crc/built-in.a
  CC      drivers/net/phy/stubs.o
  CC [M]  fs/fuse/sysctl.o
  CC      drivers/net/phy/mdio_bus.o
  CC      drivers/acpi/arm64/amba.o
  CC      drivers/scsi/scsi_bsg.o
  CC      drivers/spmi/spmi-pmic-arb.o
  CC      fs/btrfs/ioctl.o
  AR      net/built-in.a
  CC      drivers/cdrom/cdrom.o
  CC      drivers/gpu/drm/drm_of.o
  CC      drivers/acpi/acpica/tbprint.o
  CC      drivers/scsi/scsi_common.o
  CC [M]  drivers/spi/spi-dw-core.o
  CC      kernel/watchdog.o
  CC      drivers/scsi/sd.o
  AR      drivers/scsi/device_handler/built-in.a
  AR      kernel/debug/built-in.a
  AR      drivers/scsi/megaraid/built-in.a
  CC      drivers/gpu/drm/drm_pci.o
  CC      drivers/scsi/sd_dif.o
  CC      lib/crypto/chacha.o
  CC      fs/btrfs/locking.o
  CC      drivers/ata/libata-sff.o
  CC [M]  fs/fuse/dev_uring.o
  CC      drivers/acpi/arm64/dma.o
  CC      drivers/ata/libata-pmp.o
  CC      fs/btrfs/orphan.o
  CC      drivers/ata/libata-acpi.o
  CC      drivers/acpi/arm64/init.o
  AR      drivers/spmi/built-in.a
  CC      drivers/net/phy/phy.o
  CC      drivers/ata/libata-pata-timings.o
  CC      drivers/net/phy/phy-c45.o
  CC      lib/math/int_sqrt.o
  CC      drivers/scsi/sd_zbc.o
  AR      drivers/auxdisplay/built-in.a
  AR      drivers/cdrom/built-in.a
  CC      drivers/acpi/acpica/tbutils.o
  HDRTEST usr/include/linux/tc_act/tc_bpf.h
  CC      lib/raid/xor/arm64/xor-neon.o
  CC      drivers/gpu/drm/drm_debugfs.o
  CC [M]  drivers/spi/spi-dw-dma.o
  AS      lib/crypto/arm64/chacha-neon-core.o
  CC      lib/crypto/chacha20poly1305.o
  CC      kernel/watchdog_perf.o
  LD [M]  fs/fuse/fuse.o
  CC      drivers/gpu/drm/drm_debugfs_crc.o
  CC      lib/crypto/gf128hash.o
  CC      drivers/scsi/sr.o
  AS      lib/crypto/arm64/ghash-neon-core.o
  CC      fs/btrfs/export.o
  CC      kernel/seccomp.o
  CC      lib/bitrev.o
  AR      drivers/net/pse-pd/built-in.a
  CC      drivers/acpi/arm64/thermal_cpufreq.o
  CC      drivers/scsi/sr_ioctl.o
  CC      drivers/ata/ahci.o
  CC      lib/linear_ranges.o
  CC      drivers/net/phy/phy-core.o
  CC      drivers/acpi/acpica/tbxface.o
  CC      lib/raid/xor/arm64/xor-neon-glue.o
  CC      drivers/net/phy/phy_device.o
  CC [M]  drivers/spi/spi-dw-mmio.o
  CC      drivers/net/phy/linkmode.o
  HDRTEST usr/include/linux/tc_act/tc_gate.h
  CC      lib/packing.o
  CC      lib/math/reciprocal_div.o
  CC      lib/xxhash.o
  AR      lib/raid/xor/tests/built-in.a
  CC      lib/genalloc.o
  CC      lib/math/rational.o
  AS      lib/crypto/arm64/polyval-ce-core.o
  AR      lib/math/tests/built-in.a
  CC      drivers/scsi/sr_vendor.o
  CC      drivers/acpi/acpica/tbxfload.o
  CC      drivers/gpu/drm/drm_edid_load.o
  CC      drivers/ata/libahci.o
  AR      lib/raid/xor/built-in.a
  CC      fs/btrfs/tree-log.o
  AR      drivers/acpi/arm64/built-in.a
  CC      fs/btrfs/free-space-cache.o
  CC      drivers/usb/common/common.o
  CC      fs/btrfs/zlib.o
  CC      kernel/relay.o
  CC      drivers/net/phy/phy_link_topology.o
  CC      drivers/usb/core/usb.o
  CC      drivers/usb/phy/of.o
  CC      drivers/scsi/sg.o
  CC      drivers/usb/common/debug.o
  CC      drivers/usb/mon/mon_main.o
  CC      lib/crypto/md5.o
  AR      drivers/spi/built-in.a
  CC      drivers/usb/mon/mon_stat.o
  CC      drivers/usb/mon/mon_text.o
  CC      lib/842/842_compress.o
  CC      drivers/usb/host/pci-quirks.o
  CC      drivers/net/mdio/acpi_mdio.o
  CC      drivers/net/mdio/fwnode_mdio.o
  CC      drivers/acpi/acpica/tbxfroot.o
  CC      kernel/utsname_sysctl.o
  CC      drivers/gpu/drm/../../accel/drm_accel.o
  CC      drivers/acpi/acpica/utaddress.o
  CC      kernel/delayacct.o
  AR      lib/raid/built-in.a
  CC      kernel/taskstats.o
  HDRTEST usr/include/linux/tc_act/tc_ct.h
  CC      drivers/ata/ata_piix.o
  HDRTEST usr/include/linux/tc_act/tc_pedit.h
  CC      drivers/net/mdio/of_mdio.o
  CC      drivers/usb/mon/mon_bin.o
  LD [M]  drivers/spi/spi-dw.o
  CC      lib/crypto/poly1305.o
  CC      drivers/usb/core/hub.o
  CC      fs/btrfs/lzo.o
  CC      drivers/usb/phy/phy-ulpi.o
  CC      drivers/scsi/scsi_sysfs.o
  PERLASM lib/crypto/arm64/poly1305-core.S
  CC      lib/842/842_decompress.o
  CC      kernel/tsacct.o
  CC      drivers/usb/host/ehci-hcd.o
  AR      drivers/net/pcs/built-in.a
  CC      drivers/usb/host/ehci-pci.o
  CC      drivers/usb/host/xhci.o
  HDRTEST usr/include/linux/msg.h
  CC      drivers/acpi/acpica/utalloc.o
  CC      fs/btrfs/zstd.o
  CC      drivers/net/phy/phy_caps.o
  CC      drivers/gpu/drm/drm_panic.o
  CC      lib/zlib_inflate/inffast.o
  CC      lib/zlib_deflate/deflate.o
  CC      drivers/usb/core/hcd.o
  AR      drivers/net/mdio/built-in.a
  AR      drivers/usb/mon/built-in.a
  CC      lib/zlib_deflate/deftree.o
  AR      drivers/scsi/built-in.a
  CC      kernel/tracepoint.o
  CC      drivers/usb/phy/phy-ulpi-viewport.o
  CC      drivers/net/can/dev/skb.o
  AR      drivers/ata/built-in.a
  CC      lib/crypto/sha1.o
  AR      drivers/net/can/esd/built-in.a
  AR      drivers/net/ethernet/8390/built-in.a
  AR      lib/842/built-in.a
  AS      lib/crypto/arm64/sha1-ce-core.o
  CC      lib/crypto/sha256.o
  CC      drivers/usb/host/xhci-mem.o
  CC      drivers/acpi/acpica/utascii.o
  CC      drivers/gpu/drm/drm_draw.o
  CC      drivers/acpi/acpica/utbuffer.o
  CC      drivers/net/can/dev/calc_bittiming.o
  CC      fs/btrfs/compression.o
  CC      drivers/net/phy/mdio_bus_provider.o
  AR      lib/math/built-in.a
  CC      drivers/usb/host/xhci-ext-caps.o
  CC      kernel/latencytop.o
  HDRTEST usr/include/linux/atmapi.h
  CC      fs/btrfs/delayed-ref.o
  AR      drivers/net/ethernet/adi/built-in.a
  AR      drivers/net/ethernet/agere/built-in.a
  CC      fs/btrfs/relocation.o
  CC      drivers/usb/common/led.o
  CC      drivers/usb/core/urb.o
  CC      drivers/net/phy/phy_port.o
  CC      lib/lzo/lzo1x_compress.o
  AR      drivers/net/ethernet/allwinner/built-in.a
  CC      lib/lzo/lzo1x_compress_safe.o
  AR      drivers/net/ethernet/amazon/built-in.a
  AR      drivers/usb/phy/built-in.a
  AS      lib/crypto/arm64/sha256-ce.o
  CC      lib/lz4/lz4_decompress.o
  PERLASM lib/crypto/arm64/sha256-core.S
  CC      drivers/usb/host/xhci-ring.o
  AR      drivers/net/ethernet/amd/built-in.a
  CC      drivers/acpi/acpica/utcksum.o
  CC      lib/zlib_deflate/deflate_syms.o
  RUSTC     drivers/gpu/drm/drm_panic_qr.o
  AR      drivers/usb/storage/built-in.a
  AR      drivers/net/can/rcar/built-in.a
  CC      lib/lzo/lzo1x_decompress_safe.o
  CC      lib/zstd/zstd_compress_module.o
  CC      drivers/net/can/dev/bittiming.o
  CC      lib/zstd/compress/fse_compress.o
  CC      drivers/usb/core/message.o
  CC      lib/zstd/compress/hist.o
  CC      drivers/net/phy/mdio_device.o
  CC      drivers/usb/core/driver.o
  CC      drivers/gpu/drm/drm_ras.o
  AR      drivers/net/ethernet/aquantia/built-in.a
  CC      drivers/net/phy/swphy.o
  CC      lib/zlib_inflate/inflate.o
  AR      drivers/usb/common/built-in.a
  CC [M]  lib/lz4/lz4_compress.o
  CC      drivers/gpu/drm/drm_ras_nl.o
  CC      fs/btrfs/delayed-inode.o
  CC [M]  lib/lz4/lz4hc_compress.o
  CC      kernel/trace/trace_clock.o
  CC      kernel/trace/ftrace.o
  AR      lib/lzo/built-in.a
  CC      fs/btrfs/scrub.o
  CC      drivers/gpu/drm/drm_ras_genl_family.o
  CC      drivers/acpi/acpica/utcopy.o
  CC      lib/crypto/sha512.o
  AS      lib/crypto/arm64/sha512-ce-core.o
  CC      drivers/acpi/acpica/utexcep.o
  PERLASM lib/crypto/arm64/sha512-core.S
  AR      drivers/net/ethernet/arc/built-in.a
  CC      drivers/usb/host/xhci-hub.o
  CC      drivers/net/can/dev/dev.o
  HDRTEST usr/include/linux/resource.h
  CC      drivers/usb/core/config.o
  HDRTEST usr/include/linux/rpl.h
  CC      drivers/gpu/drm/drm_panel_orientation_quirks.o
  CC      drivers/net/can/dev/length.o
  CC      lib/crypto/sha3.o
  AR      drivers/net/ethernet/asix/built-in.a
  CC      drivers/usb/core/file.o
  AR      drivers/net/ethernet/atheros/built-in.a
  CC      drivers/usb/core/buffer.o
  CC      drivers/gpu/drm/drm_gem_shmem_helper.o
  CC      drivers/net/phy/phy_led_triggers.o
  CC      fs/btrfs/backref.o
  AR      drivers/net/can/rockchip/built-in.a
  CC      kernel/irq_work.o
  AR      lib/lz4/built-in.a
  AR      drivers/net/ethernet/cadence/built-in.a
  AR      drivers/net/ethernet/broadcom/built-in.a
  CC      drivers/net/phy/mdio_devres.o
  CC      kernel/cpu_pm.o
  AR      drivers/net/can/usb/built-in.a
  CC      drivers/acpi/acpica/utdebug.o
  AR      drivers/net/can/spi/mcp251xfd/built-in.a
  AR      drivers/net/ethernet/cavium/common/built-in.a
  CC      drivers/usb/host/xhci-dbg.o
  AS      lib/crypto/arm64/sha3-ce-core.o
  CC      drivers/usb/core/sysfs.o
  CC      drivers/usb/host/xhci-trace.o
  CC      kernel/trace/ring_buffer.o
  AR      lib/zlib_deflate/built-in.a
  CC      fs/btrfs/ulist.o
  CC      lib/zlib_inflate/infutil.o
  CC      drivers/net/can/dev/netlink.o
  AR      drivers/net/can/spi/built-in.a
  AR      drivers/net/ethernet/chelsio/built-in.a
  CC      fs/btrfs/qgroup.o
  CC      lib/crypto/mpi/generic_mpih-lshift.o
  AR      drivers/net/ethernet/dlink/built-in.a
  AR      drivers/net/ethernet/cavium/thunder/built-in.a
  AR      drivers/net/mctp/built-in.a
  CC      lib/zlib_inflate/inftrees.o
  CC [M]  lib/crypto/gf128mul.o
  CC      lib/zlib_inflate/inflate_syms.o
  AR      drivers/net/ethernet/cavium/liquidio/built-in.a
  CC      drivers/net/phy/mii_timestamper.o
  CC      drivers/usb/core/endpoint.o
  CC      drivers/net/phy/fixed_phy.o
  AR      drivers/net/ethernet/cavium/octeon/built-in.a
  CC      drivers/acpi/acpica/utdecode.o
  AR      drivers/net/wireless/ath/built-in.a
  HDRTEST usr/include/linux/ultrasound.h
  CC      fs/btrfs/send.o
  AR      drivers/net/usb/built-in.a
  CC      kernel/trace/trace.o
  CC      kernel/trace/trace_output.o
  CC      fs/btrfs/dev-replace.o
  AR      drivers/net/ethernet/cavium/built-in.a
  CC      drivers/input/serio/serio.o
  CC      lib/crypto/mpi/generic_mpih-mul1.o
  CC      drivers/input/input.o
  CC      drivers/rtc/lib.o
  CC      drivers/acpi/acpica/utdelete.o
  CC      drivers/usb/host/xhci-dbgcap.o
  CC      lib/crypto/mpi/generic_mpih-mul2.o
  CC      fs/btrfs/raid56.o
  CC      drivers/acpi/acpica/uterror.o
  CC      drivers/i2c/i2c-boardinfo.o
  AR      drivers/net/wireless/broadcom/built-in.a
  AR      drivers/net/can/dev/built-in.a
  CC      drivers/usb/host/xhci-dbgtty.o
  CC      drivers/i2c/i2c-core-base.o
  CC      drivers/acpi/acpica/uteval.o
  AR      drivers/net/ethernet/emulex/built-in.a
  CC      drivers/usb/core/devio.o
  CC      drivers/acpi/acpica/utglobal.o
  CC      drivers/acpi/acpica/uthex.o
  AR      drivers/net/wireless/intel/built-in.a
  CC      drivers/acpi/acpica/utids.o
  CC      drivers/input/input-compat.o
  CC      drivers/input/serio/libps2.o
  CC      kernel/trace/trace_seq.o
  AR      drivers/net/phy/mediatek/built-in.a
  CC      fs/btrfs/uuid-tree.o
  CC      drivers/rtc/class.o
  AR      drivers/net/phy/qcom/built-in.a
  CC      lib/crypto/mpi/generic_mpih-mul3.o
  CC      drivers/gpu/drm/drm_fbdev_shmem.o
  CC      kernel/bpf/core.o
  CC      drivers/acpi/acpica/utinit.o
  CC      fs/btrfs/props.o
  AR      drivers/net/wireless/marvell/built-in.a
  AR      drivers/net/wireless/mediatek/built-in.a
  AR      drivers/net/can/softing/built-in.a
  CC      fs/btrfs/free-space-tree.o
  CC [M]  drivers/net/phy/qcom/qcom-phy-lib.o
  CC      drivers/gpu/drm/drm_atomic_helper.o
  CC      kernel/trace/trace_stat.o
  CC      kernel/bpf/syscall.o
  AR      drivers/net/ethernet/engleder/built-in.a
  CC [M]  drivers/net/phy/qcom/at803x.o
  CC      drivers/acpi/acpica/utlock.o
  CC      drivers/usb/core/notify.o
  AR      drivers/net/can/built-in.a
  CC      drivers/i2c/i2c-core-smbus.o
  CC      drivers/usb/host/xhci-debugfs.o
  CC      drivers/input/input-mt.o
  CC      drivers/i2c/i2c-core-acpi.o
  CC      drivers/usb/core/generic.o
  AR      drivers/input/serio/built-in.a
  CC      drivers/acpi/acpica/utmath.o
  CC      lib/crypto/mpi/generic_mpih-rshift.o
  AR      drivers/net/wireless/microchip/built-in.a
  HDRTEST usr/include/linux/radeonfb.h
  AR      drivers/net/ethernet/freescale/dpaa2/built-in.a
  AR      drivers/net/wireless/quantenna/built-in.a
  CC      drivers/usb/serial/usb-serial.o
  CC      kernel/bpf/verifier.o
  CC      drivers/usb/serial/generic.o
  CC      kernel/trace/trace_printk.o
  AR      drivers/i3c/built-in.a
  AR      drivers/net/wireless/ralink/built-in.a
  AR      drivers/net/wireless/realtek/built-in.a
  AR      drivers/net/ethernet/freescale/enetc/built-in.a
  CC      drivers/usb/host/xhci-sideband.o
  CC      drivers/i2c/i2c-core-slave.o
  CC      drivers/rtc/interface.o
  CC      fs/btrfs/tree-checker.o
  CC      drivers/acpi/acpica/utmisc.o
  AR      drivers/net/ethernet/freescale/built-in.a
  CC      lib/zstd/compress/huf_compress.o
  CC      drivers/input/input-poller.o
  CC      lib/zstd/compress/zstd_compress.o
  AS      lib/crypto/arm64/poly1305-core.o
  CC      drivers/usb/serial/bus.o
  CC      drivers/usb/core/quirks.o
  CC      drivers/gpu/drm/drm_atomic_state_helper.o
  CC      lib/crypto/mpi/generic_mpih-sub1.o
  AR      lib/zlib_inflate/built-in.a
  CC      drivers/acpi/acpica/utmutex.o
  AR      drivers/net/ethernet/fungible/built-in.a
  AS      lib/crypto/arm64/sha256-core.o
  CC      kernel/trace/trace_pid.o
  AR      drivers/net/wireless/rsi/built-in.a
  CC      lib/percpu_counter.o
  AR      drivers/usb/misc/built-in.a
  CC      lib/xz/xz_dec_syms.o
  AR      drivers/net/wireless/st/built-in.a
  CC      lib/raid6/algos.o
  CC      drivers/usb/serial/console.o
  AR      drivers/net/phy/built-in.a
  CC      lib/audit.o
  CC      kernel/bpf/inode.o
  CC      drivers/usb/roles/class.o
  CC      fs/btrfs/space-info.o
  CC      fs/btrfs/block-rsv.o
  CC      drivers/acpi/acpica/utnonansi.o
  CC      drivers/usb/host/xhci-pci.o
  AS      lib/crypto/arm64/sha512-core.o
  CC      drivers/rtc/nvmem.o
  CC      drivers/input/ff-core.o
  AR      drivers/net/wireless/ti/built-in.a
  CC      drivers/usb/host/xhci-pci-renesas.o
  CC      drivers/i2c/i2c-core-of.o
  CC      lib/crypto/mpi/generic_mpih-add1.o
  CC      drivers/usb/core/devices.o
  CC      lib/xz/xz_dec_stream.o
  CC      drivers/usb/core/phy.o
  CC      lib/crypto/mpi/mpicoder.o
  CC      kernel/trace/trace_snapshot.o
  AR      drivers/net/ethernet/google/built-in.a
  CC      lib/raid6/recov.o
  CC      drivers/usb/core/port.o
  CC      lib/xz/xz_dec_lzma2.o
  CC      lib/crypto/mpi/mpi-add.o
  AR      drivers/usb/serial/built-in.a
  CC      lib/crypto/mpi/mpi-bit.o
  AR      drivers/net/wireless/zydas/built-in.a
  CC      drivers/acpi/acpica/utobject.o
  CC      kernel/bpf/helpers.o
  CC      drivers/input/touchscreen.o
  CC      fs/btrfs/delalloc-space.o
  AR      drivers/usb/roles/built-in.a
  AR      drivers/net/ethernet/hisilicon/built-in.a
  CC      drivers/rtc/dev.o
  CC      drivers/acpi/acpica/utosi.o
  HOSTCC  lib/raid6/mktables
  CC      lib/crypto/mpi/mpi-cmp.o
  UNROLL  lib/raid6/int1.c
  AR      drivers/net/wireless/virtual/built-in.a
  CC      drivers/i2c/i2c-core-of-prober.o
  CC      drivers/input/touch-overlay.o
  CC      lib/xz/xz_dec_bcj.o
  UNROLL  lib/raid6/int2.c
  CC      drivers/gpu/drm/drm_bridge_helper.o
  CC      drivers/usb/core/trace.o
  CC      kernel/trace/pid_list.o
  AR      drivers/usb/host/built-in.a
  CC      fs/btrfs/block-group.o
  CC      drivers/usb/core/of.o
  AR      drivers/net/wireless/built-in.a
  AR      drivers/net/ethernet/intel/libie/built-in.a
  CC      lib/compat_audit.o
  CC      fs/btrfs/discard.o
  CC      drivers/usb/core/offload.o
  AR      drivers/net/ethernet/intel/built-in.a
  CC      drivers/input/vivaldi-fmap.o
  UNROLL  lib/raid6/int4.c
  CC      drivers/usb/core/hcd-pci.o
  CC      drivers/gpu/drm/drm_crtc_helper.o
  CC      drivers/input/input-leds.o
  HDRTEST usr/include/linux/audit.h
  CC      drivers/acpi/acpica/utownerid.o
  AR      lib/xz/built-in.a
  CC      drivers/rtc/proc.o
  CC      lib/crypto/mpi/mpi-sub-ui.o
  CC      lib/zstd/compress/zstd_compress_literals.o
  CC      kernel/events/core.o
  CC      drivers/acpi/acpica/utpredef.o
  CC      lib/zstd/compress/zstd_compress_sequences.o
  CC      kernel/events/ring_buffer.o
  CC      kernel/bpf/tnum.o
  CC      kernel/trace/tracing_map.o
  CC      kernel/events/callchain.o
  CC      drivers/gpu/drm/drm_damage_helper.o
  CC      kernel/events/hw_breakpoint.o
  CC      fs/btrfs/reflink.o
  CC      kernel/padata.o
  CC      kernel/events/uprobes.o
  HDRTEST usr/include/linux/vhost_types.h
  AR      drivers/i2c/algos/built-in.a
  CC      drivers/input/mousedev.o
  AR      drivers/net/ethernet/microsoft/built-in.a
  CC      fs/btrfs/subpage.o
  CC      drivers/acpi/acpica/utresdecode.o
  CC      drivers/usb/core/usb-acpi.o
  AR      drivers/net/ethernet/litex/built-in.a
  CC      lib/crypto/mpi/mpi-div.o
  CC      drivers/rtc/sysfs.o
  CC      drivers/acpi/acpica/utresrc.o
  CC      lib/crypto/mpi/mpi-mod.o
  CC      kernel/trace/trace_sched_switch.o
  CC      kernel/jump_label.o
  CC      drivers/gpu/drm/drm_flip_work.o
  CC      drivers/i2c/busses/i2c-designware-common.o
  CC      drivers/i2c/busses/i2c-designware-master.o
  AR      drivers/media/i2c/built-in.a
  CC      drivers/input/evdev.o
  AR      drivers/media/tuners/built-in.a
  AR      drivers/net/ethernet/marvell/octeon_ep/built-in.a
  AR      kernel/events/built-in.a
  CC      lib/syscall.o
  CC      drivers/rtc/rtc-amlogic-a4.o
  CC      lib/crypto/mpi/mpi-mul.o
  CC      drivers/pps/pps.o
  AR      drivers/net/ethernet/mellanox/built-in.a
  CC [M]  drivers/i2c/i2c-dev.o
  AR      drivers/media/rc/keymaps/built-in.a
  AR      drivers/media/common/b2c2/built-in.a
  CC      fs/btrfs/tree-mod-log.o
  CC      drivers/acpi/acpica/utstate.o
  AR      drivers/i2c/muxes/built-in.a
  CC      lib/zstd/compress/zstd_compress_superblock.o
  AR      drivers/usb/core/built-in.a
  CC      lib/crypto/mpi/mpih-cmp.o
  CC [M]  drivers/i2c/muxes/i2c-mux-pca954x.o
  CC      lib/dynamic_debug.o
  HDRTEST usr/include/linux/ipmi.h
  CC      drivers/media/rc/rc-main.o
  HDRTEST usr/include/linux/ethtool_netlink.h
  CC      drivers/i2c/busses/i2c-designware-slave.o
  CC      kernel/trace/trace_functions.o
  AR      drivers/net/ethernet/marvell/octeon_ep_vf/built-in.a
  AR      drivers/media/pci/ttpci/built-in.a
  AR      drivers/media/platform/allegro-dvt/built-in.a
  AR      drivers/media/common/saa7146/built-in.a
  CC      kernel/trace/trace_sched_wakeup.o
  AR      drivers/media/common/siano/built-in.a
  AR      drivers/media/usb/b2c2/built-in.a
  AR      drivers/net/ethernet/marvell/octeontx2/built-in.a
  AR      drivers/media/pci/pluto2/built-in.a
  AR      drivers/media/pci/b2c2/built-in.a
  CC      drivers/pps/kapi.o
  AR      drivers/media/platform/amphion/built-in.a
  CC      drivers/acpi/acpica/utstring.o
  CC      drivers/pps/sysfs.o
  CC      drivers/gpu/drm/drm_format_helper.o
  CC      drivers/rtc/rtc-efi.o
  AR      drivers/media/usb/dvb-usb/built-in.a
  AR      drivers/media/common/v4l2-tpg/built-in.a
  CC      drivers/input/keyboard/atkbd.o
  AR      drivers/usb/built-in.a
  CC      lib/errname.o
  AR      drivers/media/pci/dm1105/built-in.a
  AR      drivers/net/ethernet/marvell/prestera/built-in.a
  CC      lib/crypto/mpi/mpih-div.o
  AR      drivers/media/platform/amlogic/c3/isp/built-in.a
  AR      drivers/media/platform/amlogic/c3/mipi-adapter/built-in.a
  CC      drivers/i2c/busses/i2c-designware-platdrv.o
  AR      drivers/media/usb/dvb-usb-v2/built-in.a
  CC      kernel/trace/trace_hwlat.o
  AR      drivers/net/ethernet/marvell/built-in.a
  AR      drivers/media/common/videobuf2/built-in.a
  CC      kernel/bpf/log.o
  CC      drivers/media/rc/rc-ir-raw.o
  CC      drivers/acpi/acpica/utstrsuppt.o
  AR      drivers/media/pci/pt1/built-in.a
  CC      fs/btrfs/extent-io-tree.o
  CC      kernel/bpf/token.o
  CC      drivers/input/keyboard/imx-sm-bbm-key.o
  CC      kernel/context_tracking.o
  AR      drivers/media/common/built-in.a
  CC      kernel/iomem.o
  AR      drivers/media/pci/pt3/built-in.a
  AR      drivers/media/platform/amlogic/c3/mipi-csi2/built-in.a
  AR      drivers/media/usb/s2255/built-in.a
  AR      drivers/media/firewire/built-in.a
  AR      drivers/media/platform/amlogic/meson-ge2d/built-in.a
  AR      drivers/media/mmc/siano/built-in.a
  CC [M]  drivers/i2c/i2c-mux.o
  AR      drivers/pps/clients/built-in.a
  CC      drivers/rtc/rtc-pl031.o
  AR      drivers/media/mmc/built-in.a
  CC      drivers/gpu/drm/drm_gem_atomic_helper.o
  CC      lib/crypto/mpi/mpih-mul.o
  AR      drivers/media/platform/amlogic/c3/built-in.a
  CC      lib/zstd/compress/zstd_double_fast.o
  CC      drivers/i2c/busses/i2c-qcom-geni.o
  AR      drivers/pps/built-in.a
  CC      drivers/acpi/acpica/utstrtoul64.o
  CC      drivers/media/rc/lirc_dev.o
  CC      kernel/trace/trace_osnoise.o
  CC      fs/btrfs/fs.o
  CC [M]  drivers/input/keyboard/gpio_keys.o
  AR      drivers/media/usb/siano/built-in.a
  CC      drivers/media/rc/bpf-lirc.o
  CC      kernel/rseq.o
  CC      kernel/bpf/liveness.o
  AR      drivers/media/pci/mantis/built-in.a
  AR      drivers/input/mouse/built-in.a
  CC      drivers/ptp/ptp_clock.o
  AR      drivers/input/joystick/built-in.a
  CC      drivers/ptp/ptp_chardev.o
  AR      drivers/net/ethernet/meta/built-in.a
  CC      lib/crypto/mpi/mpi-pow.o
  AR      drivers/media/pci/ngene/built-in.a
  AR      drivers/media/usb/ttusb-budget/built-in.a
  AR      drivers/media/pci/ddbridge/built-in.a
  CC      drivers/rtc/rtc-sun6i.o
  AR      drivers/media/pci/saa7146/built-in.a
  UNROLL  lib/raid6/int8.c
  CC      drivers/acpi/acpica/utxface.o
  CC      lib/nlattr.o
  CC      kernel/watch_queue.o
  AR      drivers/media/platform/amlogic/built-in.a
  CC      kernel/bpf/const_fold.o
  AR      drivers/input/tablet/built-in.a
  CC      drivers/ptp/ptp_sysfs.o
  CC      fs/btrfs/messages.o
  CC      kernel/trace/trace_nop.o
  CC      drivers/i2c/busses/i2c-rk3x.o
  AR      drivers/media/rc/built-in.a
  CC      lib/raid6/neon.o
  CC      lib/checksum.o
  CC      drivers/acpi/acpica/utxfinit.o
  AR      drivers/net/ethernet/micrel/built-in.a
  AR      drivers/input/keyboard/built-in.a
  CC      drivers/ptp/ptp_vclock.o
  UNROLL  lib/raid6/neon1.c
  AR      drivers/media/usb/ttusb-dec/built-in.a
  AR      drivers/media/pci/smipcie/built-in.a
  AR      drivers/media/pci/netup_unidvb/built-in.a
  HDRTEST usr/include/linux/can.h
  CC      lib/crypto/mpi/mpiutil.o
  CC      drivers/power/reset/as3722-poweroff.o
  AR      drivers/media/usb/built-in.a
  AR      drivers/media/pci/intel/ipu3/built-in.a
  CC      drivers/acpi/acpica/utxferror.o
  AR      drivers/rtc/built-in.a
  AR      drivers/input/touchscreen/built-in.a
  AR      drivers/media/pci/intel/ivsc/built-in.a
  CC      lib/atomic64_test.o
  CC      kernel/bpf/bpf_iter.o
  CC      drivers/net/ethernet/microchip/vcap/vcap_api_debugfs.o
  CC      drivers/acpi/acpica/utxfmutex.o
  AR      drivers/media/spi/built-in.a
  UNROLL  lib/raid6/neon2.c
  UPD     kernel/config_data
  CC      drivers/input/misc/hisi_powerkey.o
  AR      drivers/i2c/busses/built-in.a
  CC      fs/btrfs/bio.o
  UNROLL  lib/raid6/neon4.c
  AR      drivers/media/pci/intel/built-in.a
  UNROLL  lib/raid6/neon8.c
  AR      drivers/media/platform/aspeed/built-in.a
  AR      drivers/ptp/built-in.a
  CC      fs/btrfs/lru_cache.o
  AR      drivers/media/platform/atmel/built-in.a
  CC      kernel/trace/trace_stack.o
  HDRTEST usr/include/linux/openvswitch.h
  AR      drivers/media/platform/broadcom/built-in.a
  CC      kernel/trace/trace_functions_graph.o
  CC      kernel/bpf/map_iter.o
  CC      drivers/hwmon/hwmon.o
  AR      drivers/media/platform/arm/mali-c55/built-in.a
  AR      drivers/media/platform/cadence/built-in.a
  CC      lib/zstd/compress/zstd_fast.o
  AR      lib/crypto/mpi/built-in.a
  CC      kernel/trace/blktrace.o
  CC      drivers/thermal/thermal_core.o
  CC      drivers/power/reset/gpio-poweroff.o
  CC      drivers/net/ethernet/microchip/vcap/vcap_api.o
  CC      drivers/power/reset/gpio-restart.o
  CC      lib/zstd/compress/zstd_lazy.o
  AR      drivers/media/test-drivers/built-in.a
  AR      drivers/media/platform/imagination/built-in.a
  AR      drivers/media/platform/chips-media/coda/built-in.a
  AR      drivers/media/platform/arm/built-in.a
  AR      drivers/media/platform/chips-media/wave5/built-in.a
  AR      drivers/media/pci/built-in.a
  AR      drivers/i2c/built-in.a
  AR      drivers/acpi/acpica/built-in.a
  AR      drivers/net/ethernet/myricom/built-in.a
  CC      kernel/bpf/task_iter.o
  CC      lib/cpu_rmap.o
  AR      drivers/media/platform/intel/built-in.a
  AR      drivers/media/platform/chips-media/built-in.a
  CC      fs/btrfs/raid-stripe-tree.o
  AR      drivers/input/misc/built-in.a
  CC      drivers/watchdog/watchdog_core.o
  AR      drivers/media/platform/marvell/built-in.a
  CC      drivers/power/reset/hisi-reboot.o
  CC      fs/btrfs/fiemap.o
  CC      drivers/thermal/thermal_sysfs.o
  CC      drivers/power/reset/msm-poweroff.o
  CC      drivers/thermal/thermal_trip.o
  AR      lib/crypto/built-in.a
  CC      drivers/thermal/thermal_helpers.o
  CC      drivers/watchdog/watchdog_dev.o
  CC      lib/dynamic_queue_limits.o
  CC      drivers/gpu/drm/drm_gem_framebuffer_helper.o
  CC      kernel/trace/fgraph.o
  GZIP    kernel/config_data.gz
  AR      drivers/media/platform/mediatek/mdp/built-in.a
  CC [M]  drivers/hwmon/hwmon-vid.o
  CC      drivers/net/ethernet/microchip/vcap/vcap_tc.o
  CC      fs/btrfs/direct-io.o
  CC      drivers/thermal/thermal_thresholds.o
  AR      drivers/media/platform/mediatek/jpeg/built-in.a
  CC      lib/glob.o
  AR      drivers/net/ethernet/natsemi/built-in.a
  CC      kernel/bpf/prog_iter.o
  CC      lib/raid6/recov_neon.o
  AR      drivers/input/built-in.a
  CC      lib/digsig.o
  CC      drivers/watchdog/marvell_gti_wdt.o
  CC      fs/btrfs/acl.o
  AR      drivers/acpi/built-in.a
  CC      lib/strncpy_from_user.o
  CC      lib/dim/dim.o
  CC      fs/btrfs/zoned.o
  CC      fs/btrfs/verity.o
  CC      drivers/power/reset/odroid-go-ultra-poweroff.o
  CC [M]  drivers/hwmon/adt7475.o
  AR      drivers/media/platform/mediatek/vcodec/common/built-in.a
  AR      drivers/media/platform/microchip/built-in.a
  CC      kernel/trace/trace_events.o
  AR      drivers/media/platform/nuvoton/built-in.a
  CC      lib/dim/net_dim.o
  AR      drivers/media/platform/mediatek/vcodec/encoder/built-in.a
  CC      kernel/trace/trace_export.o
  CC      drivers/thermal/thermal_netlink.o
  CC      lib/raid6/recov_neon_inner.o
  CC      drivers/power/reset/regulator-poweroff.o
  AR      drivers/net/ethernet/microchip/vcap/built-in.a
  AR      drivers/media/platform/mediatek/vcodec/decoder/built-in.a
  CC      drivers/power/reset/restart-poweroff.o
  CC      kernel/bpf/link_iter.o
  CC      drivers/gpu/drm/drm_kms_helper_common.o
  CC      drivers/gpu/drm/drm_modeset_helper.o
  CC [M]  drivers/watchdog/sp805_wdt.o
  CC      drivers/md/md.o
  CC [M]  kernel/configs.o
  CC      kernel/bpf/hashtab.o
  CC      drivers/power/sequencing/core.o
  CC      drivers/power/supply/power_supply_core.o
  AR      drivers/media/platform/mediatek/vcodec/built-in.a
  CC      kernel/trace/trace_syscalls.o
  AR      drivers/media/platform/mediatek/vpu/built-in.a
  AR      fs/btrfs/built-in.a
  AR      drivers/watchdog/built-in.a
  AR      drivers/media/platform/nvidia/tegra-vde/built-in.a
  CC      lib/dim/rdma_dim.o
  CC      drivers/edac/edac_mc.o
  CC      drivers/accessibility/braille/braille_console.o
  CC      drivers/power/reset/vexpress-poweroff.o
  HDRTEST usr/include/linux/toshiba.h
  CC      lib/zstd/compress/zstd_ldm.o
  AR      drivers/net/ethernet/microchip/built-in.a
  CC      drivers/opp/core.o
  CC      lib/strnlen_user.o
  AR      drivers/media/platform/nvidia/built-in.a
  CC      drivers/cpufreq/cpufreq.o
  CC      kernel/bpf/arraymap.o
  HDRTEST usr/include/linux/parport.h
  CC      drivers/thermal/thermal_hwmon.o
  AR      drivers/hwmon/built-in.a
  CC      lib/zstd/compress/zstd_opt.o
  CC      kernel/trace/trace_event_perf.o
  CC      drivers/cpuidle/cpuidle.o
  CC      drivers/opp/cpu.o
  AR      drivers/mmc/built-in.a
  AR      drivers/power/sequencing/built-in.a
  AR      lib/dim/built-in.a
  AR      drivers/net/ethernet/netronome/built-in.a
  CC      drivers/cpuidle/driver.o
  AR      drivers/media/platform/mediatek/mdp3/built-in.a
  CC      drivers/cpuidle/governor.o
  CC      drivers/power/reset/xgene-reboot.o
  AR      fs/built-in.a
  CC      drivers/edac/edac_device.o
  CC      drivers/power/reset/syscon-reboot.o
  CC      drivers/md/md-bitmap.o
  CC      drivers/opp/of.o
  AR      drivers/media/platform/mediatek/built-in.a
  CC      drivers/power/supply/power_supply_sysfs.o
  AR      drivers/net/ethernet/nvidia/built-in.a
  AR      drivers/accessibility/braille/built-in.a
  CC      drivers/opp/debugfs.o
  CC      lib/zstd/compress/zstd_preSplit.o
  CC      lib/net_utils.o
  CC      drivers/thermal/thermal_of.o
  CC      lib/zstd/zstd_decompress_module.o
  CC      kernel/bpf/percpu_freelist.o
  CC      drivers/cpufreq/freq_table.o
  CC      drivers/cpufreq/cpufreq_stats.o
  CC      drivers/thermal/gov_fair_share.o
  AR      drivers/net/ethernet/oki-semi/built-in.a
  CC      drivers/cpufreq/cpufreq_performance.o
  CC      kernel/trace/trace_events_filter.o
  AR      drivers/net/ethernet/qlogic/built-in.a
  CC      kernel/trace/trace_events_trigger.o
  CC      drivers/cpuidle/sysfs.o
  AR      drivers/accessibility/built-in.a
  CC      lib/sg_pool.o
  CC      drivers/power/reset/syscon-poweroff.o
  CC      drivers/edac/edac_mc_sysfs.o
  CC      drivers/md/md-autodetect.o
  CC      drivers/edac/edac_module.o
  CC      drivers/power/supply/power_supply_leds.o
  CC      kernel/bpf/bpf_lru_list.o
  AR      drivers/net/ethernet/renesas/built-in.a
  CC      drivers/opp/ti-opp-supply.o
  CC      lib/memregion.o
  CC      drivers/cpufreq/cpufreq_powersave.o
  CC      drivers/power/supply/power_supply_hwmon.o
  AR      drivers/net/ethernet/realtek/built-in.a
  CC      drivers/md/dm-init.o
  CC      drivers/thermal/gov_step_wise.o
  AR      drivers/media/platform/nxp/dw100/built-in.a
  CC      drivers/power/reset/reboot-mode.o
  AR      drivers/media/platform/nxp/imx-jpeg/built-in.a
  AR      drivers/net/ethernet/rdc/built-in.a
  CC      drivers/cpuidle/governors/menu.o
  AR      drivers/media/platform/raspberrypi/pisp_be/built-in.a
  AR      drivers/media/platform/qcom/camss/built-in.a
  CC      kernel/trace/trace_eprobe.o
  AR      drivers/ufs/built-in.a
  AR      drivers/media/platform/raspberrypi/rp1-cfe/built-in.a
  CC      drivers/thermal/gov_user_space.o
  AR      drivers/media/platform/qcom/iris/built-in.a
  CC      kernel/bpf/lpm_trie.o
  HDRTEST usr/include/linux/ovpn.h
  CC      drivers/firmware/arm_sdei.o
  CC      drivers/power/supply/samsung-sdi-battery.o
  CC      drivers/firmware/dmi_scan.o
  CC      drivers/edac/edac_device_sysfs.o
  CC      kernel/trace/trace_events_synth.o
  AR      drivers/media/platform/raspberrypi/built-in.a
  CC      kernel/trace/trace_events_hist.o
  HDRTEST usr/include/linux/vtpm_proxy.h
  AR      drivers/net/ethernet/rocker/built-in.a
  AR      drivers/opp/built-in.a
  CC      drivers/cpufreq/cpufreq_userspace.o
  CC      drivers/firmware/dmi-sysfs.o
  CC      drivers/power/reset/syscon-reboot-mode.o
  CC      drivers/firmware/dmi-id.o
  AR      drivers/media/platform/nxp/imx8-isi/built-in.a
  AR      drivers/media/platform/qcom/venus/built-in.a
  CC      drivers/md/dm-uevent.o
  HDRTEST usr/include/linux/net_namespace.h
  CC      drivers/cpufreq/cpufreq_ondemand.o
  AR      drivers/media/platform/nxp/built-in.a
  AR      drivers/cpuidle/governors/built-in.a
  AR      drivers/media/platform/qcom/built-in.a
  TABLE   lib/raid6/tables.c
  CC      drivers/cpufreq/cpufreq_conservative.o
  AR      drivers/net/ethernet/silan/built-in.a
  AR      drivers/power/supply/built-in.a
  CC      drivers/cpufreq/cpufreq_governor.o
  CC      drivers/thermal/cpufreq_cooling.o
  CC      kernel/bpf/map_in_map.o
  HDRTEST usr/include/linux/time_types.h
  CC      drivers/edac/wq.o
  CC      drivers/cpufreq/cpufreq_governor_attr_set.o
  CC      drivers/edac/scrub.o
  CC      kernel/trace/bpf_trace.o
  CC      drivers/edac/ecs.o
  AR      drivers/net/ethernet/smsc/built-in.a
  CC      drivers/edac/mem_repair.o
  AR      drivers/net/ethernet/sis/built-in.a
  CC      drivers/firmware/memmap.o
  CC      kernel/bpf/bloom_filter.o
  CC      drivers/cpuidle/dt_idle_states.o
  CC      drivers/cpuidle/dt_idle_genpd.o
  CC      drivers/firmware/raspberrypi.o
  CC      drivers/md/dm-zone.o
  AR      drivers/power/reset/built-in.a
  CC      drivers/firmware/sysfb.o
  CC      kernel/bpf/local_storage.o
  CC      drivers/thermal/devfreq_cooling.o
  CC      kernel/bpf/queue_stack_maps.o
  CC      drivers/cpufreq/cpufreq-dt-platdev.o
  AR      drivers/net/ethernet/socionext/built-in.a
  AR      drivers/net/ethernet/tehuti/built-in.a
  AR      drivers/net/ethernet/stmicro/built-in.a
  CC      drivers/thermal/pcie_cooling.o
  AR      drivers/net/ethernet/ti/built-in.a
  CC      drivers/cpuidle/cpuidle-psci.o
  CC      lib/zstd/decompress/huf_decompress.o
  CC      kernel/bpf/ringbuf.o
  CC      lib/zstd/decompress/zstd_ddict.o
  AR      drivers/media/platform/renesas/rcar-isp/built-in.a
  CC      kernel/trace/trace_kprobe.o
  AR      drivers/power/built-in.a
  CC      drivers/edac/edac_pci.o
  CC      drivers/firmware/sysfb_simplefb.o
  CC      kernel/bpf/bpf_insn_array.o
  CC      lib/zstd/decompress/zstd_decompress.o
  CC      drivers/md/dm-ima.o
  CC      lib/zstd/decompress/zstd_decompress_block.o
  CC      drivers/cpufreq/ti-cpufreq.o
  CC      kernel/trace/error_report-traces.o
  AR      drivers/net/ethernet/vertexcom/built-in.a
  AR      drivers/net/ethernet/via/built-in.a
  AR      drivers/media/platform/renesas/rcar-vin/built-in.a
  CC      drivers/edac/edac_pci_sysfs.o
  AR      drivers/media/platform/renesas/rzg2l-cru/built-in.a
  CC      drivers/cpuidle/cpuidle-psci-domain.o
  CC      drivers/clocksource/timer-of.o
  AR      drivers/net/ethernet/wangxun/built-in.a
  AR      drivers/crypto/allwinner/built-in.a
  CC      drivers/edac/ghes_edac.o
  AR      drivers/thermal/broadcom/built-in.a
  AR      drivers/thermal/renesas/built-in.a
  CC      drivers/hid/hid-core.o
  CC      drivers/firmware/ti_sci.o
  CC      kernel/bpf/bpf_local_storage.o
  AR      drivers/net/ethernet/pensando/built-in.a
  CC      drivers/md/dm-audit.o
  AR      drivers/media/platform/renesas/rzv2h-ivc/built-in.a
  CC      lib/stmp_device.o
  CC      drivers/hid/bpf/hid_bpf_dispatch.o
  AR      drivers/net/ethernet/xilinx/built-in.a
  CC      kernel/trace/power-traces.o
  AR      drivers/media/platform/renesas/vsp1/built-in.a
  AR      drivers/cpufreq/built-in.a
  CC      drivers/clocksource/timer-probe.o
  CC      lib/zstd/zstd_common_module.o
  AR      drivers/crypto/ccp/built-in.a
  CC      drivers/firmware/arm_ffa/bus.o
  CC      drivers/gpu/drm/drm_plane_helper.o
  AR      drivers/media/platform/renesas/built-in.a
  AR      drivers/net/ethernet/built-in.a
  AR      drivers/thermal/samsung/built-in.a
  AR      drivers/crypto/stm32/built-in.a
  CC      drivers/firmware/arm_ffa/driver.o
  HDRTEST usr/include/linux/landlock.h
  AR      drivers/cpuidle/built-in.a
  CC      drivers/firmware/arm_ffa/smccc.o
  AR      drivers/edac/built-in.a
  AR      drivers/thermal/intel/built-in.a
  CC      kernel/bpf/bpf_task_storage.o
  AR      drivers/thermal/st/built-in.a
  AR      drivers/thermal/qcom/built-in.a
  AR      drivers/thermal/tegra/built-in.a
  CC      drivers/md/dm.o
  CC      drivers/clocksource/sh_cmt.o
  CC      drivers/hid/hid-input.o
  AR      drivers/thermal/mediatek/built-in.a
  CC      lib/zstd/common/debug.o
  CC      lib/irq_poll.o
  CC      kernel/trace/rpm-traces.o
  AR      drivers/crypto/inside-secure/eip93/built-in.a
  CC      drivers/hid/bpf/hid_bpf_struct_ops.o
  CC      kernel/trace/trace_dynevent.o
  AR      drivers/crypto/xilinx/built-in.a
  CC      kernel/bpf/fixups.o
  AR      drivers/thermal/built-in.a
  CC      drivers/of/base.o
  CC      lib/raid6/int1.o
  AR      drivers/crypto/inside-secure/built-in.a
  CC      kernel/bpf/cfg.o
  CC      drivers/gpu/drm/drm_probe_helper.o
  AR      drivers/firmware/arm_ffa/built-in.a
  AR      drivers/staging/media/built-in.a
  CC      drivers/clocksource/renesas-ostm.o
  AR      drivers/media/platform/rockchip/rga/built-in.a
  CC      lib/stackdepot.o
  AR      drivers/media/platform/samsung/exynos-gsc/built-in.a
  AR      drivers/staging/built-in.a
  AR      drivers/media/platform/rockchip/rkcif/built-in.a
  CC      kernel/trace/trace_probe.o
  CC      drivers/firmware/arm_scmi/transports/smc.o
  AR      drivers/media/platform/samsung/exynos4-is/built-in.a
  AR      drivers/hid/bpf/built-in.a
  CC      drivers/md/dm-table.o
  CC      drivers/gpu/drm/drm_self_refresh_helper.o
  CC      drivers/firmware/arm_scmi/transports/mailbox.o
  CC      kernel/trace/trace_uprobe.o
  CC      drivers/mailbox/mailbox.o
  CC      drivers/firmware/arm_scmi/vendors/imx/imx-sm-bbm.o
  CC      kernel/bpf/states.o
  CC      drivers/of/cpu.o
  AR      drivers/platform/mellanox/built-in.a
  CC      drivers/firmware/arm_scmi/transports/virtio.o
  AR      drivers/media/platform/rockchip/rkisp1/built-in.a
  AR      drivers/crypto/hisilicon/built-in.a
  CC      drivers/hwspinlock/hwspinlock_core.o
  CC      drivers/crypto/amlogic/amlogic-gxl-core.o
  AR      drivers/media/platform/samsung/s3c-camif/built-in.a
  CC      drivers/clocksource/sh_tmu.o
  AR      drivers/media/platform/samsung/s5p-g2d/built-in.a
  CC      drivers/hid/hid-quirks.o
  CC      drivers/platform/chrome/chromeos_of_hw_prober.o
  AR      drivers/media/platform/rockchip/rkvdec/built-in.a
  AR      drivers/platform/cznic/built-in.a
  CC      drivers/hid/hid-debug.o
  CC      drivers/gpu/drm/drm_simple_kms_helper.o
  AR      drivers/crypto/intel/keembay/built-in.a
  CC      drivers/hid/hid-haptic.o
  CC      drivers/mailbox/rockchip-mailbox.o
  CC      kernel/trace/trace_boot.o
  AR      drivers/crypto/intel/ixp4xx/built-in.a
  CC      kernel/bpf/backtrack.o
  CC      lib/bootconfig.o
  CC      drivers/mailbox/pcc.o
  CC      drivers/firmware/arm_scmi/vendors/imx/imx-sm-cpu.o
  CC      drivers/platform/chrome/chromeos_tbmc.o
  CC      drivers/of/device.o
  AR      drivers/firmware/broadcom/built-in.a
  AR      drivers/firmware/arm_scmi/transports/built-in.a
  CC      drivers/md/dm-target.o
  CC      drivers/crypto/amlogic/amlogic-gxl-cipher.o
  AR      drivers/hwspinlock/built-in.a
  AR      drivers/crypto/intel/built-in.a
  AR      drivers/net/built-in.a
  CC      drivers/firmware/arm_scmi/vendors/imx/imx-sm-lmm.o
  CC      lib/raid6/int2.o
  AR      drivers/media/platform/rockchip/built-in.a
  AR      drivers/media/platform/samsung/s5p-jpeg/built-in.a
  CC      drivers/gpu/drm/drm_vblank_helper.o
  CC      drivers/hid/hidraw.o
  AR      drivers/firmware/cirrus/test/built-in.a
  CC      lib/asn1_decoder.o
  CC      drivers/mailbox/bcm2835-mailbox.o
  AR      drivers/media/platform/samsung/s5p-mfc/built-in.a
  CC      kernel/trace/fprobe.o
  CC      drivers/mailbox/ti-msgmgr.o
  CC      kernel/trace/trace_fprobe.o
  AR      drivers/firmware/cirrus/built-in.a
  AR      drivers/media/platform/samsung/built-in.a
  AR      drivers/platform/chrome/built-in.a
  CC      lib/zstd/common/entropy_common.o
  CC      drivers/hid/hid-generic.o
  CC      drivers/clocksource/mmio.o
  CC      drivers/gpu/drm/bridge/panel.o
  CC      kernel/trace/rv/rv.o
  CC      kernel/trace/rv/monitors/wwnr/wwnr.o
  CC      lib/zstd/common/error_private.o
  AR      drivers/crypto/amlogic/built-in.a
  CC      kernel/bpf/check_btf.o
  CC      drivers/of/module.o
  CC      drivers/remoteproc/remoteproc_core.o
  CC      drivers/md/dm-linear.o
  CC      drivers/clocksource/timer-ti-dm.o
  HDRTEST usr/include/linux/time.h
  CC      drivers/remoteproc/remoteproc_coredump.o
  HDRTEST usr/include/linux/ioctl.h
  CC      drivers/mailbox/hi3660-mailbox.o
  AR      drivers/firmware/arm_scmi/vendors/imx/built-in.a
  HDRTEST usr/include/linux/virtio_rtc.h
  HDRTEST usr/include/linux/psp-sfs.h
  HDRTEST usr/include/linux/membarrier.h
  AR      drivers/crypto/starfive/built-in.a
  HDRTEST usr/include/linux/if_fc.h
  AR      drivers/media/platform/st/sti/bdisp/built-in.a
  CC      drivers/firmware/meson/meson_sm.o
  AR      drivers/platform/arm64/built-in.a
  AR      drivers/platform/surface/built-in.a
  CC      drivers/hid/hid-magicmouse.o
  CC      lib/raid6/int4.o
  CC      drivers/gpu/drm/drm_fb_helper.o
  CC      kernel/bpf/bpf_inode_storage.o
  AR      drivers/crypto/cavium/built-in.a
  CC      lib/zstd/common/fse_decompress.o
  AR      drivers/platform/built-in.a
  CC      kernel/trace/rv/monitors/sched/sched.o
  AR      drivers/crypto/ti/built-in.a
  AR      drivers/media/platform/st/sti/delta/built-in.a
  CC      drivers/of/platform.o
  CC      drivers/firmware/arm_scmi/bus.o
  CC      drivers/remoteproc/remoteproc_debugfs.o
  HDRTEST usr/include/linux/rio_cm_cdev.h
  AR      drivers/crypto/built-in.a
  AR      drivers/firmware/microchip/built-in.a
  CC      drivers/mailbox/hi6220-mailbox.o
  CC      drivers/md/dm-stripe.o
  CC      drivers/clocksource/timer-rockchip.o
  CC      drivers/hid/hid-ntrig.o
  CC      drivers/clocksource/timer-sun4i.o
  AR      drivers/media/platform/st/sti/hva/built-in.a
  CC      kernel/trace/rv/monitors/sco/sco.o
  AR      drivers/media/platform/st/stm32/built-in.a
  AR      drivers/firmware/meson/built-in.a
  CC      kernel/bpf/disasm.o
  CC      drivers/of/property.o
  CC      drivers/remoteproc/remoteproc_sysfs.o
  AR      drivers/media/platform/st/built-in.a
  CC      drivers/firmware/arm_scmi/driver.o
  CC      drivers/mailbox/tegra-hsp.o
  AR      drivers/gpu/drm/tests/built-in.a
  CC      drivers/mailbox/zynqmp-ipi-mailbox.o
  CC      drivers/firmware/efi/efi-bgrt.o
  CC      drivers/md/dm-ioctl.o
  CC      drivers/clocksource/timer-tegra.o
  AR      drivers/media/platform/sunxi/sun4i-csi/built-in.a
  CC      kernel/bpf/mprog.o
  AR      drivers/gpu/drm/arm/built-in.a
  AR      drivers/media/platform/sunxi/sun6i-csi/built-in.a
  CC      drivers/virt/vmgenid.o
  CC      kernel/trace/rv/monitors/snroc/snroc.o
  CC      drivers/hid/usbhid/hid-core.o
  CC      drivers/hv/hv_common.o
  CC      drivers/of/kobj.o
  CC      drivers/mailbox/sun6i-msgbox.o
  AR      drivers/virt/vboxguest/built-in.a
  AR      drivers/virt/coco/built-in.a
  AR      drivers/media/platform/sunxi/sun6i-mipi-csi2/built-in.a
  CC      drivers/gpu/drm/clients/drm_client_setup.o
  CC      drivers/remoteproc/remoteproc_virtio.o
  CC      drivers/firmware/efi/efi.o
  CC      drivers/firmware/imx/sm-cpu.o
  CC      drivers/md/dm-io.o
  CC      drivers/firmware/efi/vars.o
  AR      drivers/gpu/drm/display/built-in.a
  CC      drivers/clocksource/timer-tegra186.o
  CC      kernel/bpf/trampoline.o
  CC      drivers/firmware/arm_scmi/notify.o
  AR      drivers/hv/built-in.a
  CC      kernel/trace/rv/monitors/sssw/sssw.o
  AR      drivers/media/platform/sunxi/sun8i-a83t-mipi-csi2/built-in.a
  AR      drivers/virt/built-in.a
  CC      drivers/firmware/arm_scmi/quirks.o
  CC      drivers/remoteproc/remoteproc_elf_loader.o
  CC      drivers/of/dynamic.o
  CC      drivers/firmware/arm_scmi/base.o
  CC      drivers/firmware/imx/sm-lmm.o
  CC      drivers/hid/usbhid/hiddev.o
  AR      drivers/gpu/drm/renesas/rcar-du/built-in.a
  AR      drivers/media/platform/sunxi/sun8i-di/built-in.a
  AR      drivers/mailbox/built-in.a
  CC      drivers/hid/usbhid/hid-pidff.o
  CC      drivers/md/dm-kcopyd.o
  CC      drivers/md/dm-sysfs.o
  CC      drivers/firmware/arm_scmi/clock.o
  CC      drivers/firmware/efi/reboot.o
  CC      drivers/clocksource/arm_arch_timer.o
  CC      drivers/gpu/drm/clients/drm_fbdev_client.o
  CC      kernel/trace/rv/monitors/opid/opid.o
  AR      drivers/gpu/drm/renesas/rz-du/built-in.a
  AR      drivers/media/platform/sunxi/sun8i-rotate/built-in.a
  CC      drivers/firmware/arm_scmi/perf.o
  CC      kernel/bpf/btf.o
  CC      kernel/bpf/memalloc.o
  CC      kernel/bpf/rqspinlock.o
  AR      drivers/gpu/drm/renesas/built-in.a
  AR      drivers/media/platform/sunxi/built-in.a
  CC      drivers/of/fdt.o
  AR      drivers/firmware/imx/built-in.a
  DTC     drivers/of/empty_root.dtb
  AR      drivers/remoteproc/built-in.a
  CC      drivers/md/dm-stats.o
  CC      drivers/md/dm-rq.o
  CC      drivers/firmware/efi/memattr.o
  CC      drivers/clocksource/arm_arch_timer_mmio.o
  AR      drivers/hid/usbhid/built-in.a
  CC      kernel/trace/rv/rv_reactors.o
  CC      drivers/devfreq/devfreq.o
  CC      drivers/md/dm-io-rewind.o
  CC      drivers/clocksource/dummy_timer.o
  CC      drivers/clocksource/timer-sp804.o
  CC      drivers/extcon/extcon.o
  CC      drivers/firmware/arm_scmi/power.o
  CC      drivers/md/dm-builtin.o
  AR      drivers/gpu/drm/clients/built-in.a
  CC      drivers/clocksource/timer-imx-sysctr.o
  CC      drivers/firmware/arm_scmi/reset.o
  CC      kernel/bpf/stream.o
  AR      drivers/media/platform/synopsys/hdmirx/built-in.a
  CC      lib/zstd/common/zstd_common.o
  CC      drivers/of/fdt_address.o
  CC      drivers/hid/i2c-hid/i2c-hid-core.o
  AR      drivers/media/platform/synopsys/built-in.a
  CC      drivers/firmware/efi/tpm.o
  CC      drivers/devfreq/devfreq-event.o
  CC      kernel/trace/rv/reactor_printk.o
  CC      drivers/of/address.o
  CC      drivers/extcon/devres.o
  CC      drivers/firmware/efi/memmap.o
  CC      lib/asn1_encoder.o
  AR      drivers/gpu/drm/omapdrm/built-in.a
  CC      drivers/firmware/psci/psci.o
  CC      drivers/md/dm-bufio.o
  CC      kernel/trace/rv/reactor_panic.o
  AR      drivers/gpu/drm/tilcdc/built-in.a
  CC      drivers/firmware/efi/fdtparams.o
  CC      lib/fonts/fonts.o
  GEN     lib/oid_registry_data.c
  CC      drivers/clocksource/timer-nxp-stm.o
  AR      drivers/gpu/drm/imx/built-in.a
  CC      lib/fonts/font_rotate.o
  CC      drivers/firmware/qcom/qcom_scm.o
  CC      lib/fonts/font_8x8.o
  CC      kernel/bpf/arena.o
  CC      drivers/firmware/arm_scmi/sensors.o
  AR      drivers/gpu/drm/panel/built-in.a
  AR      drivers/extcon/built-in.a
  CC      drivers/of/irq.o
  CC      drivers/hid/i2c-hid/i2c-hid-dmi-quirks.o
  CC      drivers/md/dm-snap.o
  CC      drivers/of/of_reserved_mem.o
  AR      drivers/devfreq/event/built-in.a
  AR      drivers/media/platform/verisilicon/built-in.a
  AR      drivers/firmware/psci/built-in.a
  AR      drivers/media/platform/via/built-in.a
  AR      drivers/gpu/drm/hisilicon/built-in.a
  AR      drivers/gpu/drm/bridge/analogix/built-in.a
  AR      drivers/gpu/drm/mxsfb/built-in.a
  AR      drivers/media/platform/ti/am437x/built-in.a
  AR      drivers/clocksource/built-in.a
  AR      drivers/devfreq/built-in.a
  CC      drivers/firmware/arm_scmi/system.o
  CC      drivers/firmware/efi/esrt.o
  CC      lib/raid6/int8.o
  CC      drivers/firmware/efi/efi-pstore.o
  AR      kernel/trace/rv/built-in.a
  CC      drivers/md/dm-exception-store.o
  CC      lib/raid6/neon1.o
  CC      drivers/gpu/drm/sysfb/drm_sysfb.o
  CC      drivers/firmware/qcom/qcom_scm-smc.o
  CC      kernel/bpf/range_tree.o
  CC      drivers/firmware/arm_scmi/voltage.o
  AR      drivers/gpu/drm/bridge/cadence/built-in.a
  HDRTEST usr/include/linux/virtio_scsi.h
  CC      drivers/of/resolver.o
  HDRTEST usr/include/linux/if_link.h
  AR      drivers/firmware/samsung/built-in.a
  HDRTEST usr/include/linux/pmu.h
  CC      lib/fonts/font_8x16.o
  AR      drivers/media/platform/ti/cal/built-in.a
  CC      drivers/memory/omap-gpmc.o
  CC      drivers/hid/i2c-hid/i2c-hid-of.o
  CC      drivers/firmware/qcom/qcom_scm-legacy.o
  AR      kernel/trace/built-in.a
  CC      drivers/of/overlay.o
  CC      drivers/md/dm-snap-transient.o
  AR      drivers/gpu/drm/bridge/imx/built-in.a
  CC      drivers/firmware/efi/cper.o
  CC      drivers/firmware/efi/cper_cxl.o
  AR      drivers/media/platform/ti/vpe/built-in.a
  CC      drivers/firmware/qcom/qcom_tzmem.o
  CC      drivers/gpu/drm/sysfb/drm_sysfb_modeset.o
  AR      drivers/media/platform/ti/davinci/built-in.a
  AR      drivers/gpu/drm/tiny/built-in.a
  CC      lib/raid6/neon2.o
  CC      drivers/memory/tegra/mc.o
  AR      drivers/gpu/drm/xlnx/built-in.a
  CC      drivers/firmware/arm_scmi/powercap.o
  CC      kernel/bpf/dispatcher.o
  CC      drivers/md/dm-snap-persistent.o
  CC      drivers/firmware/arm_scmi/pinctrl.o
  CC      lib/raid6/neon4.o
  AR      drivers/gpu/drm/bridge/synopsys/built-in.a
  CC      drivers/firmware/arm_scmi/shmem.o
  CC      drivers/firmware/arm_scmi/msg.o
  AR      drivers/media/platform/ti/j721e-csi2rx/built-in.a
  AR      lib/fonts/built-in.a
  CC      drivers/memory/tegra/tegra124.o
  AR      drivers/gpu/drm/bridge/built-in.a
  CC      drivers/of/of_numa.o
  CC      drivers/firmware/qcom/qcom_qseecom.o
  AR      drivers/hid/i2c-hid/built-in.a
  CC      drivers/md/dm-raid1.o
  AR      drivers/gpu/drm/gud/built-in.a
  CC      drivers/gpu/drm/sysfb/drm_sysfb_screen_info.o
  CC      drivers/memory/tegra/tegra210.o
  CC      drivers/firmware/efi/runtime-wrappers.o
  CC      drivers/gpu/drm/sysfb/simpledrm.o
  AR      drivers/media/platform/ti/omap/built-in.a
  AR      drivers/media/platform/ti/omap3isp/built-in.a
  AR      drivers/gpu/drm/sitronix/built-in.a
  CC      drivers/firmware/arm_scmi/scmi_power_control.o
  CC      kernel/bpf/devmap.o
  CC      drivers/firmware/efi/mokvar-table.o
  CC      lib/ucs2_string.o
  AR      drivers/media/platform/ti/built-in.a
  CC      kernel/bpf/cpumap.o
  AR      drivers/hid/built-in.a
  CC      drivers/of/kexec.o
  CC      drivers/memory/tegra/tegra186.o
  CC      drivers/firmware/qcom/qcom_qseecom_uefisecapp.o
  AR      drivers/media/platform/xilinx/built-in.a
  CC      lib/ubsan.o
  CC      drivers/md/dm-log.o
  CC      drivers/firmware/smccc/smccc.o
  CC      lib/sbitmap.o
  WRAP    drivers/of/empty_root.dtb.S
  CC      kernel/bpf/offload.o
  CC      lib/group_cpus.o
  CC      kernel/bpf/net_namespace.o
  AR      drivers/gpu/drm/sysfb/built-in.a
  AR      drivers/media/platform/built-in.a
  AR      drivers/firmware/arm_scmi/built-in.a
  CC      drivers/firmware/tegra/bpmp.o
  CC      drivers/memory/tegra/tegra194.o
  CC      drivers/firmware/tegra/bpmp-tegra210.o
  AS      drivers/of/empty_root.dtb.o
  CC      drivers/firmware/efi/ovmf-debug-log.o
  CC      drivers/memory/tegra/tegra234.o
  CC      drivers/powercap/dtpm.o
  CC      drivers/md/dm-region-hash.o
  CC      kernel/bpf/tcx.o
  AR      drivers/firmware/qcom/built-in.a
  CC      drivers/firmware/smccc/kvm_guest.o
  CC      drivers/firmware/efi/sysfb_efi.o
  AR      drivers/gpu/drm/solomon/built-in.a
  CC      drivers/firmware/efi/efi-init.o
  CC      kernel/bpf/stackmap.o
  HDRTEST usr/include/linux/selinux_netlink.h
  CC      kernel/bpf/cgroup_iter.o
  CC      drivers/firmware/tegra/bpmp-tegra186.o
  AR      drivers/gpu/drm/built-in.a
  CC      drivers/powercap/dtpm_cpu.o
  CC      lib/raid6/neon8.o
  CC      drivers/firmware/xilinx/zynqmp.o
  CC      drivers/firmware/xilinx/zynqmp-ufs.o
  CC      drivers/firmware/smccc/soc_id.o
  CC      drivers/md/dm-zero.o
  CC      lib/raid6/tables.o
  CC      drivers/firmware/efi/arm-runtime.o
  CC      drivers/firmware/xilinx/zynqmp-crypto.o
  CC      kernel/bpf/bpf_cgrp_storage.o
  CC      drivers/memory/tegra/tegra264.o
  CC      drivers/firmware/efi/earlycon.o
  CC      drivers/perf/arm-ccn.o
  CC      drivers/memory/tegra/tegra186-emc.o
  CC      drivers/powercap/dtpm_devfreq.o
  CC      drivers/firmware/tegra/bpmp-debugfs.o
  AR      drivers/media/built-in.a
  HDRTEST usr/include/linux/genwqe/genwqe_card.h
  CC      lib/devmem_is_allowed.o
  AR      drivers/firmware/smccc/built-in.a
  AR      drivers/gpu/built-in.a
  HDRTEST usr/include/linux/lirc.h
  CC      drivers/powercap/powercap_sys.o
  CC      kernel/bpf/cgroup.o
  AR      drivers/md/built-in.a
  CC      drivers/ras/ras.o
  AR      drivers/of/built-in.a
  HDRTEST usr/include/linux/virtio_rng.h
  CC      drivers/ras/debugfs.o
  CC      drivers/firmware/tegra/ivc.o
  AR      drivers/firmware/xilinx/built-in.a
  CC      drivers/perf/arm_pmu.o
  HDRTEST usr/include/linux/v4l2-subdev.h
  AR      drivers/memory/tegra/built-in.a
  CC      lib/fw_table.o
  CC      drivers/firmware/efi/cper-arm.o
  CC      kernel/bpf/reuseport_array.o
  HDRTEST usr/include/linux/xattr.h
  HDRTEST usr/include/linux/ipv6.h
  HDRTEST usr/include/linux/if_team.h
  CC      kernel/bpf/bpf_struct_ops.o
  CC      drivers/perf/arm_pmu_platform.o
  CC [M]  lib/reed_solomon/reed_solomon.o
  AR      drivers/powercap/built-in.a
  CC      drivers/perf/arm_pmu_acpi.o
  AR      drivers/memory/built-in.a
  AR      drivers/firmware/tegra/built-in.a
  CC      drivers/thunderbolt/nhi.o
  AR      drivers/ras/amd/atl/built-in.a
  CC      kernel/bpf/cpumask.o
  CC      drivers/thunderbolt/nhi_ops.o
  CC      drivers/perf/arm_pmuv3.o
  HDRTEST usr/include/linux/chio.h
  CC      drivers/thunderbolt/ctl.o
  CC      drivers/thunderbolt/tb.o
  AR      drivers/ras/built-in.a
  CC      drivers/thunderbolt/switch.o
  AR      lib/lib.a
  CC      drivers/perf/qcom_l2_pmu.o
  CC      drivers/perf/qcom_l3_pmu.o
  AR      drivers/hwtracing/intel_th/built-in.a
  CC      kernel/bpf/bpf_lsm_proto.o
  CC      drivers/perf/hisilicon/hisi_uncore_pmu.o
  CC      kernel/bpf/bpf_lsm.o
  CC      drivers/perf/xgene_pmu.o
  CC      kernel/bpf/crypto.o
  CC      drivers/perf/hisilicon/hisi_uncore_l3c_pmu.o
  CC      drivers/thunderbolt/cap.o
  CC      drivers/perf/hisilicon/hisi_uncore_hha_pmu.o
  HDRTEST usr/include/linux/sysctl.h
  CC      drivers/perf/arm_brbe.o
  CC      drivers/perf/hisilicon/hisi_uncore_ddrc_pmu.o
  CC      drivers/perf/hisilicon/hisi_uncore_sllc_pmu.o
  CC      drivers/thunderbolt/path.o
  HDRTEST usr/include/linux/dqblk_xfs.h
  CC      drivers/perf/apple_m1_cpu_pmu.o
  AR      drivers/firmware/efi/built-in.a
  CC      drivers/perf/hisilicon/hisi_uncore_pa_pmu.o
  CC      drivers/thunderbolt/tunnel.o
  CC      kernel/bpf/relo_core.o
  CC      kernel/bpf/btf_iter.o
  AR      kernel/bpf/preload/built-in.a
  CC      drivers/thunderbolt/eeprom.o
  CC      drivers/android/binderfs.o
  CC      kernel/bpf/btf_relocate.o
  CC      drivers/nvmem/core.o
  CC      drivers/firmware/efi/libstub/alignedmem.o
  HDRTEST usr/include/linux/atmioc.h
  HDRTEST usr/include/linux/misc/bcm_vk.h
  TEST    lib/test_fortify/read_overflow-memchr.log
  HDRTEST usr/include/linux/seg6_hmac.h
  HDRTEST usr/include/linux/if_tun.h
  CC      drivers/thunderbolt/domain.o
  CC      drivers/thunderbolt/dma_port.o
  CC      drivers/perf/hisilicon/hisi_uncore_cpa_pmu.o
  CC      drivers/nvmem/layouts.o
  CC      kernel/bpf/kmem_cache_iter.o
  CC      drivers/firmware/efi/libstub/arm64-stub.o
  CC      kernel/bpf/dmabuf_iter.o
  CC      drivers/firmware/efi/libstub/arm64.o
  TEST    lib/test_fortify/read_overflow-memchr_inv.log
  HDRTEST usr/include/linux/nubus.h
  CC      drivers/firmware/efi/libstub/efi-stub-entry.o
  CC      drivers/android/binder.o
  TEST    lib/test_fortify/read_overflow-memcmp.log
  CC      drivers/android/binder_alloc.o
  CC      drivers/perf/hisilicon/hisi_uncore_uc_pmu.o
  CC      drivers/thunderbolt/icm.o
  CC      drivers/mux/core.o
  CC      drivers/firmware/efi/libstub/efi-stub-helper.o
  CC      drivers/android/binder_netlink.o
  AR      kernel/bpf/built-in.a
  TEST    lib/test_fortify/read_overflow-memscan.log
  AR      drivers/nvmem/layouts/built-in.a
  CC      drivers/hte/hte.o
  CC      drivers/interconnect/core.o
  CC      drivers/thunderbolt/property.o
  AR      drivers/nvmem/built-in.a
  AR      drivers/mux/built-in.a
  HDRTEST usr/include/linux/atm_he.h
  CC      drivers/perf/hisilicon/hisi_uncore_noc_pmu.o
  CC      drivers/firmware/efi/libstub/efi-stub.o
  HDRTEST usr/include/linux/userio.h
  AR      drivers/android/built-in.a
  HDRTEST usr/include/linux/mmtimer.h
  CC      drivers/interconnect/bulk.o
  AR      drivers/hte/built-in.a
  AR      drivers/accel/built-in.a
  CC      drivers/thunderbolt/xdomain.o
  CC      drivers/cdx/cdx.o
  CC      drivers/perf/hisilicon/hisi_uncore_mn_pmu.o
  AR      kernel/built-in.a
  CC      drivers/firmware/efi/libstub/fdt.o
  CC      drivers/thunderbolt/lc.o
  AR      drivers/cdx/controller/built-in.a
  CC      drivers/interconnect/debugfs-client.o
  CC      drivers/resctrl/mpam_devices.o
  CC      drivers/interconnect/icc-clk.o
  CC      drivers/cdx/cdx_msi.o
  CC      drivers/interconnect/qcom/icc-common.o
  AR      drivers/perf/hisilicon/built-in.a
  CC      drivers/interconnect/qcom/bcm-voter.o
  HDRTEST usr/include/linux/cxl_mem.h
  CC      drivers/thunderbolt/tmu.o
  CC      drivers/firmware/efi/libstub/file.o
  CC [M]  drivers/mtd/mtdcore.o
  CC [M]  drivers/mtd/mtdsuper.o
  CC      drivers/resctrl/mpam_resctrl.o
  CC [M]  drivers/mtd/mtdconcat.o
  CC      drivers/firmware/efi/libstub/gop.o
  CC      drivers/thunderbolt/usb4.o
  CC [M]  drivers/mtd/mtdpart.o
  AR      drivers/cdx/built-in.a
  CC [M]  drivers/mtd/mtdchar.o
  CC      drivers/interconnect/qcom/eliza.o
  TEST    lib/test_fortify/read_overflow2-memcmp.log
  CC      drivers/thunderbolt/usb4_port.o
  AR      drivers/perf/built-in.a
  CC      drivers/firmware/efi/libstub/intrinsics.o
  CC      drivers/thunderbolt/nvm.o
  CC      drivers/firmware/efi/libstub/kaslr.o
  AR      drivers/resctrl/built-in.a
  TEST    lib/test_fortify/read_overflow2-memcpy.log
  TEST    lib/test_fortify/read_overflow2-memmove.log
  TEST    lib/test_fortify/read_overflow2_field-memcpy.log
  CC      drivers/firmware/efi/libstub/lib-cmdline.o
  CC      drivers/interconnect/qcom/glymur.o
  TEST    lib/test_fortify/read_overflow2_field-memmove.log
  TEST    lib/test_fortify/write_overflow-memcpy.log
  CC [M]  drivers/mtd/chips/chipreg.o
  CC [M]  drivers/mtd/parsers/ofpart_core.o
  HDRTEST usr/include/linux/fsi.h
  CC      drivers/thunderbolt/retimer.o
  HDRTEST usr/include/linux/virtio_mem.h
  HDRTEST usr/include/linux/virtio_gpio.h
  CC      drivers/thunderbolt/quirks.o
  CC      drivers/interconnect/qcom/qcs8300.o
  LD [M]  drivers/mtd/parsers/ofpart.o
  HDRTEST usr/include/linux/cn_proc.h
  CC      drivers/interconnect/qcom/icc-rpmh.o
  CC      drivers/interconnect/qcom/sa8775p.o
  CC      drivers/thunderbolt/clx.o
  HDRTEST usr/include/linux/if.h
  HDRTEST usr/include/linux/spi/spi.h
  CC      drivers/interconnect/qcom/sc7180.o
  CC      drivers/thunderbolt/acpi.o
  CC      drivers/interconnect/qcom/sc7280.o
  CC      drivers/thunderbolt/debugfs.o
  CC [M]  drivers/mtd/nand/core.o
  CC      drivers/interconnect/qcom/sc8180x.o
  HDRTEST usr/include/linux/spi/spidev.h
  CC      drivers/firmware/efi/libstub/lib-ctype.o
  AR      drivers/thunderbolt/built-in.a
  HDRTEST usr/include/linux/dpll.h
  CC      drivers/interconnect/qcom/sc8280xp.o
  CC [M]  drivers/mtd/spi-nor/core.o
  CC [M]  drivers/mtd/nand/bbt.o
  CC [M]  drivers/mtd/nand/ecc.o
  CC [M]  drivers/mtd/nand/ecc-sw-hamming.o
  HDRTEST usr/include/linux/ipmi_msgdefs.h
  CC      drivers/interconnect/qcom/x1e80100.o
  LD [M]  drivers/mtd/mtd.o
  CC      drivers/firmware/efi/libstub/lib-fdt.o
  CC      drivers/firmware/efi/libstub/lib-fdt_empty_tree.o
  CC [M]  drivers/mtd/spi-nor/sfdp.o
  CC [M]  drivers/mtd/spi-nor/swp.o
  CC [M]  drivers/mtd/nand/ecc-mxic.o
  TEST    lib/test_fortify/write_overflow-memmove.log
  TEST    lib/test_fortify/write_overflow-memset.log
  AR      drivers/interconnect/qcom/built-in.a
  TEST    lib/test_fortify/write_overflow-strcpy-lit.log
  CC [M]  drivers/mtd/spi-nor/otp.o
  TEST    lib/test_fortify/write_overflow-strcpy.log
  CC      drivers/firmware/efi/libstub/lib-fdt_ro.o
  CC      drivers/firmware/efi/libstub/lib-fdt_rw.o
  AR      drivers/interconnect/built-in.a
  CC [M]  drivers/mtd/spi-nor/sysfs.o
  TEST    lib/test_fortify/write_overflow-strncpy-src.log
  HDRTEST usr/include/linux/loadpin.h
  CC      drivers/firmware/efi/libstub/lib-fdt_sw.o
  TEST    lib/test_fortify/write_overflow-strncpy.log
  CC [M]  drivers/mtd/spi-nor/atmel.o
  CC [M]  drivers/mtd/spi-nor/eon.o
  CC      drivers/firmware/efi/libstub/lib-fdt_wip.o
  LD [M]  drivers/mtd/nand/nandcore.o
  TEST    lib/test_fortify/write_overflow-strscpy.log
  TEST    lib/test_fortify/write_overflow_field-memcpy.log
  HDRTEST usr/include/linux/hw_breakpoint.h
  CC [M]  drivers/mtd/spi-nor/esmt.o
  TEST    lib/test_fortify/write_overflow_field-memmove.log
  HDRTEST usr/include/linux/fadvise.h
  CC [M]  drivers/mtd/spi-nor/everspin.o
  CC      drivers/firmware/efi/libstub/lib-xxhash.o
  HDRTEST usr/include/linux/errno.h
  CC [M]  drivers/mtd/spi-nor/gigadevice.o
  AR      lib/raid6/built-in.a
  HDRTEST usr/include/linux/tcp.h
  CC [M]  drivers/mtd/spi-nor/intel.o
  HDRTEST usr/include/linux/prctl.h
  CC [M]  drivers/mtd/spi-nor/issi.o
  CC [M]  drivers/mtd/spi-nor/macronix.o
  CC      drivers/firmware/efi/libstub/mem.o
  CC      drivers/firmware/efi/libstub/pci.o
  HDRTEST usr/include/linux/virtio_scmi.h
  CC [M]  drivers/mtd/spi-nor/micron-st.o
  CC [M]  drivers/mtd/spi-nor/spansion.o
  TEST    lib/test_fortify/write_overflow_field-memset.log
  HDRTEST usr/include/linux/net_shaper.h
  CC      drivers/firmware/efi/libstub/primary_display.o
  CC      drivers/firmware/efi/libstub/printk.o
  CC [M]  drivers/mtd/spi-nor/sst.o
  CC [M]  drivers/mtd/spi-nor/winbond.o
  CC [M]  drivers/mtd/spi-nor/xmc.o
  HDRTEST usr/include/linux/serio.h
  CC      drivers/firmware/efi/libstub/random.o
  CC [M]  drivers/mtd/spi-nor/debugfs.o
  HDRTEST usr/include/linux/taskstats.h
  CC      drivers/firmware/efi/libstub/randomalloc.o
  HDRTEST usr/include/linux/virtio_blk.h
  LD [M]  drivers/mtd/spi-nor/spi-nor.o
  HDRTEST usr/include/linux/edd.h
  CC      drivers/firmware/efi/libstub/secureboot.o
  CC      drivers/firmware/efi/libstub/skip_spaces.o
  HDRTEST usr/include/linux/gpio.h
  HDRTEST usr/include/linux/dccp.h
  HDRTEST usr/include/linux/smiapp.h
  CC      drivers/firmware/efi/libstub/smbios.o
  CC      drivers/firmware/efi/libstub/string.o
  CC      drivers/firmware/efi/libstub/systable.o
  HDRTEST usr/include/linux/in_route.h
  CC      drivers/firmware/efi/libstub/tpm.o
  CC      drivers/firmware/efi/libstub/vsprintf.o
  HDRTEST usr/include/linux/aspeed-p2a-ctrl.h
  HDRTEST usr/include/linux/if_ether.h
  CC      drivers/firmware/efi/libstub/zboot-decompress-zstd.o
  CC      drivers/firmware/efi/libstub/zboot.o
  STUBCPY drivers/firmware/efi/libstub/alignedmem.stub.o
  HDRTEST usr/include/linux/atmppp.h
  STUBCPY drivers/firmware/efi/libstub/arm64-stub.stub.o
  HDRTEST usr/include/linux/ioam6.h
  HDRTEST usr/include/linux/mqueue.h
  HDRTEST usr/include/linux/icmpv6.h
  STUBCPY drivers/firmware/efi/libstub/arm64.stub.o
  STUBCPY drivers/firmware/efi/libstub/efi-stub-entry.stub.o
  HDRTEST usr/include/linux/typelimits.h
  STUBCPY drivers/firmware/efi/libstub/efi-stub-helper.stub.o
  STUBCPY drivers/firmware/efi/libstub/efi-stub.stub.o
  STUBCPY drivers/firmware/efi/libstub/fdt.stub.o
  STUBCPY drivers/firmware/efi/libstub/file.stub.o
  STUBCPY drivers/firmware/efi/libstub/gop.stub.o
  HDRTEST usr/include/linux/aspeed-lpc-ctrl.h
  HDRTEST usr/include/linux/rkisp1-config.h
  STUBCPY drivers/firmware/efi/libstub/intrinsics.stub.o
  STUBCPY drivers/firmware/efi/libstub/kaslr.stub.o
  STUBCPY drivers/firmware/efi/libstub/lib-cmdline.stub.o
  STUBCPY drivers/firmware/efi/libstub/lib-ctype.stub.o
  STUBCPY drivers/firmware/efi/libstub/lib-fdt.stub.o
  STUBCPY drivers/firmware/efi/libstub/lib-fdt_empty_tree.stub.o
  HDRTEST usr/include/linux/cachefiles.h
  STUBCPY drivers/firmware/efi/libstub/lib-fdt_ro.stub.o
  HDRTEST usr/include/linux/i8k.h
  STUBCPY drivers/firmware/efi/libstub/lib-fdt_rw.stub.o
  STUBCPY drivers/firmware/efi/libstub/lib-fdt_sw.stub.o
  HDRTEST usr/include/linux/handshake.h
  HDRTEST usr/include/linux/fd.h
  STUBCPY drivers/firmware/efi/libstub/lib-fdt_wip.stub.o
  HDRTEST usr/include/linux/oom.h
  STUBCPY drivers/firmware/efi/libstub/lib-xxhash.stub.o
  STUBCPY drivers/firmware/efi/libstub/mem.stub.o
  HDRTEST usr/include/linux/auto_fs.h
  STUBCPY drivers/firmware/efi/libstub/pci.stub.o
  STUBCPY drivers/firmware/efi/libstub/primary_display.stub.o
  HDRTEST usr/include/linux/mei_uuid.h
  STUBCPY drivers/firmware/efi/libstub/printk.stub.o
  STUBCPY drivers/firmware/efi/libstub/random.stub.o
  STUBCPY drivers/firmware/efi/libstub/randomalloc.stub.o
  HDRTEST usr/include/linux/genetlink.h
  HDRTEST usr/include/linux/npcm-video.h
  STUBCPY drivers/firmware/efi/libstub/secureboot.stub.o
  STUBCPY drivers/firmware/efi/libstub/skip_spaces.stub.o
  HDRTEST usr/include/linux/gfs2_ondisk.h
  STUBCPY drivers/firmware/efi/libstub/smbios.stub.o
  STUBCPY drivers/firmware/efi/libstub/string.stub.o
  STUBCPY drivers/firmware/efi/libstub/systable.stub.o
  HDRTEST usr/include/linux/matroxfb.h
  STUBCPY drivers/firmware/efi/libstub/tpm.stub.o
  STUBCPY drivers/firmware/efi/libstub/vsprintf.stub.o
  HDRTEST usr/include/linux/falloc.h
  STUBCPY drivers/firmware/efi/libstub/zboot-decompress-zstd.stub.o
  STUBCPY drivers/firmware/efi/libstub/zboot.stub.o
  HDRTEST usr/include/linux/seg6.h
  HDRTEST usr/include/linux/module.h
  HDRTEST usr/include/linux/coresight-stm.h
  HDRTEST usr/include/linux/ethtool.h
  HDRTEST usr/include/linux/fs.h
  AR      drivers/firmware/efi/libstub/lib.a
  HDRTEST usr/include/linux/rpmsg.h
  HDRTEST usr/include/linux/ip.h
  AR      drivers/firmware/built-in.a
  HDRTEST usr/include/linux/hdlc.h
  HDRTEST usr/include/linux/if_ltalk.h
  HDRTEST usr/include/linux/tipc_netlink.h
  HDRTEST usr/include/linux/tty.h
  HDRTEST usr/include/linux/if_eql.h
  AR      drivers/built-in.a
  HDRTEST usr/include/linux/rio_mport_cdev.h
  HDRTEST usr/include/linux/if_xdp.h
  HDRTEST usr/include/linux/pci_regs.h
  HDRTEST usr/include/linux/if_arcnet.h
  HDRTEST usr/include/linux/btrfs_tree.h
  HDRTEST usr/include/linux/psp.h
  HDRTEST usr/include/linux/in.h
  HDRTEST usr/include/linux/shm.h
  HDRTEST usr/include/linux/x25.h
  HDRTEST usr/include/linux/atm_idt77105.h
  HDRTEST usr/include/linux/serial_reg.h
  HDRTEST usr/include/linux/counter/microchip-tcb-capture.h
  HDRTEST usr/include/linux/ppdev.h
  HDRTEST usr/include/linux/ipmi_ssif_bmc.h
  HDRTEST usr/include/linux/elf-fdpic.h
  HDRTEST usr/include/linux/mshv.h
  HDRTEST usr/include/linux/batman_adv.h
  HDRTEST usr/include/linux/qnx4_fs.h
  HDRTEST usr/include/linux/efs_fs_sb.h
  HDRTEST usr/include/linux/iio/buffer.h
  HDRTEST usr/include/linux/iio/events.h
  HDRTEST usr/include/linux/iio/types.h
  HDRTEST usr/include/linux/media/amlogic/c3-isp-config.h
  HDRTEST usr/include/linux/media/raspberrypi/pisp_common.h
  HDRTEST usr/include/linux/media/raspberrypi/pisp_be_config.h
  HDRTEST usr/include/linux/media/raspberrypi/pisp_fe_statistics.h
  HDRTEST usr/include/linux/media/raspberrypi/pisp_fe_config.h
  HDRTEST usr/include/linux/media/arm/mali-c55-config.h
  HDRTEST usr/include/linux/media/v4l2-isp.h
  HDRTEST usr/include/linux/blkzoned.h
  HDRTEST usr/include/linux/if_phonet.h
  HDRTEST usr/include/linux/scif_ioctl.h
  HDRTEST usr/include/linux/stat.h
  HDRTEST usr/include/linux/hdlc/ioctl.h
  HDRTEST usr/include/linux/atmclip.h
  HDRTEST usr/include/linux/media.h
  HDRTEST usr/include/linux/sem.h
  HDRTEST usr/include/linux/if_x25.h
  HDRTEST usr/include/linux/mroute6.h
  HDRTEST usr/include/linux/timex.h
  HDRTEST usr/include/linux/kernel-page-flags.h
  HDRTEST usr/include/linux/pfkeyv2.h
  HDRTEST usr/include/linux/openat2.h
  HDRTEST usr/include/linux/usb/charger.h
  HDRTEST usr/include/linux/usb/ch11.h
  CAT     lib/test_fortify/test_fortify.log
  HDRTEST usr/include/linux/usb/functionfs.h
  HDRTEST usr/include/linux/usb/audio.h
  HDRTEST usr/include/linux/usb/g_hid.h
  HDRTEST usr/include/linux/usb/midi.h
  HDRTEST usr/include/linux/usb/tmc.h
  HDRTEST usr/include/linux/usb/cdc.h
  HDRTEST usr/include/linux/usb/cdc-wdm.h
  HDRTEST usr/include/linux/usb/video.h
  HDRTEST usr/include/linux/usb/g_uvc.h
  HDRTEST usr/include/linux/usb/ch9.h
  HDRTEST usr/include/linux/usb/gadgetfs.h
  HDRTEST usr/include/linux/usb/raw_gadget.h
  HDRTEST usr/include/linux/usb/g_printer.h
  HDRTEST usr/include/linux/packet_diag.h
  HDRTEST usr/include/linux/apm_bios.h
  HDRTEST usr/include/linux/net_dropmon.h
  HDRTEST usr/include/linux/vhost.h
  HDRTEST usr/include/linux/v4l2-dv-timings.h
  HDRTEST usr/include/linux/cec.h
  HDRTEST usr/include/linux/hsi/cs-protocol.h
  HDRTEST usr/include/linux/hsi/hsi_char.h
  HDRTEST usr/include/linux/rpl_iptunnel.h
  HDRTEST usr/include/linux/rxrpc.h
  HDRTEST usr/include/linux/if_packet.h
  HDRTEST usr/include/linux/ppp-ioctl.h
  HDRTEST usr/include/linux/coredump.h
  HDRTEST usr/include/linux/connector.h
  HDRTEST usr/include/linux/bpf_perf_event.h
  HDRTEST usr/include/linux/firewire-constants.h
  HDRTEST usr/include/linux/eventpoll.h
  HDRTEST usr/include/linux/unistd.h
  HDRTEST usr/include/linux/xilinx-v4l2-controls.h
  HDRTEST usr/include/linux/tls.h
  HDRTEST usr/include/linux/virtio_spi.h
  HDRTEST usr/include/linux/keyboard.h
  HDRTEST usr/include/linux/qrtr.h
  HDRTEST usr/include/linux/ip_vs.h
  HDRTEST usr/include/linux/pktcdvd.h
  HDRTEST usr/include/linux/phonet.h
  HDRTEST usr/include/linux/string.h
  HDRTEST usr/include/linux/if_bridge.h
  HDRTEST usr/include/linux/kdev_t.h
  HDRTEST usr/include/linux/sonypi.h
  HDRTEST usr/include/linux/idxd.h
  HDRTEST usr/include/linux/cramfs_fs.h
  HDRTEST usr/include/linux/sync_file.h
  HDRTEST usr/include/linux/ext4.h
  HDRTEST usr/include/linux/comedi.h
  HDRTEST usr/include/linux/zorro_ids.h
  HDRTEST usr/include/linux/io_uring/bpf_filter.h
  HDRTEST usr/include/linux/io_uring/query.h
  HDRTEST usr/include/linux/io_uring/mock_file.h
  HDRTEST usr/include/linux/io_uring/zcrx.h
  HDRTEST usr/include/linux/lockd_netlink.h
  HDRTEST usr/include/linux/rds.h
  HDRTEST usr/include/linux/udmabuf.h
  HDRTEST usr/include/linux/cciss_ioctl.h
  HDRTEST usr/include/linux/in6.h
  HDRTEST usr/include/linux/btf.h
  HDRTEST usr/include/linux/fsverity.h
  HDRTEST usr/include/linux/gameport.h
  HDRTEST usr/include/linux/dw100.h
  HDRTEST usr/include/linux/netfilter_ipv6.h
  HDRTEST usr/include/linux/pcitest.h
  HDRTEST usr/include/linux/version.h
  HDRTEST usr/include/linux/vboxguest.h
  HDRTEST usr/include/linux/jffs2.h
  HDRTEST usr/include/linux/seccomp.h
  HDRTEST usr/include/linux/inotify.h
  HDRTEST usr/include/linux/userfaultfd.h
  HDRTEST usr/include/linux/vmclock-abi.h
  HDRTEST usr/include/linux/snmp.h
  HDRTEST usr/include/linux/aspeed-video.h
  HDRTEST usr/include/linux/nfs_fs.h
  HDRTEST usr/include/linux/pwm.h
  HDRTEST usr/include/linux/thermal.h
  HDRTEST usr/include/linux/sev-guest.h
  HDRTEST usr/include/linux/netfilter_ipv6/ip6_tables.h
  HDRTEST usr/include/linux/netfilter_ipv6/ip6t_srh.h
  HDRTEST usr/include/linux/netfilter_ipv6/ip6t_ah.h
  HDRTEST usr/include/linux/netfilter_ipv6/ip6t_mh.h
  HDRTEST usr/include/linux/netfilter_ipv6/ip6t_REJECT.h
  HDRTEST usr/include/linux/netfilter_ipv6/ip6t_frag.h
  HDRTEST usr/include/linux/netfilter_ipv6/ip6t_ipv6header.h
  HDRTEST usr/include/linux/netfilter_ipv6/ip6t_HL.h
  HDRTEST usr/include/linux/netfilter_ipv6/ip6t_LOG.h
  HDRTEST usr/include/linux/netfilter_ipv6/ip6t_hl.h
  HDRTEST usr/include/linux/netfilter_ipv6/ip6t_rt.h
  HDRTEST usr/include/linux/netfilter_ipv6/ip6t_NPT.h
  HDRTEST usr/include/linux/netfilter_ipv6/ip6t_opts.h
  HDRTEST usr/include/linux/atm.h
  HDRTEST usr/include/linux/vduse.h
  HDRTEST usr/include/linux/io_uring.h
  HDRTEST usr/include/linux/erspan.h
  HDRTEST usr/include/linux/ivtv.h
  HDRTEST usr/include/linux/synclink.h
  HDRTEST usr/include/linux/sound.h
  HDRTEST usr/include/linux/i2o-dev.h
  HDRTEST usr/include/linux/am437x-vpfe.h
  HDRTEST usr/include/linux/pci.h
  HDRTEST usr/include/linux/target_core_user.h
  HDRTEST usr/include/linux/const.h
  HDRTEST usr/include/linux/vesa.h
  HDRTEST usr/include/linux/minix_fs.h
  HDRTEST usr/include/linux/close_range.h
  HDRTEST usr/include/linux/tty_flags.h
  HDRTEST usr/include/linux/serial.h
  HDRTEST usr/include/linux/atmsap.h
  HDRTEST usr/include/linux/stm.h
  HDRTEST usr/include/linux/virtio_snd.h
  HDRTEST usr/include/linux/gtp.h
  HDRTEST usr/include/linux/if_addr.h
  HDRTEST usr/include/linux/posix_types.h
  HDRTEST usr/include/linux/ax25.h
  HDRTEST usr/include/linux/liveupdate.h
  HDRTEST usr/include/linux/psample.h
  HDRTEST usr/include/linux/fdreg.h
  HDRTEST usr/include/linux/nfs.h
  HDRTEST usr/include/linux/firewire-cdev.h
  HDRTEST usr/include/linux/route.h
  HDRTEST usr/include/linux/nfsd_netlink.h
  HDRTEST usr/include/linux/tc_ematch/tc_em_cmp.h
  HDRTEST usr/include/linux/tc_ematch/tc_em_ipt.h
  HDRTEST usr/include/linux/tc_ematch/tc_em_meta.h
  HDRTEST usr/include/linux/tc_ematch/tc_em_nbyte.h
  HDRTEST usr/include/linux/tc_ematch/tc_em_text.h
  HDRTEST usr/include/linux/ioam6_genl.h
  HDRTEST usr/include/linux/map_benchmark.h
  HDRTEST usr/include/linux/netfilter.h
  HDRTEST usr/include/linux/dlmconstants.h
  HDRTEST usr/include/linux/adb.h
  HDRTEST usr/include/linux/rtnetlink.h
  HDRTEST usr/include/linux/llc.h
  HDRTEST usr/include/linux/blk-crypto.h
  HDRTEST usr/include/linux/inet_diag.h
  HDRTEST usr/include/linux/unix_diag.h
  HDRTEST usr/include/linux/kcov.h
  HDRTEST usr/include/linux/virtio_input.h
  HDRTEST usr/include/linux/dma-heap.h
  HDRTEST usr/include/linux/netlink.h
  HDRTEST usr/include/linux/tee.h
  HDRTEST usr/include/linux/sonet.h
  HDRTEST usr/include/linux/if_slip.h
  HDRTEST usr/include/linux/joystick.h
  HDRTEST usr/include/linux/gen_stats.h
  HDRTEST usr/include/linux/virtio_mmio.h
  HDRTEST usr/include/linux/v4l2-controls.h
  HDRTEST usr/include/linux/cryptouser.h
  HDRTEST usr/include/linux/usbdevice_fs.h
  HDRTEST usr/include/linux/irqnr.h
  HDRTEST usr/include/linux/fpga-dfl.h
  HDRTEST usr/include/linux/quota.h
  HDRTEST usr/include/linux/errqueue.h
  HDRTEST usr/include/linux/fanotify.h
  HDRTEST usr/include/linux/atmmpc.h
  HDRTEST usr/include/linux/netlink_diag.h
  HDRTEST usr/include/linux/cuda.h
  HDRTEST usr/include/linux/mroute.h
  HDRTEST usr/include/linux/wireless.h
  HDRTEST usr/include/linux/adfs_fs.h
  HDRTEST usr/include/linux/nfs4.h
  HDRTEST usr/include/linux/l2tp.h
  HDRTEST usr/include/linux/timerfd.h
  HDRTEST usr/include/linux/cycx_cfm.h
  HDRTEST usr/include/linux/cdrom.h
  HDRTEST usr/include/linux/nvram.h
  HDRTEST usr/include/linux/nl80211-vnd-intel.h
  HDRTEST usr/include/linux/virtio_9p.h
  HDRTEST usr/include/linux/hpet.h
  HDRTEST usr/include/linux/ip6_tunnel.h
  HDRTEST usr/include/linux/nl80211.h
  HDRTEST usr/include/linux/ioprio.h
  HDRTEST usr/include/linux/um_timetravel.h
  HDRTEST usr/include/linux/if_addrlabel.h
  HDRTEST usr/include/linux/pg.h
  HDRTEST usr/include/linux/atm_tcp.h
  HDRTEST usr/include/linux/nfs2.h
  HDRTEST usr/include/linux/ndctl.h
  HDRTEST usr/include/linux/igmp.h
  HDRTEST usr/include/linux/ncsi.h
  HDRTEST usr/include/linux/msdos_fs.h
  HDRTEST usr/include/linux/sched.h
  HDRTEST usr/include/linux/types.h
  HDRTEST usr/include/linux/cifs/cifs_netlink.h
  HDRTEST usr/include/linux/cifs/cifs_mount.h
  HDRTEST usr/include/linux/fuse.h
  HDRTEST usr/include/linux/auxvec.h
  HDRTEST usr/include/linux/virtio_iommu.h
  HDRTEST usr/include/linux/pkt_cls.h
  HDRTEST usr/include/linux/ivtvfb.h
  HDRTEST usr/include/linux/arcfb.h
  HDRTEST usr/include/linux/nfs3.h
  HDRTEST usr/include/linux/aio_abi.h
  HDRTEST usr/include/linux/nsm.h
  HDRTEST usr/include/linux/cciss_defs.h
  HDRTEST usr/include/linux/virtio_net.h
  HDRTEST usr/include/linux/posix_acl.h
  HDRTEST usr/include/linux/fb.h
  HDRTEST usr/include/linux/rfkill.h
  HDRTEST usr/include/linux/netfilter_ipv4.h
  HDRTEST usr/include/linux/ipmi_bmc.h
  HDRTEST usr/include/linux/netdevice.h
  HDRTEST usr/include/linux/mempolicy.h
  HDRTEST usr/include/linux/smc.h
  HDRTEST usr/include/linux/kvm_para.h
  HDRTEST usr/include/linux/stddef.h
  HDRTEST usr/include/linux/ptp_clock.h
  HDRTEST usr/include/linux/kd.h
  HDRTEST usr/include/linux/module_signature.h
  HDRTEST usr/include/linux/psci.h
  HDRTEST usr/include/linux/if_tunnel.h
  HDRTEST usr/include/linux/vfio.h
  HDRTEST usr/include/linux/vbox_vmmdev_types.h
  HDRTEST usr/include/linux/nbd-netlink.h
  HDRTEST usr/include/linux/atalk.h
  HDRTEST usr/include/linux/virtio_types.h
  HDRTEST usr/include/linux/virtio_pci.h
  HDRTEST usr/include/linux/mpls.h
  HDRTEST usr/include/linux/if_plip.h
  HDRTEST usr/include/linux/vdpa.h
  HDRTEST usr/include/linux/vt.h
  HDRTEST usr/include/linux/vfio_zdev.h
  HDRTEST usr/include/linux/virtio_ids.h
  HDRTEST usr/include/linux/netfilter/xt_IDLETIMER.h
  HDRTEST usr/include/linux/netfilter/xt_cluster.h
  HDRTEST usr/include/linux/netfilter/nfnetlink_queue.h
  HDRTEST usr/include/linux/netfilter/nf_tables.h
  HDRTEST usr/include/linux/netfilter/xt_physdev.h
  HDRTEST usr/include/linux/netfilter/xt_policy.h
  HDRTEST usr/include/linux/netfilter/xt_AUDIT.h
  HDRTEST usr/include/linux/netfilter/nfnetlink_compat.h
  HDRTEST usr/include/linux/netfilter/xt_pkttype.h
  HDRTEST usr/include/linux/netfilter/nf_tables_compat.h
  HDRTEST usr/include/linux/netfilter/nf_conntrack_sctp.h
  HDRTEST usr/include/linux/netfilter/nfnetlink_cthelper.h
  HDRTEST usr/include/linux/netfilter/nfnetlink_hook.h
  HDRTEST usr/include/linux/netfilter/nfnetlink_conntrack.h
  HDRTEST usr/include/linux/netfilter/xt_sctp.h
  HDRTEST usr/include/linux/netfilter/xt_CONNMARK.h
  HDRTEST usr/include/linux/netfilter/xt_u32.h
  HDRTEST usr/include/linux/netfilter/xt_tcpmss.h
  HDRTEST usr/include/linux/netfilter/xt_TCPOPTSTRIP.h
  HDRTEST usr/include/linux/netfilter/xt_SYNPROXY.h
  HDRTEST usr/include/linux/netfilter/nf_conntrack_ftp.h
  HDRTEST usr/include/linux/netfilter/xt_CONNSECMARK.h
  HDRTEST usr/include/linux/netfilter/nfnetlink_cttimeout.h
  HDRTEST usr/include/linux/netfilter/xt_LOG.h
  HDRTEST usr/include/linux/netfilter/nfnetlink.h
  HDRTEST usr/include/linux/netfilter/xt_mac.h
  HDRTEST usr/include/linux/netfilter/nf_nat.h
  HDRTEST usr/include/linux/netfilter/nf_conntrack_common.h
  HDRTEST usr/include/linux/netfilter/xt_limit.h
  HDRTEST usr/include/linux/netfilter/xt_ipcomp.h
  HDRTEST usr/include/linux/netfilter/xt_statistic.h
  HDRTEST usr/include/linux/netfilter/xt_TPROXY.h
  HDRTEST usr/include/linux/netfilter/xt_cgroup.h
  HDRTEST usr/include/linux/netfilter/xt_quota.h
  HDRTEST usr/include/linux/netfilter/xt_dscp.h
  HDRTEST usr/include/linux/netfilter/xt_NFLOG.h
  HDRTEST usr/include/linux/netfilter/xt_esp.h
  HDRTEST usr/include/linux/netfilter/xt_mark.h
  HDRTEST usr/include/linux/netfilter/xt_multiport.h
  HDRTEST usr/include/linux/netfilter/xt_TCPMSS.h
  HDRTEST usr/include/linux/netfilter/xt_RATEEST.h
  HDRTEST usr/include/linux/netfilter/xt_iprange.h
  HDRTEST usr/include/linux/netfilter/xt_DSCP.h
  HDRTEST usr/include/linux/netfilter/xt_CLASSIFY.h
  HDRTEST usr/include/linux/netfilter/xt_connlimit.h
  HDRTEST usr/include/linux/netfilter/xt_conntrack.h
  HDRTEST usr/include/linux/netfilter/xt_ipvs.h
  HDRTEST usr/include/linux/netfilter/xt_state.h
  HDRTEST usr/include/linux/netfilter/xt_set.h
  HDRTEST usr/include/linux/netfilter/xt_ecn.h
  HDRTEST usr/include/linux/netfilter/xt_LED.h
  HDRTEST usr/include/linux/netfilter/nfnetlink_osf.h
  HDRTEST usr/include/linux/netfilter/xt_rpfilter.h
  HDRTEST usr/include/linux/netfilter/xt_CHECKSUM.h
  HDRTEST usr/include/linux/netfilter/nf_conntrack_tcp.h
  HDRTEST usr/include/linux/netfilter/xt_MARK.h
  HDRTEST usr/include/linux/netfilter/xt_length.h
  HDRTEST usr/include/linux/netfilter/xt_string.h
  HDRTEST usr/include/linux/netfilter/xt_dccp.h
  HDRTEST usr/include/linux/netfilter/nfnetlink_acct.h
  HDRTEST usr/include/linux/netfilter/xt_nfacct.h
  HDRTEST usr/include/linux/netfilter/xt_recent.h
  HDRTEST usr/include/linux/netfilter/xt_CT.h
  HDRTEST usr/include/linux/netfilter/xt_hashlimit.h
  HDRTEST usr/include/linux/netfilter/xt_connbytes.h
  HDRTEST usr/include/linux/netfilter/xt_devgroup.h
  HDRTEST usr/include/linux/netfilter/xt_connmark.h
  HDRTEST usr/include/linux/netfilter/x_tables.h
  HDRTEST usr/include/linux/netfilter/xt_tcpudp.h
  HDRTEST usr/include/linux/netfilter/xt_osf.h
  HDRTEST usr/include/linux/netfilter/nf_log.h
  HDRTEST usr/include/linux/netfilter/xt_connlabel.h
  HDRTEST usr/include/linux/netfilter/xt_rateest.h
  HDRTEST usr/include/linux/netfilter/xt_comment.h
  HDRTEST usr/include/linux/netfilter/xt_SECMARK.h
  HDRTEST usr/include/linux/netfilter/xt_bpf.h
  HDRTEST usr/include/linux/netfilter/ipset/ip_set_bitmap.h
  HDRTEST usr/include/linux/netfilter/ipset/ip_set.h
  HDRTEST usr/include/linux/netfilter/ipset/ip_set_hash.h
  HDRTEST usr/include/linux/netfilter/ipset/ip_set_list.h
  HDRTEST usr/include/linux/netfilter/xt_addrtype.h
  HDRTEST usr/include/linux/netfilter/xt_cpu.h
  HDRTEST usr/include/linux/netfilter/xt_l2tp.h
  HDRTEST usr/include/linux/netfilter/nf_conntrack_tuple_common.h
  HDRTEST usr/include/linux/netfilter/xt_TEE.h
  HDRTEST usr/include/linux/netfilter/nf_synproxy.h
  HDRTEST usr/include/linux/netfilter/xt_NFQUEUE.h
  HDRTEST usr/include/linux/netfilter/xt_helper.h
  HDRTEST usr/include/linux/netfilter/xt_HMARK.h
  HDRTEST usr/include/linux/netfilter/xt_realm.h
  HDRTEST usr/include/linux/netfilter/xt_socket.h
  HDRTEST usr/include/linux/netfilter/xt_owner.h
  HDRTEST usr/include/linux/netfilter/nfnetlink_log.h
  HDRTEST usr/include/linux/netfilter/xt_time.h
  HDRTEST usr/include/linux/mei.h
  HDRTEST usr/include/linux/fsl_hypervisor.h
  HDRTEST usr/include/linux/blkdev.h
  HDRTEST usr/include/linux/dev_energymodel.h
  HDRTEST usr/include/linux/dvb/ca.h
  HDRTEST usr/include/linux/dvb/audio.h
  HDRTEST usr/include/linux/dvb/version.h
  HDRTEST usr/include/linux/dvb/frontend.h
  HDRTEST usr/include/linux/dvb/net.h
  HDRTEST usr/include/linux/dvb/video.h
  HDRTEST usr/include/linux/dvb/osd.h
  HDRTEST usr/include/linux/dvb/dmx.h
  HDRTEST usr/include/linux/nvme_ioctl.h
  HDRTEST usr/include/linux/isst_if.h
  HDRTEST usr/include/linux/coda.h
  HDRTEST usr/include/linux/vm_sockets.h
  HDRTEST usr/include/linux/net.h
  HDRTEST usr/include/linux/suspend_ioctls.h
  HDRTEST usr/include/linux/nilfs2_api.h
  HDRTEST usr/include/linux/atm_nicstar.h
  HDRTEST usr/include/linux/hsr_netlink.h
  HDRTEST usr/include/linux/neighbour.h
  HDRTEST usr/include/linux/ipv6_route.h
  HDRTEST usr/include/linux/ptrace.h
  HDRTEST usr/include/linux/utsname.h
  HDRTEST usr/include/linux/uinput.h
  HDRTEST usr/include/linux/gpib_ioctl.h
  HDRTEST usr/include/linux/mrp_bridge.h
  HDRTEST usr/include/linux/netdev.h
  HDRTEST usr/include/linux/kcm.h
  HDRTEST usr/include/linux/eventfd.h
  HDRTEST usr/include/linux/dlm_plock.h
  HDRTEST usr/include/linux/dma-buf.h
  HDRTEST usr/include/linux/v4l2-common.h
  HDRTEST usr/include/linux/wmi.h
  HDRTEST usr/include/linux/media-bus-format.h
  HDRTEST usr/include/linux/vfio_ccw.h
  HDRTEST usr/include/linux/acct.h
  HDRTEST usr/include/linux/lp.h
  HDRTEST usr/include/linux/ntsync.h
  HDRTEST usr/include/linux/cec-funcs.h
  HDRTEST usr/include/linux/pps_gen.h
  HDRTEST usr/include/linux/input.h
  HDRTEST usr/include/linux/byteorder/big_endian.h
  HDRTEST usr/include/linux/byteorder/little_endian.h
  HDRTEST usr/include/linux/wireguard.h
  HDRTEST usr/include/linux/nbd.h
  HDRTEST usr/include/linux/mctp.h
  HDRTEST usr/include/linux/socket.h
  HDRTEST usr/include/linux/bpf.h
  HDRTEST usr/include/linux/ipc.h
  HDRTEST usr/include/linux/pidfd.h
  HDRTEST usr/include/linux/atmbr2684.h
  HDRTEST usr/include/linux/iommufd.h
  HDRTEST usr/include/linux/kexec.h
  HDRTEST usr/include/linux/atmsvc.h
  HDRTEST usr/include/linux/nfsacl.h
  HDRTEST usr/include/linux/zorro.h
  HDRTEST usr/include/linux/signalfd.h
  HDRTEST usr/include/linux/bt-bmc.h
  HDRTEST usr/include/linux/surface_aggregator/dtx.h
  HDRTEST usr/include/linux/surface_aggregator/cdev.h
  HDRTEST usr/include/linux/times.h
  HDRTEST usr/include/linux/ublk_cmd.h
  HDRTEST usr/include/linux/atm_eni.h
  HDRTEST usr/include/linux/if_hippi.h
  HDRTEST usr/include/linux/mii.h
  HDRTEST usr/include/linux/kfd_ioctl.h
  HDRTEST usr/include/linux/utime.h
  HDRTEST usr/include/linux/v4l2-mediabus.h
  HDRTEST usr/include/linux/loop.h
  HDRTEST usr/include/linux/nfs_mount.h
  HDRTEST usr/include/linux/blktrace_api.h
  HDRTEST usr/include/linux/virtio_crypto.h
  HDRTEST usr/include/linux/atmdev.h
  HDRTEST usr/include/linux/auto_dev-ioctl.h
  HDRTEST usr/include/linux/if_pppol2tp.h
  HDRTEST usr/include/linux/fcntl.h
  HDRTEST usr/include/linux/nitro_enclaves.h
  HDRTEST usr/include/linux/uio.h
  HDRTEST usr/include/linux/netfilter_bridge/ebt_802_3.h
  HDRTEST usr/include/linux/netfilter_bridge/ebt_redirect.h
  HDRTEST usr/include/linux/netfilter_bridge/ebt_arp.h
  HDRTEST usr/include/linux/netfilter_bridge/ebt_vlan.h
  HDRTEST usr/include/linux/netfilter_bridge/ebt_pkttype.h
  HDRTEST usr/include/linux/netfilter_bridge/ebt_stp.h
  HDRTEST usr/include/linux/netfilter_bridge/ebt_limit.h
  HDRTEST usr/include/linux/netfilter_bridge/ebt_among.h
  HDRTEST usr/include/linux/netfilter_bridge/ebt_mark_m.h
  HDRTEST usr/include/linux/netfilter_bridge/ebt_log.h
  HDRTEST usr/include/linux/netfilter_bridge/ebt_nat.h
  HDRTEST usr/include/linux/netfilter_bridge/ebt_ip6.h
  HDRTEST usr/include/linux/netfilter_bridge/ebt_arpreply.h
  HDRTEST usr/include/linux/netfilter_bridge/ebtables.h
  HDRTEST usr/include/linux/netfilter_bridge/ebt_mark_t.h
  HDRTEST usr/include/linux/netfilter_bridge/ebt_nflog.h
  HDRTEST usr/include/linux/netfilter_bridge/ebt_ip.h
  HDRTEST usr/include/linux/posix_acl_xattr.h
  HDRTEST usr/include/linux/mount.h
  HDRTEST usr/include/linux/ife.h
  HDRTEST usr/include/linux/batadv_packet.h
  HDRTEST usr/include/linux/sock_diag.h
  HDRTEST usr/include/linux/mpls_iptunnel.h
  HDRTEST usr/include/linux/virtio_i2c.h
  HDRTEST usr/include/linux/major.h
  HDRTEST usr/include/linux/virtio_ring.h
  HDRTEST usr/include/linux/tdx-guest.h
  HDRTEST usr/include/linux/virtio_config.h
  HDRTEST usr/include/linux/pps.h
  HDRTEST usr/include/linux/cfm_bridge.h
  HDRTEST usr/include/linux/nexthop.h
  HDRTEST usr/include/linux/securebits.h
  HDRTEST usr/include/linux/dm-ioctl.h
  HDRTEST usr/include/linux/sockios.h
  HDRTEST usr/include/linux/kcmp.h
  HDRTEST usr/include/linux/virtio_pcidev.h
  HDRTEST usr/include/linux/nfc.h
  HDRTEST usr/include/linux/wwan.h
  HDRTEST usr/include/linux/fsmap.h
  HDRTEST usr/include/linux/mman.h
  HDRTEST usr/include/linux/atmarp.h
  HDRTEST usr/include/linux/bcm933xx_hcs.h
  HDRTEST usr/include/linux/udp.h
  HDRTEST usr/include/linux/devlink.h
  HDRTEST usr/include/linux/qnxtypes.h
  HDRTEST usr/include/linux/fiemap.h
  HDRTEST usr/include/linux/keyctl.h
  HDRTEST usr/include/linux/filter.h
  HDRTEST usr/include/linux/hdreg.h
  HDRTEST usr/include/linux/kernel.h
  HDRTEST usr/include/linux/ioam6_iptunnel.h
  HDRTEST usr/include/linux/uleds.h
  HDRTEST usr/include/linux/kfd_sysfs.h
  HDRTEST usr/include/linux/watchdog.h
  HDRTEST usr/include/linux/virtio_pmem.h
  HDRTEST usr/include/linux/memfd.h
  HDRTEST usr/include/linux/nfs4_mount.h
  HDRTEST usr/include/linux/uuid.h
  HDRTEST usr/include/linux/fsl_mc.h
  HDRTEST usr/include/linux/libc-compat.h
  HDRTEST usr/include/linux/ipsec.h
  HDRTEST usr/include/linux/blkpg.h
  HDRTEST usr/include/linux/tps6594_pfsm.h
  HDRTEST usr/include/linux/xdp_diag.h
  HDRTEST usr/include/linux/nilfs2_ondisk.h
  HDRTEST usr/include/linux/mtio.h
  HDRTEST usr/include/linux/virtio_balloon.h
  HDRTEST usr/include/linux/gsmmux.h
  CC      lib/oid_registry.o
  HDRTEST usr/include/linux/poll.h
  HDRTEST usr/include/linux/f2fs.h
  HDRTEST usr/include/linux/limits.h
  HDRTEST usr/include/linux/net_tstamp.h
  HDRTEST usr/include/linux/wait.h
  HDRTEST usr/include/linux/tcp_metrics.h
  HDRTEST usr/include/linux/uhid.h
  HDRTEST usr/include/linux/vmcore.h
  HDRTEST usr/include/linux/nsfs.h
  HDRTEST usr/include/linux/arm_sdei.h
  HDRTEST usr/include/linux/hash_info.h
  HDRTEST usr/include/linux/mptcp.h
  HDRTEST usr/include/linux/dm-log-userspace.h
  HDRTEST usr/include/linux/fscrypt.h
  HDRTEST usr/include/linux/pfrut.h
  HDRTEST usr/include/linux/usbip.h
  HDRTEST usr/include/linux/qemu_fw_cfg.h
  HDRTEST usr/include/linux/lwtunnel.h
  HDRTEST usr/include/linux/capability.h
  HDRTEST usr/include/linux/patchkey.h
  HDRTEST usr/include/linux/screen_info.h
  HDRTEST usr/include/linux/netfilter_arp/arp_tables.h
  HDRTEST usr/include/linux/netfilter_arp/arpt_mangle.h
  HDRTEST usr/include/linux/random.h
  HDRTEST usr/include/linux/swab.h
  HDRTEST usr/include/linux/ppp_defs.h
  HDRTEST usr/include/linux/rseq.h
  HDRTEST usr/include/linux/udf_fs_i.h
  HDRTEST usr/include/linux/serial_core.h
  HDRTEST usr/include/linux/i2c-dev.h
  HDRTEST usr/include/linux/hid.h
  HDRTEST usr/include/linux/videodev2.h
  HDRTEST usr/include/linux/papr_pdsm.h
  HDRTEST usr/include/linux/sunrpc/debug.h
  HDRTEST usr/include/linux/raid/md_p.h
  HDRTEST usr/include/linux/raid/md_u.h
  HDRTEST usr/include/linux/hyperv.h
  HDRTEST usr/include/linux/bsg.h
  HDRTEST usr/include/linux/personality.h
  HDRTEST usr/include/linux/agpgart.h
  HDRTEST usr/include/linux/elf-em.h
  HDRTEST usr/include/linux/virtio_gpu.h
  HDRTEST usr/include/linux/switchtec_ioctl.h
  HDRTEST usr/include/linux/seg6_iptunnel.h
  HDRTEST usr/include/linux/dlm_device.h
  HDRTEST usr/include/linux/if_bonding.h
  HDRTEST usr/include/linux/cgroupstats.h
  HDRTEST usr/include/linux/virtio_bt.h
  HDRTEST usr/include/linux/bits.h
  HDRTEST usr/include/linux/magic.h
  HDRTEST usr/include/linux/netfilter_ipv4/ipt_LOG.h
  HDRTEST usr/include/linux/netfilter_ipv4/ip_tables.h
  HDRTEST usr/include/linux/netfilter_ipv4/ipt_ah.h
  HDRTEST usr/include/linux/netfilter_ipv4/ipt_REJECT.h
  HDRTEST usr/include/linux/netfilter_ipv4/ipt_ECN.h
  HDRTEST usr/include/linux/netfilter_ipv4/ipt_ecn.h
  HDRTEST usr/include/linux/netfilter_ipv4/ipt_ttl.h
  HDRTEST usr/include/linux/netfilter_ipv4/ipt_CLUSTERIP.h
  HDRTEST usr/include/linux/netfilter_ipv4/ipt_TTL.h
  HDRTEST usr/include/linux/tiocl.h
  HDRTEST usr/include/linux/ila.h
  HDRTEST usr/include/linux/sysinfo.h
  HDRTEST usr/include/linux/hiddev.h
  HDRTEST usr/include/linux/veth.h
  HDRTEST usr/include/linux/cyclades.h
  HDRTEST usr/include/linux/vsockmon.h
  HDRTEST usr/include/linux/romfs_fs.h
  HDRTEST usr/include/linux/tipc_config.h
  HDRTEST usr/include/linux/auto_fs4.h
  HDRTEST usr/include/linux/dlm.h
  HDRTEST usr/include/linux/atm_zatm.h
  HDRTEST usr/include/linux/tipc_sockets_diag.h
  HDRTEST usr/include/linux/netfilter_arp.h
  HDRTEST usr/include/linux/amt.h
  HDRTEST usr/include/linux/rpmsg_types.h
  HDRTEST usr/include/linux/i2c.h
  HDRTEST usr/include/linux/xfrm.h
  HDRTEST usr/include/linux/bpqether.h
  HDRTEST usr/include/linux/param.h
  HDRTEST usr/include/linux/user_events.h
  HDRTEST usr/include/linux/reboot.h
  HDRTEST usr/include/linux/un.h
  HDRTEST usr/include/linux/hidraw.h
  HDRTEST usr/include/linux/signal.h
  HDRTEST usr/include/linux/virtio_fs.h
  HDRTEST usr/include/linux/ethtool_netlink_generated.h
  HDRTEST usr/include/linux/virtio_vsock.h
  HDRTEST usr/include/linux/acrn.h
  HDRTEST usr/include/linux/watch_queue.h
  HDRTEST usr/include/linux/tipc.h
  HDRTEST usr/include/linux/omap3isp.h
  HDRTEST usr/include/linux/sched/types.h
  HDRTEST usr/include/linux/lsm.h
  HDRTEST usr/include/linux/mdio.h
  HDRTEST usr/include/linux/vm_sockets_diag.h
  HDRTEST usr/include/linux/psp-sev.h
  HDRTEST usr/include/linux/soundcard.h
  HDRTEST usr/include/linux/thp7312.h
  HDRTEST usr/include/linux/iso_fs.h
  HDRTEST usr/include/linux/map_to_14segment.h
  HDRTEST usr/include/linux/sed-opal.h
  HDRTEST usr/include/linux/android/binderfs.h
  HDRTEST usr/include/linux/android/binder_netlink.h
  HDRTEST usr/include/linux/android/binder.h
  HDRTEST usr/include/linux/dns_resolver.h
  HDRTEST usr/include/linux/fou.h
  HDRTEST usr/include/linux/map_to_7segment.h
  HDRTEST usr/include/linux/pkt_sched.h
  HDRTEST usr/include/linux/futex.h
  HDRTEST usr/include/linux/if_arp.h
  HDRTEST usr/include/linux/input-event-codes.h
  HDRTEST usr/include/linux/seg6_local.h
  HDRTEST usr/include/linux/fib_rules.h
  HDRTEST usr/include/linux/max2175.h
  HDRTEST usr/include/linux/omapfb.h
  HDRTEST usr/include/linux/kvm.h
  HDRTEST usr/include/linux/seg6_genl.h
  HDRTEST usr/include/linux/if_fddi.h
  HDRTEST usr/include/linux/vbox_err.h
  HDRTEST usr/include/linux/atmlec.h
  HDRTEST usr/include/linux/elf.h
  HDRTEST usr/include/misc/pvpanic.h
  HDRTEST usr/include/misc/ocxl.h
  HDRTEST usr/include/misc/uacce/uacce.h
  HDRTEST usr/include/misc/uacce/hisi_qm.h
  HDRTEST usr/include/misc/xilinx_sdfec.h
  HDRTEST usr/include/misc/amd-apml.h
  HDRTEST usr/include/misc/mrvl_cn10k_dpi.h
  HDRTEST usr/include/misc/fastrpc.h
  HDRTEST usr/include/cxl/features.h
  HDRTEST usr/include/sound/fcp.h
  HDRTEST usr/include/sound/hdsp.h
  HDRTEST usr/include/sound/skl-tplg-interface.h
  HDRTEST usr/include/sound/snd_ar_tokens.h
  HDRTEST usr/include/sound/sof/header.h
  HDRTEST usr/include/sound/sof/fw.h
  HDRTEST usr/include/sound/sof/tokens.h
  HDRTEST usr/include/sound/sof/abi.h
  HDRTEST usr/include/sound/tlv.h
  HDRTEST usr/include/sound/asequencer.h
  HDRTEST usr/include/sound/sb16_csp.h
  HDRTEST usr/include/sound/asound_fm.h
  HDRTEST usr/include/sound/asound.h
  HDRTEST usr/include/sound/intel/avs/tokens.h
  HDRTEST usr/include/sound/asoc.h
  HDRTEST usr/include/sound/snd_sst_tokens.h
  HDRTEST usr/include/sound/hdspm.h
  HDRTEST usr/include/sound/emu10k1.h
  HDRTEST usr/include/sound/firewire.h
  HDRTEST usr/include/sound/compress_offload.h
  HDRTEST usr/include/sound/sfnt_info.h
  HDRTEST usr/include/sound/usb_stream.h
  HDRTEST usr/include/sound/compress_params.h
  HDRTEST usr/include/sound/scarlett2.h
  HDRTEST usr/include/drm/lima_drm.h
  HDRTEST usr/include/drm/drm_ras.h
  HDRTEST usr/include/drm/nova_drm.h
  HDRTEST usr/include/drm/pvr_drm.h
  HDRTEST usr/include/drm/omap_drm.h
  HDRTEST usr/include/drm/i915_drm.h
  HDRTEST usr/include/drm/ethosu_accel.h
  HDRTEST usr/include/drm/vc4_drm.h
  HDRTEST usr/include/drm/exynos_drm.h
  HDRTEST usr/include/drm/qaic_accel.h
  HDRTEST usr/include/drm/msm_drm.h
  HDRTEST usr/include/drm/tegra_drm.h
  HDRTEST usr/include/drm/v3d_drm.h
  HDRTEST usr/include/drm/drm.h
  HDRTEST usr/include/drm/amdxdna_accel.h
  HDRTEST usr/include/drm/asahi_drm.h
  HDRTEST usr/include/drm/radeon_drm.h
  HDRTEST usr/include/drm/vmwgfx_drm.h
  HDRTEST usr/include/drm/panthor_drm.h
  HDRTEST usr/include/drm/rocket_accel.h
  HDRTEST usr/include/drm/vgem_drm.h
  HDRTEST usr/include/drm/nouveau_drm.h
  HDRTEST usr/include/drm/drm_fourcc.h
  HDRTEST usr/include/drm/etnaviv_drm.h
  HDRTEST usr/include/drm/qxl_drm.h
  HDRTEST usr/include/drm/drm_mode.h
  HDRTEST usr/include/drm/drm_sarea.h
  HDRTEST usr/include/drm/xe_drm.h
  HDRTEST usr/include/drm/virtgpu_drm.h
  HDRTEST usr/include/drm/panfrost_drm.h
  HDRTEST usr/include/drm/habanalabs_accel.h
  HDRTEST usr/include/drm/ivpu_accel.h
  HDRTEST usr/include/drm/amdgpu_drm.h
  HDRTEST usr/include/drm/armada_drm.h
  HDRTEST usr/include/fwctl/mlx5.h
  HDRTEST usr/include/fwctl/cxl.h
  HDRTEST usr/include/fwctl/bnxt.h
  HDRTEST usr/include/fwctl/fwctl.h
  HDRTEST usr/include/fwctl/pds.h
  HDRTEST usr/include/xen/gntalloc.h
  HDRTEST usr/include/xen/privcmd.h
  HDRTEST usr/include/xen/evtchn.h
  HDRTEST usr/include/xen/gntdev.h
  HDRTEST usr/include/asm/termios.h
  HDRTEST usr/include/asm/perf_regs.h
  HDRTEST usr/include/asm/shmbuf.h
  HDRTEST usr/include/asm/resource.h
  HDRTEST usr/include/asm/ioctl.h
  HDRTEST usr/include/asm/sigcontext.h
  HDRTEST usr/include/asm/errno.h
  HDRTEST usr/include/asm/hwcap.h
  HDRTEST usr/include/asm/stat.h
  HDRTEST usr/include/asm/msgbuf.h
  HDRTEST usr/include/asm/bitsperlong.h
  HDRTEST usr/include/asm/bpf_perf_event.h
  HDRTEST usr/include/asm/unistd.h
  HDRTEST usr/include/asm/siginfo.h
  HDRTEST usr/include/asm/posix_types.h
  HDRTEST usr/include/asm/types.h
  HDRTEST usr/include/asm/auxvec.h
  HDRTEST usr/include/asm/ucontext.h
  HDRTEST usr/include/asm/kvm_para.h
  HDRTEST usr/include/asm/statfs.h
  HDRTEST usr/include/asm/sve_context.h
  HDRTEST usr/include/asm/ptrace.h
  HDRTEST usr/include/asm/unistd_64.h
  HDRTEST usr/include/asm/socket.h
  HDRTEST usr/include/asm/sembuf.h
  HDRTEST usr/include/asm/ioctls.h
  HDRTEST usr/include/asm/fcntl.h
  HDRTEST usr/include/asm/sockios.h
  HDRTEST usr/include/asm/mman.h
  HDRTEST usr/include/asm/poll.h
  HDRTEST usr/include/asm/setup.h
  HDRTEST usr/include/asm/termbits.h
  HDRTEST usr/include/asm/swab.h
  HDRTEST usr/include/asm/byteorder.h
  HDRTEST usr/include/asm/param.h
  HDRTEST usr/include/asm/signal.h
  HDRTEST usr/include/asm/kvm.h
  HDRTEST usr/include/asm/ipcbuf.h
  HDRTEST usr/include/video/uvesafb.h
  HDRTEST usr/include/video/edid.h
  HDRTEST usr/include/video/sisfb.h
  HDRTEST usr/include/regulator/regulator.h
  HDRTEST usr/include/rdma/ib_user_verbs.h
  HDRTEST usr/include/rdma/efa-abi.h
  HDRTEST usr/include/rdma/mlx5_user_ioctl_cmds.h
  HDRTEST usr/include/rdma/mthca-abi.h
  HDRTEST usr/include/rdma/ionic-abi.h
  HDRTEST usr/include/rdma/ib_user_ioctl_cmds.h
  HDRTEST usr/include/rdma/hns-abi.h
  HDRTEST usr/include/rdma/mlx5_user_ioctl_verbs.h
  HDRTEST usr/include/rdma/ib_user_ioctl_verbs.h
  HDRTEST usr/include/rdma/rdma_user_ioctl_cmds.h
  HDRTEST usr/include/rdma/rdma_user_ioctl.h
  HDRTEST usr/include/rdma/rdma_user_cm.h
  HDRTEST usr/include/rdma/mana-abi.h
  HDRTEST usr/include/rdma/hfi/hfi1_user.h
  HDRTEST usr/include/rdma/hfi/hfi1_ioctl.h
  HDRTEST usr/include/rdma/mlx4-abi.h
  HDRTEST usr/include/rdma/ocrdma-abi.h
  HDRTEST usr/include/rdma/rdma_user_rxe.h
  HDRTEST usr/include/rdma/rvt-abi.h
  HDRTEST usr/include/rdma/erdma-abi.h
  HDRTEST usr/include/rdma/bnxt_re-abi.h
  HDRTEST usr/include/rdma/rdma_netlink.h
  HDRTEST usr/include/rdma/ib_user_mad.h
  HDRTEST usr/include/rdma/mlx5-abi.h
  HDRTEST usr/include/rdma/vmw_pvrdma-abi.h
  HDRTEST usr/include/rdma/cxgb4-abi.h
  HDRTEST usr/include/rdma/irdma-abi.h
  HDRTEST usr/include/rdma/ib_user_sa.h
  HDRTEST usr/include/rdma/siw-abi.h
  HDRTEST usr/include/rdma/qedr-abi.h
  HDRTEST usr/include/scsi/scsi_bsg_mpi3mr.h
  HDRTEST usr/include/scsi/scsi_bsg_fc.h
  HDRTEST usr/include/scsi/scsi_netlink_fc.h
  HDRTEST usr/include/scsi/fc/fc_els.h
  HDRTEST usr/include/scsi/fc/fc_gs.h
  HDRTEST usr/include/scsi/fc/fc_fs.h
  HDRTEST usr/include/scsi/fc/fc_ns.h
  HDRTEST usr/include/scsi/scsi_netlink.h
  HDRTEST usr/include/scsi/scsi_bsg_ufs.h
  HDRTEST usr/include/asm-generic/termios.h
  HDRTEST usr/include/asm-generic/shmbuf.h
  HDRTEST usr/include/asm-generic/mman-common.h
  HDRTEST usr/include/asm-generic/resource.h
  HDRTEST usr/include/asm-generic/ioctl.h
  HDRTEST usr/include/asm-generic/errno.h
  HDRTEST usr/include/asm-generic/stat.h
  HDRTEST usr/include/asm-generic/msgbuf.h
  HDRTEST usr/include/asm-generic/bitsperlong.h
  HDRTEST usr/include/asm-generic/bpf_perf_event.h
  HDRTEST usr/include/asm-generic/unistd.h
  HDRTEST usr/include/asm-generic/siginfo.h
  HDRTEST usr/include/asm-generic/posix_types.h
  HDRTEST usr/include/asm-generic/int-ll64.h
  HDRTEST usr/include/asm-generic/hugetlb_encode.h
  HDRTEST usr/include/asm-generic/types.h
  HDRTEST usr/include/asm-generic/auxvec.h
  HDRTEST usr/include/asm-generic/ucontext.h
  HDRTEST usr/include/asm-generic/kvm_para.h
  HDRTEST usr/include/asm-generic/statfs.h
  HDRTEST usr/include/asm-generic/termbits-common.h
  HDRTEST usr/include/asm-generic/errno-base.h
  HDRTEST usr/include/asm-generic/socket.h
  HDRTEST usr/include/asm-generic/sembuf.h
  HDRTEST usr/include/asm-generic/ioctls.h
  HDRTEST usr/include/asm-generic/fcntl.h
  HDRTEST usr/include/asm-generic/sockios.h
  HDRTEST usr/include/asm-generic/mman.h
  HDRTEST usr/include/asm-generic/signal-defs.h
  HDRTEST usr/include/asm-generic/poll.h
  HDRTEST usr/include/asm-generic/int-l64.h
  HDRTEST usr/include/asm-generic/setup.h
  HDRTEST usr/include/asm-generic/termbits.h
  HDRTEST usr/include/asm-generic/swab.h
  HDRTEST usr/include/asm-generic/param.h
  HDRTEST usr/include/asm-generic/signal.h
  HDRTEST usr/include/asm-generic/ipcbuf.h
  AR      lib/zstd/built-in.a
  AR      lib/built-in.a
  AR      built-in.a
  AR      vmlinux.a
  LD      vmlinux.o
  MODPOST Module.symvers
  CC      .vmlinux.export.o
  CC [M]  arch/arm64/crypto/ghash-ce.mod.o
  CC [M]  .module-common.o
  CC [M]  kernel/configs.mod.o
  CC [M]  fs/pstore/ramoops.mod.o
  CC [M]  fs/fuse/fuse.mod.o
  CC [M]  lib/crypto/gf128mul.mod.o
  CC [M]  lib/lz4/lz4_compress.mod.o
  CC [M]  lib/lz4/lz4hc_compress.mod.o
  CC [M]  lib/reed_solomon/reed_solomon.mod.o
  CC [M]  drivers/leds/trigger/ledtrig-default-on.mod.o
  CC [M]  drivers/leds/leds-gpio.mod.o
  CC [M]  drivers/block/zram/zram.mod.o
  CC [M]  drivers/misc/eeprom/at24.mod.o
  CC [M]  drivers/spi/spi-dw.mod.o
  CC [M]  drivers/spi/spi-dw-mmio.mod.o
  CC [M]  drivers/net/phy/qcom/qcom-phy-lib.mod.o
  CC [M]  drivers/net/phy/qcom/at803x.mod.o
  CC [M]  drivers/input/keyboard/gpio_keys.mod.o
  CC [M]  drivers/i2c/muxes/i2c-mux-pca954x.mod.o
  CC [M]  drivers/i2c/i2c-dev.mod.o
  CC [M]  drivers/i2c/i2c-mux.mod.o
  CC [M]  drivers/hwmon/hwmon-vid.mod.o
  CC [M]  drivers/hwmon/adt7475.mod.o
  CC [M]  drivers/watchdog/sp805_wdt.mod.o
  CC [M]  drivers/mtd/parsers/ofpart.mod.o
  CC [M]  drivers/mtd/chips/chipreg.mod.o
  CC [M]  drivers/mtd/nand/nandcore.mod.o
  CC [M]  drivers/mtd/mtd.mod.o
  CC [M]  drivers/mtd/spi-nor/spi-nor.mod.o
  CC [M]  net/rfkill/rfkill.mod.o
  LD [M]  arch/arm64/crypto/ghash-ce.ko
  LD [M]  kernel/configs.ko
  LD [M]  fs/pstore/ramoops.ko
  LD [M]  fs/fuse/fuse.ko
  LD [M]  lib/crypto/gf128mul.ko
  LD [M]  lib/lz4/lz4_compress.ko
  LD [M]  lib/lz4/lz4hc_compress.ko
  LD [M]  lib/reed_solomon/reed_solomon.ko
  LD [M]  drivers/leds/trigger/ledtrig-default-on.ko
  LD [M]  drivers/leds/leds-gpio.ko
  LD [M]  drivers/block/zram/zram.ko
  LD [M]  drivers/misc/eeprom/at24.ko
  LD [M]  drivers/spi/spi-dw.ko
  LD [M]  drivers/spi/spi-dw-mmio.ko
  LD [M]  drivers/net/phy/qcom/qcom-phy-lib.ko
  LD [M]  drivers/net/phy/qcom/at803x.ko
  LD [M]  drivers/input/keyboard/gpio_keys.ko
  LD [M]  drivers/i2c/muxes/i2c-mux-pca954x.ko
  LD [M]  drivers/i2c/i2c-dev.ko
  LD [M]  drivers/i2c/i2c-mux.ko
  LD [M]  drivers/hwmon/hwmon-vid.ko
  LD [M]  drivers/hwmon/adt7475.ko
  LD [M]  drivers/watchdog/sp805_wdt.ko
  LD [M]  drivers/mtd/parsers/ofpart.ko
  LD [M]  drivers/mtd/chips/chipreg.ko
  LD [M]  drivers/mtd/mtd.ko
  LD [M]  drivers/mtd/nand/nandcore.ko
  LD [M]  drivers/mtd/spi-nor/spi-nor.ko
  LD [M]  net/rfkill/rfkill.ko
  UPD     include/generated/utsversion.h
  CC      init/version-timestamp.o
  KSYMS   .tmp_vmlinux0.kallsyms.S
  AS      .tmp_vmlinux0.kallsyms.o
  LD      .tmp_vmlinux1
  NM      .tmp_vmlinux1.syms
  KSYMS   .tmp_vmlinux1.kallsyms.S
  AS      .tmp_vmlinux1.kallsyms.o
  LD      .tmp_vmlinux2
  NM      .tmp_vmlinux2.syms
  KSYMS   .tmp_vmlinux2.kallsyms.S
  AS      .tmp_vmlinux2.kallsyms.o
  LD      vmlinux.unstripped
  NM      System.map
  SORTTAB vmlinux.unstripped
  OBJCOPY vmlinux
  GEN     modules.builtin.modinfo
  GEN     modules.builtin
  OBJCOPY arch/arm64/boot/Image
make: Leaving directory '/mnt/2tb/unvr-port-refs/linux-v7.1.8'
+ make -C /mnt/2tb/unvr-port-refs/linux-v7.1.8 INSTALL_MOD_PATH=/mnt/2tb/unvr-port-refs/build-out-71-fedora/modroot INSTALL_MOD_STRIP=1 modules_install
make: Entering directory '/mnt/2tb/unvr-port-refs/linux-v7.1.8'
  SYMLINK /mnt/2tb/unvr-port-refs/build-out-71-fedora/modroot/lib/modules/7.1.8-dirty/build
  INSTALL /mnt/2tb/unvr-port-refs/build-out-71-fedora/modroot/lib/modules/7.1.8-dirty/modules.order
  INSTALL /mnt/2tb/unvr-port-refs/build-out-71-fedora/modroot/lib/modules/7.1.8-dirty/modules.builtin
  INSTALL /mnt/2tb/unvr-port-refs/build-out-71-fedora/modroot/lib/modules/7.1.8-dirty/modules.builtin.modinfo
  INSTALL /mnt/2tb/unvr-port-refs/build-out-71-fedora/modroot/lib/modules/7.1.8-dirty/kernel/arch/arm64/crypto/ghash-ce.ko
  STRIP   /mnt/2tb/unvr-port-refs/build-out-71-fedora/modroot/lib/modules/7.1.8-dirty/kernel/arch/arm64/crypto/ghash-ce.ko
  INSTALL /mnt/2tb/unvr-port-refs/build-out-71-fedora/modroot/lib/modules/7.1.8-dirty/kernel/kernel/configs.ko
  STRIP   /mnt/2tb/unvr-port-refs/build-out-71-fedora/modroot/lib/modules/7.1.8-dirty/kernel/kernel/configs.ko
  INSTALL /mnt/2tb/unvr-port-refs/build-out-71-fedora/modroot/lib/modules/7.1.8-dirty/kernel/fs/pstore/ramoops.ko
  STRIP   /mnt/2tb/unvr-port-refs/build-out-71-fedora/modroot/lib/modules/7.1.8-dirty/kernel/fs/pstore/ramoops.ko
  INSTALL /mnt/2tb/unvr-port-refs/build-out-71-fedora/modroot/lib/modules/7.1.8-dirty/kernel/fs/fuse/fuse.ko
  STRIP   /mnt/2tb/unvr-port-refs/build-out-71-fedora/modroot/lib/modules/7.1.8-dirty/kernel/fs/fuse/fuse.ko
  INSTALL /mnt/2tb/unvr-port-refs/build-out-71-fedora/modroot/lib/modules/7.1.8-dirty/kernel/lib/crypto/gf128mul.ko
  STRIP   /mnt/2tb/unvr-port-refs/build-out-71-fedora/modroot/lib/modules/7.1.8-dirty/kernel/lib/crypto/gf128mul.ko
  INSTALL /mnt/2tb/unvr-port-refs/build-out-71-fedora/modroot/lib/modules/7.1.8-dirty/kernel/lib/lz4/lz4_compress.ko
  STRIP   /mnt/2tb/unvr-port-refs/build-out-71-fedora/modroot/lib/modules/7.1.8-dirty/kernel/lib/lz4/lz4_compress.ko
  INSTALL /mnt/2tb/unvr-port-refs/build-out-71-fedora/modroot/lib/modules/7.1.8-dirty/kernel/lib/lz4/lz4hc_compress.ko
  STRIP   /mnt/2tb/unvr-port-refs/build-out-71-fedora/modroot/lib/modules/7.1.8-dirty/kernel/lib/lz4/lz4hc_compress.ko
  INSTALL /mnt/2tb/unvr-port-refs/build-out-71-fedora/modroot/lib/modules/7.1.8-dirty/kernel/lib/reed_solomon/reed_solomon.ko
  STRIP   /mnt/2tb/unvr-port-refs/build-out-71-fedora/modroot/lib/modules/7.1.8-dirty/kernel/lib/reed_solomon/reed_solomon.ko
  INSTALL /mnt/2tb/unvr-port-refs/build-out-71-fedora/modroot/lib/modules/7.1.8-dirty/kernel/drivers/leds/trigger/ledtrig-default-on.ko
  STRIP   /mnt/2tb/unvr-port-refs/build-out-71-fedora/modroot/lib/modules/7.1.8-dirty/kernel/drivers/leds/trigger/ledtrig-default-on.ko
  INSTALL /mnt/2tb/unvr-port-refs/build-out-71-fedora/modroot/lib/modules/7.1.8-dirty/kernel/drivers/leds/leds-gpio.ko
  STRIP   /mnt/2tb/unvr-port-refs/build-out-71-fedora/modroot/lib/modules/7.1.8-dirty/kernel/drivers/leds/leds-gpio.ko
  INSTALL /mnt/2tb/unvr-port-refs/build-out-71-fedora/modroot/lib/modules/7.1.8-dirty/kernel/drivers/block/zram/zram.ko
  STRIP   /mnt/2tb/unvr-port-refs/build-out-71-fedora/modroot/lib/modules/7.1.8-dirty/kernel/drivers/block/zram/zram.ko
  INSTALL /mnt/2tb/unvr-port-refs/build-out-71-fedora/modroot/lib/modules/7.1.8-dirty/kernel/drivers/misc/eeprom/at24.ko
  STRIP   /mnt/2tb/unvr-port-refs/build-out-71-fedora/modroot/lib/modules/7.1.8-dirty/kernel/drivers/misc/eeprom/at24.ko
  INSTALL /mnt/2tb/unvr-port-refs/build-out-71-fedora/modroot/lib/modules/7.1.8-dirty/kernel/drivers/spi/spi-dw.ko
  STRIP   /mnt/2tb/unvr-port-refs/build-out-71-fedora/modroot/lib/modules/7.1.8-dirty/kernel/drivers/spi/spi-dw.ko
  INSTALL /mnt/2tb/unvr-port-refs/build-out-71-fedora/modroot/lib/modules/7.1.8-dirty/kernel/drivers/spi/spi-dw-mmio.ko
  STRIP   /mnt/2tb/unvr-port-refs/build-out-71-fedora/modroot/lib/modules/7.1.8-dirty/kernel/drivers/spi/spi-dw-mmio.ko
  INSTALL /mnt/2tb/unvr-port-refs/build-out-71-fedora/modroot/lib/modules/7.1.8-dirty/kernel/drivers/net/phy/qcom/qcom-phy-lib.ko
  STRIP   /mnt/2tb/unvr-port-refs/build-out-71-fedora/modroot/lib/modules/7.1.8-dirty/kernel/drivers/net/phy/qcom/qcom-phy-lib.ko
  INSTALL /mnt/2tb/unvr-port-refs/build-out-71-fedora/modroot/lib/modules/7.1.8-dirty/kernel/drivers/net/phy/qcom/at803x.ko
  STRIP   /mnt/2tb/unvr-port-refs/build-out-71-fedora/modroot/lib/modules/7.1.8-dirty/kernel/drivers/net/phy/qcom/at803x.ko
  INSTALL /mnt/2tb/unvr-port-refs/build-out-71-fedora/modroot/lib/modules/7.1.8-dirty/kernel/drivers/input/keyboard/gpio_keys.ko
  STRIP   /mnt/2tb/unvr-port-refs/build-out-71-fedora/modroot/lib/modules/7.1.8-dirty/kernel/drivers/input/keyboard/gpio_keys.ko
  INSTALL /mnt/2tb/unvr-port-refs/build-out-71-fedora/modroot/lib/modules/7.1.8-dirty/kernel/drivers/i2c/muxes/i2c-mux-pca954x.ko
  STRIP   /mnt/2tb/unvr-port-refs/build-out-71-fedora/modroot/lib/modules/7.1.8-dirty/kernel/drivers/i2c/muxes/i2c-mux-pca954x.ko
  INSTALL /mnt/2tb/unvr-port-refs/build-out-71-fedora/modroot/lib/modules/7.1.8-dirty/kernel/drivers/i2c/i2c-dev.ko
  STRIP   /mnt/2tb/unvr-port-refs/build-out-71-fedora/modroot/lib/modules/7.1.8-dirty/kernel/drivers/i2c/i2c-dev.ko
  INSTALL /mnt/2tb/unvr-port-refs/build-out-71-fedora/modroot/lib/modules/7.1.8-dirty/kernel/drivers/i2c/i2c-mux.ko
  STRIP   /mnt/2tb/unvr-port-refs/build-out-71-fedora/modroot/lib/modules/7.1.8-dirty/kernel/drivers/i2c/i2c-mux.ko
  INSTALL /mnt/2tb/unvr-port-refs/build-out-71-fedora/modroot/lib/modules/7.1.8-dirty/kernel/drivers/hwmon/hwmon-vid.ko
  STRIP   /mnt/2tb/unvr-port-refs/build-out-71-fedora/modroot/lib/modules/7.1.8-dirty/kernel/drivers/hwmon/hwmon-vid.ko
  INSTALL /mnt/2tb/unvr-port-refs/build-out-71-fedora/modroot/lib/modules/7.1.8-dirty/kernel/drivers/hwmon/adt7475.ko
  STRIP   /mnt/2tb/unvr-port-refs/build-out-71-fedora/modroot/lib/modules/7.1.8-dirty/kernel/drivers/hwmon/adt7475.ko
  INSTALL /mnt/2tb/unvr-port-refs/build-out-71-fedora/modroot/lib/modules/7.1.8-dirty/kernel/drivers/watchdog/sp805_wdt.ko
  STRIP   /mnt/2tb/unvr-port-refs/build-out-71-fedora/modroot/lib/modules/7.1.8-dirty/kernel/drivers/watchdog/sp805_wdt.ko
  INSTALL /mnt/2tb/unvr-port-refs/build-out-71-fedora/modroot/lib/modules/7.1.8-dirty/kernel/drivers/mtd/parsers/ofpart.ko
  STRIP   /mnt/2tb/unvr-port-refs/build-out-71-fedora/modroot/lib/modules/7.1.8-dirty/kernel/drivers/mtd/parsers/ofpart.ko
  INSTALL /mnt/2tb/unvr-port-refs/build-out-71-fedora/modroot/lib/modules/7.1.8-dirty/kernel/drivers/mtd/chips/chipreg.ko
  STRIP   /mnt/2tb/unvr-port-refs/build-out-71-fedora/modroot/lib/modules/7.1.8-dirty/kernel/drivers/mtd/chips/chipreg.ko
  INSTALL /mnt/2tb/unvr-port-refs/build-out-71-fedora/modroot/lib/modules/7.1.8-dirty/kernel/drivers/mtd/nand/nandcore.ko
  STRIP   /mnt/2tb/unvr-port-refs/build-out-71-fedora/modroot/lib/modules/7.1.8-dirty/kernel/drivers/mtd/nand/nandcore.ko
  INSTALL /mnt/2tb/unvr-port-refs/build-out-71-fedora/modroot/lib/modules/7.1.8-dirty/kernel/drivers/mtd/mtd.ko
  STRIP   /mnt/2tb/unvr-port-refs/build-out-71-fedora/modroot/lib/modules/7.1.8-dirty/kernel/drivers/mtd/mtd.ko
  INSTALL /mnt/2tb/unvr-port-refs/build-out-71-fedora/modroot/lib/modules/7.1.8-dirty/kernel/drivers/mtd/spi-nor/spi-nor.ko
  STRIP   /mnt/2tb/unvr-port-refs/build-out-71-fedora/modroot/lib/modules/7.1.8-dirty/kernel/drivers/mtd/spi-nor/spi-nor.ko
  INSTALL /mnt/2tb/unvr-port-refs/build-out-71-fedora/modroot/lib/modules/7.1.8-dirty/kernel/net/rfkill/rfkill.ko
  STRIP   /mnt/2tb/unvr-port-refs/build-out-71-fedora/modroot/lib/modules/7.1.8-dirty/kernel/net/rfkill/rfkill.ko
  DEPMOD  /mnt/2tb/unvr-port-refs/build-out-71-fedora/modroot/lib/modules/7.1.8-dirty
make: Leaving directory '/mnt/2tb/unvr-port-refs/linux-v7.1.8'
+ make -C /mnt/2tb/unvr-port-refs/linux-v7.1.8 KDIR=/mnt/2tb/unvr-port-refs/linux-v7.1.8 M=/mnt/2tb/unvr-port-refs/build-out-71-fedora/al_eth -j32 modules
make: Entering directory '/mnt/2tb/unvr-port-refs/linux-v7.1.8'
make[1]: Entering directory '/mnt/2tb/unvr-port-refs/build-out-71-fedora/al_eth'
  CC [M]  al_eth_main.o
  CC [M]  al_eth_sysfs.o
  CC [M]  al_eth_group_lm.o
  CC [M]  al_hal_eth_kr.o
  CC [M]  al_hal_eth_main.o
  CC [M]  al_hal_iofic.o
  CC [M]  al_hal_serdes_25g.o
  CC [M]  al_hal_serdes_hssp.o
  CC [M]  al_hal_udma_config.o
  CC [M]  al_hal_udma_debug.o
  CC [M]  al_hal_udma_iofic.o
  CC [M]  al_hal_udma_main.o
  CC [M]  al_init_eth_kr.o
  CC [M]  al_init_eth_lm.o
  CC [M]  al_serdes.o
  CC [M]  alpine_group_lm.o
  CC [M]  alpine_serdes.o
In file included from /mnt/2tb/unvr-port-refs/linux-v7.1.8/include/asm-generic/bug.h:31,
                 from /mnt/2tb/unvr-port-refs/linux-v7.1.8/arch/arm64/include/asm/bug.h:26,
                 from /mnt/2tb/unvr-port-refs/linux-v7.1.8/include/linux/bug.h:5,
                 from /mnt/2tb/unvr-port-refs/linux-v7.1.8/include/linux/instrumented.h:10,
                 from /mnt/2tb/unvr-port-refs/linux-v7.1.8/include/linux/atomic/atomic-instrumented.h:17,
                 from /mnt/2tb/unvr-port-refs/linux-v7.1.8/include/linux/atomic.h:82,
                 from /mnt/2tb/unvr-port-refs/linux-v7.1.8/include/asm-generic/bitops/atomic.h:5,
                 from /mnt/2tb/unvr-port-refs/linux-v7.1.8/arch/arm64/include/asm/bitops.h:25,
                 from /mnt/2tb/unvr-port-refs/linux-v7.1.8/include/linux/bitops.h:67,
                 from /mnt/2tb/unvr-port-refs/linux-v7.1.8/include/linux/kernel.h:23,
                 from al_hal_plat_services.h:67,
                 from al_hal_common.h:48,
                 from al_hal_eth.h:52,
                 from al_hal_eth_main.c:44:
al_hal_eth_main.c: In function ‘al_eth_mdio_config’:
/mnt/2tb/unvr-port-refs/linux-v7.1.8/include/linux/printk.h:511:44: warning: this statement may fall through [-Wimplicit-fallthrough=]
  511 | #define printk(fmt, ...) printk_index_wrap(_printk, fmt, ##__VA_ARGS__)
      |                                            ^
/mnt/2tb/unvr-port-refs/linux-v7.1.8/include/linux/printk.h:483:17: note: in definition of macro ‘printk_index_wrap’
  483 |                 _p_func(_fmt, ##__VA_ARGS__);                           \
      |                 ^~~~~~~
/mnt/2tb/unvr-port-refs/linux-v7.1.8/include/linux/printk.h:554:9: note: in expansion of macro ‘printk’
  554 |         printk(KERN_ERR pr_fmt(fmt), ##__VA_ARGS__)
      |         ^~~~~~
al_hal_plat_services.h:118:41: note: in expansion of macro ‘pr_err’
  118 | #define al_err(...)                     pr_err(__VA_ARGS__)
      |                                         ^~~~~~
al_hal_eth_main.c:2424:25: note: in expansion of macro ‘al_err’
 2424 |                         al_err("eth [%s]: %s: invalid reference clock frequency"
      |                         ^~~~~~
al_hal_eth_main.c:2428:17: note: here
 2428 |                 case AL_ETH_REF_FREQ_375_MHZ:
      |                 ^~~~
  CC [M]  kcompat.o
  LD [M]  al_eth.o
  MODPOST Module.symvers
  CC [M]  al_eth.mod.o
  CC [M]  .module-common.o
  LD [M]  al_eth.ko
make[1]: Leaving directory '/mnt/2tb/unvr-port-refs/build-out-71-fedora/al_eth'
make: Leaving directory '/mnt/2tb/unvr-port-refs/linux-v7.1.8'
OOT al_eth: ok
+ make -C /mnt/2tb/unvr-port-refs/linux-v7.1.8 KDIR=/mnt/2tb/unvr-port-refs/linux-v7.1.8 M=/mnt/2tb/unvr-port-refs/build-out-71-fedora/al_dma -j32 modules
make: Entering directory '/mnt/2tb/unvr-port-refs/linux-v7.1.8'
make[1]: Entering directory '/mnt/2tb/unvr-port-refs/build-out-71-fedora/al_dma'
  CC [M]  al_dma_drv.o
  CC [M]  al_dma_sysfs.o
  CC [M]  al_hal_ssm.o
  CC [M]  al_hal_ssm_raid.o
  CC [M]  al_hal_m2m_udma.o
  CC [M]  al_hal_udma_main.o
  CC [M]  al_hal_udma_config.o
  CC [M]  al_hal_udma_debug.o
  LD [M]  al_dma.o
  MODPOST Module.symvers
  CC [M]  al_dma.mod.o
  CC [M]  .module-common.o
  LD [M]  al_dma.ko
make[1]: Leaving directory '/mnt/2tb/unvr-port-refs/build-out-71-fedora/al_dma'
make: Leaving directory '/mnt/2tb/unvr-port-refs/linux-v7.1.8'
OOT al_dma: ok
+ make -C /mnt/2tb/unvr-port-refs/linux-v7.1.8 KDIR=/mnt/2tb/unvr-port-refs/linux-v7.1.8 M=/mnt/2tb/unvr-port-refs/build-out-71-fedora/al_ssm -j32 modules
make: Entering directory '/mnt/2tb/unvr-port-refs/linux-v7.1.8'
make[1]: Entering directory '/mnt/2tb/unvr-port-refs/build-out-71-fedora/al_ssm'
  CC [M]  al_ssm_main.o
  CC [M]  al_hal_ssm.o
  CC [M]  al_hal_ssm_crypto.o
  CC [M]  al_hal_ssm_crypto_cfg.o
  CC [M]  al_hal_ssm_crc_memcpy.o
  CC [M]  al_hal_ssm_raid.o
  CC [M]  al_hal_udma_main.o
  CC [M]  al_hal_udma_config.o
  CC [M]  al_hal_udma_debug.o
  CC [M]  al_hal_udma_iofic.o
  CC [M]  al_hal_m2m_udma.o
  CC [M]  al_hal_iofic.o
  CC [M]  al_hal_unit_adapter.o
  LD [M]  al_ssm.o
  MODPOST Module.symvers
  CC [M]  al_ssm.mod.o
  CC [M]  .module-common.o
  LD [M]  al_ssm.ko
make[1]: Leaving directory '/mnt/2tb/unvr-port-refs/build-out-71-fedora/al_ssm'
make: Leaving directory '/mnt/2tb/unvr-port-refs/linux-v7.1.8'
OOT al_ssm: ok
+ make -C /mnt/2tb/unvr-port-refs/linux-v7.1.8 KDIR=/mnt/2tb/unvr-port-refs/linux-v7.1.8 M=/mnt/2tb/unvr-port-refs/build-out-71-fedora/al_sgpo -j32 modules
make: Entering directory '/mnt/2tb/unvr-port-refs/linux-v7.1.8'
make[1]: Entering directory '/mnt/2tb/unvr-port-refs/build-out-71-fedora/al_sgpo'
  CC [M]  al_sgpo.o
  MODPOST Module.symvers
  CC [M]  al_sgpo.mod.o
  CC [M]  .module-common.o
  LD [M]  al_sgpo.ko
make[1]: Leaving directory '/mnt/2tb/unvr-port-refs/build-out-71-fedora/al_sgpo'
make: Leaving directory '/mnt/2tb/unvr-port-refs/linux-v7.1.8'
OOT al_sgpo: ok
uImage: /mnt/2tb/unvr-port-refs/build-out-71-fedora/uImage-unvr-ea16-7.1-fedora (57854528 bytes, load/entry=0x08000000)
DONE. modroot: /mnt/2tb/unvr-port-refs/build-out-71-fedora/modroot ; uImage: /mnt/2tb/unvr-port-refs/build-out-71-fedora/uImage-unvr-ea16-7.1-fedora
TOTAL 43s
