11:33:19.401048+1000  INFO  [dev.py] run: /home/dan/opt/cpython-ft/bin/python3 /mnt/2tb/git/awto-unvr/scripts/build-linux-71-fedora.py
DTS shared-fact check OK: i2c@fd880000 [clock-frequency=100000, i2c-sda-hold-time-ns=300, i2c-ss-scl-hcnt-raw=2133, i2c-ss-scl-lcnt-raw=2827, i2c-fs-scl-hcnt-raw=413, i2c-fs-scl-lcnt-raw=800, i2c-hs-scl-hcnt-raw=243, i2c-hs-scl-lcnt-raw=408] match across 2 trees
+ /mnt/2tb/unvr-port-refs/linux-v7.1.8/scripts/config --file /mnt/2tb/unvr-port-refs/linux-v7.1.8/.config --enable ARCH_ALPINE --enable PCIE_AL --enable PCIE_AL_INTERNAL --enable EXPERT --enable GPIO_SYSFS --set-str INITRAMFS_SOURCE  --disable DEBUG_INFO_BTF --disable DEBUG_INFO_BTF_MODULES --disable MODULE_SIG --disable MODULE_SIG_ALL --disable MODULE_SIG_FORCE --disable SYSTEM_REVOCATION_KEYS --disable SECURITY_LOCKDOWN_LSM --enable DEVMEM --disable STRICT_DEVMEM --disable IO_STRICT_DEVMEM --enable MTD_SPI_NOR_USE_4K_SECTORS --enable DEBUG_INFO_NONE --disable WERROR --set-val MAGIC_SYSRQ_DEFAULT_ENABLE 1 --set-val PANIC_TIMEOUT 10
+ make -C /mnt/2tb/unvr-port-refs/linux-v7.1.8 LSMOD=/mnt/2tb/unvr-port-refs/build-out-71-fedora/woomera-lsmod.txt localmodconfig
make: Entering directory '/mnt/2tb/unvr-port-refs/linux-v7.1.8'
using config: '.config'
al_thermal config not found!
al_sgpo config not found!
al_eth config not found!
al_dma config not found!
System keyring enabled but keys "certs/rhel.pem" not found. Resetting keys to default value.
.config:13235:warning: override: reassigning to symbol SYSTEM_TRUSTED_KEYS
*
* Restart config...
*
*
* Scheduler features
*
Enable utilization clamping for RT/FAIR tasks (UCLAMP_TASK) [Y/n/?] y
  Number of supported utilization clamp buckets (UCLAMP_BUCKETS_COUNT) [5] 5
Proxy Execution (SCHED_PROXY_EXEC) [N/y/?] (NEW) 
Error in reading or end of file.

*
* GCC plugins
*
GCC plugins (GCC_PLUGINS) [Y/n/?] (NEW) 
Error in reading or end of file.

  Generate some entropy during boot and runtime (GCC_PLUGIN_LATENT_ENTROPY) [N/y/?] (NEW) 
Error in reading or end of file.

*
* GPIO Support
*
GPIO Support (GPIOLIB) [Y/?] y
  Maximum number of GPIOs for fast path (GPIOLIB_FASTPATH_LIMIT) [512] 512
  Debug GPIO calls (DEBUG_GPIO) [N/y/?] n
  /sys/class/gpio/... (sysfs interface) (GPIO_SYSFS) [Y/n/?] y
    Enable legacy functionalities of the sysfs interface (GPIO_SYSFS_LEGACY) [Y/n/?] (NEW) 
Error in reading or end of file.

  Character device (/dev/gpiochipN) support (GPIO_CDEV) [Y/?] y
    Support GPIO ABI Version 1 (GPIO_CDEV_V1) [Y/n/?] y
  *
  * PCI GPIO expanders
  *
  BT8XX GPIO abuser (GPIO_BT8XX) [N/m/y/?] (NEW) 
Error in reading or end of file.

  Mellanox BlueField SoC GPIO (GPIO_MLXBF) [N/m/y/?] n
  Mellanox BlueField 2 SoC GPIO (GPIO_MLXBF2) [N/m/y/?] n
  Mellanox BlueField 3 SoC GPIO (GPIO_MLXBF3) [N/m/y/?] n
  ACCES PCI-IDIO-16 GPIO support (GPIO_PCI_IDIO_16) [N/m/y/?] n
  ACCES PCIe-IDIO-24 GPIO support (GPIO_PCIE_IDIO_24) [N/m/y/?] n
  RDC R-321x GPIO support (GPIO_RDC321X) [N/m/y/?] n
*
* EDAC (Error Detection And Correction) reporting
*
EDAC (Error Detection And Correction) reporting (EDAC) [Y/n/m/?] y
  Debugging (EDAC_DEBUG) [N/y/?] n
  Output ACPI APEI/GHES BIOS detected errors via EDAC (EDAC_GHES) [Y/n/m/?] y
  EDAC scrub feature (EDAC_SCRUB) [Y/n/?] y
  EDAC ECS (Error Check Scrub) feature (EDAC_ECS) [Y/n/?] y
  EDAC memory repair feature (EDAC_MEM_REPAIR) [Y/n/?] y
  Amazon's Annapurna Lab Memory Controller (EDAC_AL_MC) [N/m/y/?] (NEW) 
Error in reading or end of file.

  Freescale Layerscape DDR (EDAC_LAYERSCAPE) [N/m/y/?] n
  Cavium ThunderX EDAC (EDAC_THUNDERX) [N/m/y/?] n
  Synopsys DDR Memory Controller (EDAC_SYNOPSYS) [N/m/y/?] n
  APM X-Gene SoC (EDAC_XGENE) [N/m/y/?] n
  Mellanox BlueField Memory ECC (EDAC_BLUEFIELD) [N/m/y/?] n
  ARM DMC-520 ECC (EDAC_DMC520) [N/m/y/?] n
  Xilinx ZynqMP OCM Controller (EDAC_ZYNQMP) [N/m/y/?] n
  Xilinx Versal DDR Memory Controller (EDAC_VERSAL) [N/m/y/?] n
  ARM Cortex A72 (EDAC_CORTEX_A72) [N/m/y/?] n
*
* Memory initialization
*
Initialize kernel stack variables at function entry
  1. no automatic stack variable initialization (weakest) (INIT_STACK_NONE)
  2. pattern-init everything (strongest) (INIT_STACK_ALL_PATTERN)
> 3. zero-init everything (strongest and safest) (INIT_STACK_ALL_ZERO)
choice[1-3?]: 3
Poison kernel stack before returning from syscalls (KSTACK_ERASE) [N/y/?] (NEW) 
Error in reading or end of file.

Enable heap memory zeroing on allocation by default (INIT_ON_ALLOC_DEFAULT_ON) [Y/n/?] y
Enable heap memory zeroing on free by default (INIT_ON_FREE_DEFAULT_ON) [N/y/?] n
Enable register zeroing on function exit (ZERO_CALL_USED_REGS) [N/y/?] n
*
* Kernel hardening options
*
Randomize layout of sensitive kernel structures
> 1. Disable structure layout randomization (RANDSTRUCT_NONE)
  2. Fully randomize structure layout (RANDSTRUCT_FULL) (NEW)
  3. Limit randomization of structure layout to cache-lines (RANDSTRUCT_PERFORMANCE) (NEW)
choice[1-3?]: 
Error in reading or end of file.
#
# configuration written to .config
#
make: Leaving directory '/mnt/2tb/unvr-port-refs/linux-v7.1.8'
trimmed to woomera's lsmod (30 modules)
+ make -C /mnt/2tb/unvr-port-refs/linux-v7.1.8 olddefconfig
make: Entering directory '/mnt/2tb/unvr-port-refs/linux-v7.1.8'
#
# No change to .config
#
make: Leaving directory '/mnt/2tb/unvr-port-refs/linux-v7.1.8'
configured: Fedora base + ARCH_ALPINE + PCIE_AL_INTERNAL confirmed
staged DTS/DTSI from repo dts/: alpine-v2-ubnt-unvr-ea16.dts, alpine-v2.dtsi
KVER=7.1.8-dirty
+ make -C /mnt/2tb/unvr-port-refs/linux-v7.1.8 -j32 Image dtbs modules
make: Entering directory '/mnt/2tb/unvr-port-refs/linux-v7.1.8'
  SYNC    include/config/auto.conf
  HOSTCC  scripts/selinux/mdp/mdp
  DTC     arch/arm64/boot/dts/amazon/alpine-v2-evp.dtb
  DTC     arch/arm64/boot/dts/amazon/alpine-v2-ubnt-unvr-ea16.dtb
  CC      arch/arm64/kernel/asm-offsets.s
  UPD     include/generated/asm-offsets.h
  CC      kernel/sched/rq-offsets.s
  CC      arch/arm64/kernel/vdso/vgettimeofday.o
  AS      arch/arm64/kernel/vdso/note.o
  AS      arch/arm64/kernel/vdso/sigreturn.o
  AS      arch/arm64/kernel/vdso/vgetrandom-chacha.o
  LD      arch/arm64/kernel/vdso/vdso.so.dbg
  VDSOSYM include/generated/vdso-offsets.h
  OBJCOPY arch/arm64/kernel/vdso/vdso.so
  CC      rust/helpers/helpers.o
  BINDGEN rust/bindings/bindings_generated.rs
  BINDGEN rust/bindings/bindings_helpers_generated.rs
  RUSTC P rust/libmacros.so
  BINDGEN rust/uapi/uapi_generated.rs
  RUSTC L rust/pin_init.o
  EXPORTS rust/exports_helpers_generated.h
  RUSTC L rust/uapi.o
  RUSTC L rust/bindings.o
  EXPORTS rust/exports_bindings_generated.h
  RUSTC L rust/kernel.o
  EXPORTS rust/exports_kernel_generated.h
  CC      certs/system_keyring.o
  CC      virt/lib/irqbypass.o
  CC      arch/arm64/net/bpf_jit_comp.o
  CC      arch/arm64/hyperv/hv_core.o
  AS      arch/arm64/lib/clear_page.o
  AR      drivers/char/ipmi/built-in.a
  CC      drivers/bus/hisi_lpc.o
  CC      drivers/phy/phy-core.o
  CC      arch/arm64/crypto/aes-ce-ccm-glue.o
  CC      drivers/pwm/core.o
  CC      net/devres.o
  CC      drivers/leds/led-core.o
  CC      init/main.o
  CC      drivers/leds/led-class.o
  CC      drivers/video/aperture.o
  CC      drivers/pinctrl/core.o
  CC      ipc/compat.o
  CC      drivers/gpio/gpiolib.o
  CC      arch/arm64/mm/dma-mapping.o
  HDRTEST usr/include/mtd/ubi-user.h
  CC      security/keys/gc.o
  CC      drivers/pci/access.o
  AS      arch/arm64/lib/clear_user.o
  CC      drivers/irqchip/irqchip.o
  CC      io_uring/io_uring.o
  CC      block/bdev.o
  HDRTEST usr/include/linux/bpf.h
  AS      arch/arm64/lib/copy_from_user.o
  CC      arch/arm64/kvm/hyp-constants.s
  CC      fs/open.o
  CC      arch/arm64/kernel/debug-monitors.o
  CC      crypto/api.o
  AS      arch/arm64/lib/copy_page.o
  CC      drivers/irqchip/irq-al-fic.o
  CC      lib/argv_split.o
  CC      kernel/fork.o
  AS      arch/arm64/lib/copy_to_user.o
  CC      mm/filemap.o
  CC      arch/arm64/lib/csum.o
  AS      certs/system_certificates.o
  CC      certs/blacklist.o
  CC      lib/bug.o
  AR      virt/lib/built-in.a
  CC      rust/exports.o
  AR      virt/built-in.a
  CC      arch/arm64/kvm/hyp/vhe/timer-sr.o
  CC      arch/arm64/lib/delay.o
  CC      arch/arm64/hyperv/mshyperv.o
  CC      drivers/gpio/gpiolib-devres.o
  CC      drivers/leds/led-triggers.o
  AR      rust/built-in.a
  AS      arch/arm64/crypto/aes-ce-ccm-core.o
  CC      drivers/phy/phy-core-mipi-dphy.o
  CC      arch/arm64/mm/extable.o
  CC      arch/arm64/crypto/aes-glue-ce.o
  CC      net/socket.o
  CC      drivers/video/screen_info_pci.o
  CC      ipc/util.o
  CC      security/keys/key.o
  CC      drivers/acpi/tables.o
  CC      drivers/bus/fsl-mc/fsl-mc-bus.o
  CC      drivers/pci/bus.o
  CC      drivers/irqchip/irq-alpine-msi.o
  AS      arch/arm64/kernel/entry.o
  CC      arch/arm64/crypto/aes-glue-neon.o
  CC      crypto/cipher.o
  CC      arch/arm64/kernel/irq.o
  AR      certs/built-in.a
  CC      drivers/pinctrl/pinctrl-utils.o
  CC      arch/arm64/lib/insn.o
  CC      arch/arm64/mm/fault.o
  CC      lib/buildid.o
  CC      mm/mempool.o
  CC      block/fops.o
  CC      security/commoncap.o
  AR      arch/arm64/hyperv/built-in.a
  CC      io_uring/opdef.o
  CC      arch/arm64/kvm/hyp/nvhe/timer-sr.nvhe.o
  CC      drivers/leds/leds-syscon.o
  CC      arch/arm64/kvm/hyp/vhe/sysreg-sr.o
  CC      drivers/phy/phy-xgene.o
  CC      fs/read_write.o
  CC      init/do_mounts.o
  CC      crypto/crypto_engine.o
  CC      drivers/leds/trigger/ledtrig-disk.o
  CC      drivers/pinctrl/pinmux.o
  CC      drivers/irqchip/irq-bcm2835.o
  CC      drivers/pci/probe.o
  CC      drivers/video/cmdline.o
  CC      drivers/pwm/pwm-stmpe.o
  CC      arch/arm64/kernel/fpsimd.o
  CC      drivers/bus/fsl-mc/mc-sys.o
  CC      drivers/acpi/osi.o
  CC [M]  arch/arm64/crypto/ghash-ce-glue.o
  CC      security/keys/keyring.o
  CC      drivers/pci/host-bridge.o
  CC      init/do_mounts_initrd.o
  CC      ipc/msgutil.o
  CC      lib/cpumask.o
  AS      arch/arm64/lib/memchr.o
  AS      arch/arm64/net/bpf_timed_may_goto.o
  AS      arch/arm64/lib/memcmp.o
  AR      arch/arm64/net/built-in.a
  AS      arch/arm64/lib/memcpy.o
  CC      drivers/leds/trigger/ledtrig-mtd.o
  CC      drivers/leds/trigger/ledtrig-cpu.o
  AS      arch/arm64/lib/memset.o
  CC      ipc/msg.o
  CC      block/bio.o
  AS      arch/arm64/lib/strchr.o
  AS      arch/arm64/lib/strcmp.o
  CC      drivers/pinctrl/pinconf.o
  CC      arch/arm64/mm/init.o
  CC      kernel/exec_domain.o
  CC      crypto/algapi.o
  CC      drivers/irqchip/irq-bcm2836.o
  CC      drivers/pwm/pwm-tegra.o
  AS      arch/arm64/lib/strlen.o
  CC      drivers/video/nomodeset.o
  CC      drivers/pci/remove.o
  AS      arch/arm64/lib/strncmp.o
  CC      drivers/phy/amlogic/phy-meson-g12a-usb2.o
  CC      drivers/bus/fsl-mc/mc-io.o
  CC      arch/arm64/kvm/hyp/nvhe/sysreg-sr.nvhe.o
  AS      arch/arm64/lib/strnlen.o
  CC      drivers/gpio/gpiolib-legacy.o
  CC      drivers/acpi/osl.o
  CC      lib/decompress_bunzip2.o
  AS      arch/arm64/lib/strrchr.o
  AS      arch/arm64/lib/tishift.o
  CC      arch/arm64/lib/uaccess_flushcache.o
  AS [M]  arch/arm64/crypto/ghash-ce-core.o
  CC      drivers/pinctrl/pinconf-generic.o
  CC      drivers/leds/trigger/ledtrig-panic.o
  AR      arch/arm64/crypto/built-in.a
  CC [M]  drivers/leds/trigger/ledtrig-default-on.o
  LD [M]  arch/arm64/crypto/ghash-ce.o
  AS      arch/arm64/mm/cache.o
  CC      mm/oom_kill.o
  CC      drivers/pnp/core.o
  CC      arch/arm64/kernel/entry-common.o
  CC      drivers/pnp/card.o
  CC      init/initramfs.o
  CC      drivers/video/hdmi.o
  CC      drivers/amba/bus.o
  CC      drivers/pnp/driver.o
  CC      drivers/pnp/resource.o
  CC      security/keys/keyctl.o
  AR      drivers/pwm/built-in.a
  CC      drivers/video/console/dummycon.o
  CC      arch/arm64/kvm/hyp/vhe/debug-sr.o
  CC      drivers/bus/fsl-mc/dpbp.o
  CC      io_uring/kbuf.o
  CC      fs/file_table.o
  CC      arch/arm64/kvm/hyp/vhe/switch.o
  CC      drivers/pci/pci.o
  CC      drivers/irqchip/irq-tegra.o
  CC      drivers/gpio/gpiolib-of.o
  AR      drivers/leds/trigger/built-in.a
  CC [M]  drivers/leds/leds-gpio.o
  CC      kernel/panic.o
  CC      net/core/sock.o
  AS      arch/arm64/lib/mte.o
  AR      arch/arm64/lib/lib.a
  AR      arch/arm64/lib/built-in.a
  CC      drivers/bus/qcom-ssc-block-bus.o
  CC      drivers/pinctrl/devicetree.o
  CC      arch/arm64/mm/copypage.o
  CC      lib/decompress_inflate.o
  CC      drivers/phy/amlogic/phy-meson-g12a-mipi-dphy-analog.o
  CC      lib/decompress_unlz4.o
  CC      ipc/sem.o
  CC      lib/decompress_unlzma.o
  CC      crypto/scatterwalk.o
  CC      crypto/proc.o
  AR      drivers/video/console/built-in.a
  CC      drivers/pinctrl/pinctrl-amd.o
  CC      drivers/acpi/utils.o
  CC      block/elevator.o
  CC      drivers/bus/fsl-mc/dpcon.o
  CC      drivers/video/logo/logo.o
  CC      arch/arm64/kvm/hyp/nvhe/debug-sr.nvhe.o
  CC      init/calibrate.o
  AR      drivers/leds/built-in.a
  CC      lib/decompress_unlzo.o
  AS      arch/arm64/kernel/entry-fpsimd.o
  CC      drivers/amba/tegra-ahb.o
  CC      arch/arm64/kvm/hyp/vhe/tlb.o
  CC      drivers/gpio/gpiolib-cdev.o
  CC      kernel/cpu.o
  CC      drivers/pci/pci-driver.o
  CC      drivers/irqchip/irq-sun6i-r.o
  CC      drivers/pnp/manager.o
  CC      io_uring/rsrc.o
  CC      drivers/gpio/gpiolib-sysfs.o
  CC      fs/super.o
  CC      arch/arm64/mm/flush.o
  CC      init/init_task.o
  CC      arch/arm64/kernel/process.o
  CC      arch/arm64/kvm/hyp/pgtable.o
  AR      drivers/video/logo/built-in.a
  CC      drivers/video/backlight/backlight.o
  CC      drivers/clk/clk-devres.o
  CC      net/core/skbuff.o
  CC      drivers/phy/amlogic/phy-meson-axg-mipi-pcie-analog.o
  CC      drivers/gpio/gpiolib-acpi-core.o
  CC      security/keys/permission.o
  CC      drivers/bus/fsl-mc/dprc.o
  CC      crypto/aead.o
  CC      lib/decompress_unxz.o
  CC      mm/fadvise.o
  CC      drivers/acpi/reboot.o
  AR      drivers/amba/built-in.a
  CC      net/core/datagram.o
  CC      drivers/pnp/support.o
  CC      block/blk-core.o
  CC      drivers/pinctrl/pinctrl-as3722.o
  CC      drivers/clk/clk-bulk.o
  CC      drivers/irqchip/irq-sunxi-nmi.o
  CC      arch/arm64/mm/ioremap.o
  CC      init/version.o
  AR      drivers/video/backlight/built-in.a
  CC      drivers/video/fbdev/core/fb_notify.o
  CC      arch/arm64/kvm/../../../virt/kvm/kvm_main.o
  CC      lib/decompress_unzstd.o
  CC      arch/arm64/kvm/hyp/nvhe/switch.nvhe.o
  CC      drivers/bus/fsl-mc/dprc-driver.o
  AR      drivers/phy/amlogic/built-in.a
  CC      drivers/phy/freescale/phy-fsl-imx8m-pcie.o
  CC      security/keys/process_keys.o
  CC      ipc/shm.o
  CC      drivers/video/fbdev/core/fb_info.o
  CC      drivers/pnp/interface.o
  CC      arch/arm64/kvm/hyp/vhe/../vgic-v3-sr.o
  CC      io_uring/notif.o
  CC      drivers/acpi/nvs.o
  CC      drivers/bus/sun50i-de2.o
  CC      drivers/clk/clkdev.o
  CC      crypto/geniv.o
  CC      mm/maccess.o
  CC      drivers/pci/search.o
  CC      arch/arm64/kernel/ptrace.o
  CC      arch/arm64/kvm/../../../virt/kvm/eventfd.o
  CC      drivers/pinctrl/pinctrl-max77620.o
  AR      init/built-in.a
  CC      arch/arm64/mm/mmap.o
  CC      drivers/clk/clk.o
  CC      drivers/gpio/gpiolib-acpi-quirks.o
  CC      fs/char_dev.o
  CC      drivers/irqchip/irq-gic.o
  CC      lib/dump_stack.o
  CC      block/blk-sysfs.o
  CC      arch/arm64/kvm/../../../virt/kvm/binary_stats.o
  CC      drivers/bus/fsl-mc/fsl-mc-allocator.o
  CC      drivers/pci/rebar.o
  CC      drivers/pnp/quirks.o
  CC      kernel/exit.o
  AR      drivers/phy/freescale/built-in.a
  CC      drivers/bus/fsl-mc/fsl-mc-msi.o
  CC      drivers/acpi/wakeup.o
  CC      security/lsm_syscalls.o
  CC      drivers/video/fbdev/core/fbmem.o
  CC      drivers/gpio/gpiolib-swnode.o
  CC      drivers/phy/qualcomm/phy-qcom-uniphy-pcie-28lp.o
  CC      arch/arm64/mm/pgd.o
  CC      security/keys/request_key.o
  CC      drivers/pinctrl/pinctrl-rockchip.o
  CC      drivers/pci/rom.o
  CC      io_uring/tctx.o
  CC      fs/stat.o
  CC      mm/page-writeback.o
  CC      crypto/lskcipher.o
  CC      lib/extable.o
  CC      arch/arm64/mm/mem_encrypt.o
  CC      ipc/syscall.o
  CC      mm/folio-compat.o
  CC      drivers/gpio/gpiolib-shared.o
  CC      crypto/skcipher.o
  CC      arch/arm64/kvm/hyp/nvhe/tlb.nvhe.o
  CC      crypto/bpf_crypto_skcipher.o
  CC      drivers/pnp/system.o
  CC      drivers/pinctrl/pinctrl-scmi.o
  CC      drivers/irqchip/irq-gic-common.o
  CC      drivers/bus/fsl-mc/dpmcp.o
  CC      drivers/acpi/device_sysfs.o
  CC      drivers/pinctrl/pinctrl-single.o
  CC      block/blk-flush.o
  CC      drivers/clk/clk-divider.o
  CC      arch/arm64/kvm/hyp/vhe/../aarch32.o
  AR      drivers/phy/qualcomm/built-in.a
  CC      drivers/phy/rockchip/phy-rockchip-pcie.o
  CC      arch/arm64/kvm/hyp/vhe/../vgic-v2-cpuif-proxy.o
  CC      lib/flex_proportions.o
  CC      arch/arm64/kernel/setup.o
  CC      drivers/pci/setup-res.o
  CC      arch/arm64/mm/mmu.o
  CC      drivers/video/fbdev/core/fbcmap.o
  CC      security/keys/request_key_auth.o
  AS      arch/arm64/kvm/hyp/vhe/../entry.o
  CC      io_uring/filetable.o
  CC      drivers/pnp/pnpacpi/core.o
  CC      kernel/softirq.o
  CC      ipc/ipc_sysctl.o
  CC      drivers/bus/fsl-mc/obj-api.o
  CC      drivers/irqchip/irq-gic-pm.o
  CC      block/blk-settings.o
  CC      drivers/gpio/gpio-mmio.o
  AS      arch/arm64/kvm/hyp/nvhe/hyp-init.nvhe.o
  CC      lib/idr.o
  CC      fs/exec.o
  CC      drivers/bus/simple-pm-bus.o
  CC      net/compat.o
  CC      drivers/clk/clk-fixed-factor.o
  CC      drivers/acpi/device_pm.o
  CC      drivers/pci/irq.o
  CC      ipc/mqueue.o
  AR      drivers/phy/rockchip/built-in.a
  AS      arch/arm64/kvm/hyp/nvhe/host.nvhe.o
  CC      drivers/phy/tegra/phy-tegra194-p2u.o
  CC      crypto/seqiv.o
  CC      ipc/namespace.o
  CC      drivers/pinctrl/pinctrl-zynqmp.o
  CC      ipc/mq_sysctl.o
  CC      arch/arm64/kvm/hyp/nvhe/hyp-main.nvhe.o
  CC      arch/arm64/mm/context.o
  CC      arch/arm64/kernel/signal.o
  CC      security/keys/user_defined.o
  CC      lib/iomem_copy.o
  CC      drivers/bus/fsl-mc/fsl-mc-uapi.o
  CC      drivers/video/fbdev/core/modedb.o
  CC      drivers/pnp/pnpacpi/rsparser.o
  CC      drivers/irqchip/irq-msi-lib.o
  CC      net/core/stream.o
  CC      io_uring/rw.o
  CC      mm/readahead.o
  AS      arch/arm64/kvm/hyp/vhe/../fpsimd.o
  CC      drivers/bus/ti-sysc.o
  CC      security/min_addr.o
  AS      arch/arm64/kvm/hyp/vhe/../hyp-entry.o
  CC      arch/arm64/kvm/hyp/vhe/../exception.o
  CC      drivers/gpio/gpio-max77620.o
  CC      net/ethernet/eth.o
  CC      block/blk-ioc.o
  CC      drivers/pci/vpd.o
  CC      drivers/dma/dmaengine.o
  CC      drivers/clk/clk-fixed-rate.o
  CC      lib/irq_regs.o
  CC      crypto/ahash.o
  CC      fs/pipe.o
  CC      crypto/shash.o
  CC      security/keys/compat.o
  CC      drivers/irqchip/irq-gic-v2m.o
  AR      drivers/phy/tegra/built-in.a
  AR      drivers/bus/fsl-mc/built-in.a
  CC      kernel/resource.o
  CC      drivers/bus/vexpress-config.o
  AR      drivers/phy/built-in.a
  CC      drivers/pinctrl/bcm/pinctrl-bcm2835.o
  CC      lib/is_single_threaded.o
  CC      arch/arm64/kvm/hyp/nvhe/hyp-smp.nvhe.o
  CC      drivers/pinctrl/bcm/pinctrl-brcmstb.o
  CC      drivers/acpi/bus.o
  CC      drivers/acpi/glue.o
  AS      arch/arm64/mm/proc.o
  CC      drivers/video/fbdev/core/fbcvt.o
  AR      drivers/pnp/pnpacpi/built-in.a
  AR      drivers/pnp/built-in.a
  CC      drivers/gpio/gpio-mpc8xxx.o
  CC      drivers/gpio/gpio-mvebu.o
  CC      arch/arm64/mm/pageattr.o
  CC      mm/swap.o
  CC      drivers/clk/clk-gate.o
  CC      io_uring/poll.o
  CC      lib/klist.o
  CC      net/core/scm.o
  CC      drivers/pci/setup-bus.o
  CC      block/blk-map.o
  AR      ipc/built-in.a
  CC      arch/arm64/kvm/hyp/vhe/../vgic-v5-sr.o
  CC      arch/arm64/kvm/../../../virt/kvm/vfio.o
  CC      kernel/sysctl.o
  CC      drivers/irqchip/irq-gic-v3.o
  CC      security/keys/compat_dh.o
  CC      security/security.o
  CC      drivers/pinctrl/bcm/pinctrl-brcmstb-bcm2712.o
  AR      drivers/bus/built-in.a
  CC      crypto/akcipher.o
  CC      drivers/gpio/gpio-pca953x.o
  CC      lib/kobject.o
  CC      net/802/fc.o
  CC      drivers/dma/virt-dma.o
  CC      arch/arm64/kernel/sys.o
  AR      net/ethernet/built-in.a
  CC      drivers/pci/vc.o
  CC      drivers/clk/clk-multiplier.o
  CC      block/blk-merge.o
  CC      drivers/video/fbdev/efifb.o
  CC      drivers/video/fbdev/core/fb_cmdline.o
  CC      drivers/video/fbdev/core/fb_backlight.o
  CC      arch/arm64/kvm/hyp/nvhe/psci-relay.nvhe.o
  CC      drivers/irqchip/irq-gic-v3-mbi.o
  CC      kernel/capability.o
  CC      arch/arm64/mm/fixmap.o
  CC      mm/truncate.o
  CC      fs/namei.o
  CC      drivers/acpi/scan.o
  AR      drivers/pinctrl/bcm/built-in.a
  CC      drivers/pinctrl/cix/pinctrl-sky1-base.o
  CC      security/lsm_notifier.o
  CC      security/keys/proc.o
  CC      lib/kobject_uevent.o
  AR      arch/arm64/kvm/hyp/vhe/built-in.a
  CC      drivers/clk/clk-mux.o
  CC      net/core/gen_stats.o
  CC      net/sched/sch_generic.o
  CC      drivers/pci/mmap.o
  CC      drivers/dma/acpi-dma.o
  CC      drivers/clk/clk-composite.o
  CC      crypto/sig.o
  CC      drivers/clk/clk-fractional-divider.o
  CC      arch/arm64/kvm/hyp/nvhe/early_alloc.nvhe.o
  CC      arch/arm64/kernel/stacktrace.o
  CC      drivers/irqchip/irq-gic-its-msi-parent.o
  CC      drivers/video/fbdev/core/fbmon.o
  AR      net/802/built-in.a
  CC      arch/arm64/mm/contpte.o
  CC      io_uring/tw.o
  CC      arch/arm64/kernel/time.o
  CC      drivers/gpio/gpio-pl061.o
  CC      arch/arm64/kvm/../../../virt/kvm/coalesced_mmio.o
  CC      drivers/pinctrl/cix/pinctrl-sky1.o
  CC      security/keys/sysctl.o
  CC      security/lsm_init.o
  CC      drivers/pinctrl/freescale/pinctrl-imx.o
  CC      block/blk-timeout.o
  CC      kernel/ptrace.o
  CC      net/sched/sch_mq.o
  CC      drivers/soc/fsl/qbman/bman_ccsr.o
  CC      mm/vmscan.o
  CC      net/core/gen_estimator.o
  CC      arch/arm64/kernel/traps.o
  CC      drivers/pci/devres.o
  CC      drivers/pci/msi/pcidev_msi.o
  CC      drivers/clk/clk-gpio.o
  CC      drivers/dma/of-dma.o
  CC      drivers/pci/pcie/portdrv.o
  AR      drivers/pinctrl/cix/built-in.a
  CC      drivers/pci/pwrctrl/core.o
  CC      drivers/acpi/mipi-disco-img.o
  CC      drivers/video/fbdev/core/fb_defio.o
  CC      security/keys/persistent.o
  CC      crypto/kpp.o
  CC      drivers/irqchip/irq-gic-v3-its.o
  CC      net/netlink/af_netlink.o
  CC      lib/logic_pio.o
  CC      drivers/soc/fsl/qbman/qman_ccsr.o
  CC      drivers/gpio/gpio-rockchip.o
  CC      block/blk-lib.o
  CC      io_uring/wait.o
  CC      drivers/pci/msi/api.o
  CC      arch/arm64/mm/hugetlbpage.o
  CC      drivers/pinctrl/freescale/pinctrl-imx-scmi.o
  CC      arch/arm64/kvm/hyp/nvhe/page_alloc.nvhe.o
  CC      fs/fcntl.o
  CC      drivers/pinctrl/freescale/pinctrl-imx8mm.o
  CC      kernel/user.o
  CC      drivers/clk/clk-conf.o
  CC      drivers/pci/pcie/rcec.o
  CC      drivers/dma/mv_xor.o
  CC      mm/shrinker.o
  CC      net/core/net_namespace.o
  CC      drivers/pmdomain/amlogic/meson-ee-pwrc.o
  CC      drivers/soc/fsl/rcpm.o
  CC      security/keys/dh.o
  CC      drivers/pci/pwrctrl/generic.o
  CC      arch/arm64/kernel/io.o
  CC      lib/maple_tree.o
  CC      drivers/pmdomain/amlogic/meson-secure-pwrc.o
  CC      security/keys/keyctl_pkey.o
  CC      drivers/acpi/resource.o
  CC      drivers/pinctrl/freescale/pinctrl-imx8mn.o
  CC      net/sched/sch_frag.o
  CC      crypto/dh.o
  CC      drivers/video/fbdev/core/fbcon.o
  CC      drivers/pci/msi/msi.o
  CC      drivers/soc/fsl/qbman/bman_portal.o
  CC      drivers/clk/clk-max77686.o
  CC      kernel/signal.o
  CC      block/blk-mq.o
  CC      drivers/gpio/gpio-stmpe.o
  CC      arch/arm64/kernel/vdso.o
  CC      drivers/pci/pcie/bwctrl.o
  CC      drivers/gpio/gpio-tegra186.o
  CC      arch/arm64/mm/ptdump.o
  CC      drivers/pinctrl/freescale/pinctrl-imx8mp.o
  CC      net/netlink/genetlink.o
  CC      drivers/pinctrl/meson/pinctrl-meson.o
  CC      security/inode.o
  AR      drivers/pci/pwrctrl/built-in.a
  AS      arch/arm64/kvm/hyp/nvhe/cache.nvhe.o
  CC      arch/arm64/mm/trans_pgd.o
  CC      fs/ioctl.o
  CC      arch/arm64/kvm/hyp/nvhe/setup.nvhe.o
  AR      drivers/pmdomain/amlogic/built-in.a
  CC      io_uring/eventfd.o
  CC      drivers/pmdomain/apple/pmgr-pwrstate.o
  CC      security/keys/big_key.o
  CC      crypto/dh_helper.o
  CC      security/selinux/avc.o
  CC      drivers/acpi/acpi_processor.o
  CC      drivers/dma/mv_xor_v2.o
  CC      drivers/soc/fsl/qbman/qman_portal.o
  CC      drivers/pinctrl/freescale/pinctrl-imx8mq.o
  CC      drivers/clk/clk-plldig.o
  CC      arch/arm64/kvm/hyp/nvhe/mm.nvhe.o
  AS      arch/arm64/kernel/hyp-stub.o
  CC      drivers/pci/msi/irqdomain.o
  CC      arch/arm64/kernel/psci.o
  CC      net/core/secure_seq.o
  CC      crypto/rsa.o
  CC      drivers/soc/fsl/qbman/bman.o
  CC      net/sched/sch_api.o
  CC      drivers/pci/pcie/aspm.o
  CC      drivers/pinctrl/meson/pinctrl-meson8-pmx.o
  CC      drivers/gpio/gpio-tegra.o
  AR      drivers/pmdomain/apple/built-in.a
  CC      drivers/pci/pcie/aer.o
  CC      io_uring/uring_cmd.o
  CC      drivers/pmdomain/arm/scmi_perf_domain.o
  AS      arch/arm64/mm/trans_pgd-asm.o
  CC      drivers/pinctrl/meson/pinctrl-meson-gxbb.o
  CC      arch/arm64/mm/mteswap.o
  CC      fs/readdir.o
  CC      drivers/pinctrl/freescale/pinctrl-imx8ulp.o
  CC      drivers/acpi/processor_core.o
  CC      security/keys/trusted-keys/trusted_core.o
  CC      drivers/dma/mxs-dma.o
  CC      drivers/clk/clk-qoriq.o
  CC      drivers/irqchip/irq-gic-v4.o
  CC      net/bpf/test_run.o
  CC      arch/arm64/kernel/cpu_ops.o
  CC      drivers/video/fbdev/core/bitblit.o
  CC      crypto/rsa_helper.o
  AR      drivers/pci/msi/built-in.a
  CC      drivers/pmdomain/arm/scmi_pm_domain.o
  CC      security/keys/trusted-keys/trusted_tpm1.o
  CC      net/netfilter/core.o
  CC      net/ethtool/ioctl.o
  CC      net/netlink/policy.o
  CC      drivers/soc/fsl/qbman/qman.o
  CC      drivers/pinctrl/meson/pinctrl-meson-gxl.o
  CC      drivers/gpio/gpio-vf610.o
  CC      net/netfilter/nf_log.o
  CC      drivers/pinctrl/freescale/pinctrl-imx91.o
  CC      crypto/rsa-pkcs1pad.o
  CC      net/core/flow_dissector.o
  CC      arch/arm64/mm/gcs.o
  CC      security/selinux/hooks.o
  CC      arch/arm64/kvm/../../../virt/kvm/irqchip.o
  CC      io_uring/openclose.o
  CC      arch/arm64/kvm/hyp/nvhe/mem_protect.nvhe.o
  CC      drivers/irqchip/irq-gic-v3-its-fsl-mc-msi.o
  CC      drivers/acpi/ec.o
  CC      block/blk-mq-tag.o
  CC      arch/arm64/kernel/return_address.o
  CC      drivers/pci/pcie/err.o
  CC      drivers/dma/sh/rz-dmac.o
  AR      drivers/pmdomain/arm/built-in.a
  CC      drivers/pmdomain/bcm/bcm2835-power.o
  CC      drivers/clk/clk-scmi.o
  CC      fs/select.o
  CC      drivers/pinctrl/meson/pinctrl-meson-axg-pmx.o
  CC      drivers/video/fbdev/core/softcursor.o
  CC      drivers/pinctrl/freescale/pinctrl-imx93.o
  CC      kernel/sys.o
  CC      drivers/gpio/gpio-xgene.o
  CC      net/netlink/diag.o
  CC      security/keys/trusted-keys/trusted_tpm2.o
  CC      net/sched/sch_blackhole.o
  CC      crypto/rsassa-pkcs1.o
  CC      crypto/ecdsa.o
  CC      drivers/irqchip/irq-gic-v5.o
  AR      arch/arm64/mm/built-in.a
  CC      arch/arm64/kernel/cpuinfo.o
  CC      mm/shmem.o
  CC      drivers/clk/clk-si521xx.o
  CC      drivers/clk/clk-xgene.o
  CC      io_uring/sqpoll.o
  CC      drivers/pinctrl/meson/pinctrl-meson-axg.o
  CC      drivers/pci/pcie/tlp.o
  CC      drivers/pmdomain/bcm/raspberrypi-power.o
  CC      kernel/umh.o
  AR      drivers/pinctrl/freescale/built-in.a
  CC      net/netfilter/nf_queue.o
  CC      arch/arm64/kernel/cpu_errata.o
  CC      block/blk-mq-dma.o
  CC      drivers/gpio/gpio-zynqmp-modepin.o
  CC      drivers/video/fbdev/core/tileblit.o
  CC      drivers/soc/fsl/qbman/dpaa_sys.o
  CC      net/netfilter/nf_sockopt.o
  AR      drivers/dma/sh/built-in.a
  CC      crypto/ecdsa-x962.o
  CC      drivers/dma/tegra20-apb-dma.o
  CC      drivers/acpi/dock.o
  CC      lib/memcat_p.o
  CC      net/bpf/bpf_dummy_struct_ops.o
  CC      net/sched/cls_api.o
  AR      net/netlink/built-in.a
  CC      net/netfilter/utils.o
  CC      drivers/acpi/pci_root.o
  AR      drivers/pmdomain/bcm/built-in.a
  AR      security/keys/trusted-keys/built-in.a
  CC      drivers/pmdomain/imx/gpcv2.o
  CC      security/keys/encrypted-keys/encrypted.o
  CC      drivers/pinctrl/meson/pinctrl-meson-g12a.o
  CC      crypto/ecdsa-p1363.o
  CC      net/core/sysctl_net_core.o
  CC      drivers/pci/pcie/pme.o
  CC      drivers/acpi/pci_link.o
  CC      drivers/clk/bcm/clk-bcm2835.o
  CC      lib/nmi_backtrace.o
  CC      net/ethtool/common.o
  CC      arch/arm64/kernel/cpufeature.o
  AR      drivers/gpio/built-in.a
  CC      net/sched/act_api.o
  CC      fs/dcache.o
  CC      arch/arm64/kvm/hyp/nvhe/sys_regs.nvhe.o
  AR      drivers/soc/fsl/qbman/built-in.a
  AR      drivers/soc/fsl/built-in.a
  CC      drivers/pci/proc.o
  CC      drivers/soc/fujitsu/a64fx-diag.o
  CC      drivers/irqchip/irq-gic-v5-irs.o
  CC      arch/arm64/kvm/../../../virt/kvm/dirty_ring.o
  CC      block/blk-stat.o
  CC      drivers/video/fbdev/core/fbcon_rotate.o
  CC      crypto/acompress.o
  CC      drivers/pinctrl/meson/pinctrl-meson-a1.o
  CC      block/blk-mq-sysfs.o
  CC      block/blk-mq-cpumap.o
  CC      security/selinux/selinuxfs.o
  CC      kernel/workqueue.o
  CC      drivers/pci/pcie/dpc.o
  CC      io_uring/xattr.o
  CC      drivers/pmdomain/imx/imx8m-blk-ctrl.o
  CC      drivers/clk/bcm/clk-bcm2835-aux.o
  CC      lib/objpool.o
  AR      net/bpf/built-in.a
  CC      io_uring/nop.o
  CC      security/keys/encrypted-keys/masterkey_trusted.o
  CC      drivers/acpi/pci_irq.o
  CC      mm/util.o
  AR      drivers/soc/fujitsu/built-in.a
  CC      drivers/soc/imx/soc-imx8m.o
  CC      drivers/pinctrl/meson/pinctrl-meson-s4.o
  CC      drivers/pinctrl/meson/pinctrl-amlogic-a4.o
  CC      net/netfilter/nf_bpf_link.o
  CC      drivers/dma/qcom/bam_dma.o
  CC      net/core/dev.o
  CC      drivers/video/fbdev/core/fbcon_cw.o
  CC      security/lsm_audit.o
  CC      drivers/pinctrl/mvebu/pinctrl-mvebu.o
  CC      net/ethtool/netlink.o
  CC      drivers/pinctrl/mvebu/pinctrl-armada-ap806.o
  CC      drivers/irqchip/irq-gic-v5-its.o
  CC      drivers/clk/bcm/clk-raspberrypi.o
  CC      lib/radix-tree.o
  CC      block/blk-mq-sched.o
  CC      crypto/scompress.o
  CC      drivers/pci/pcie/ptm.o
  CC      arch/arm64/kvm/hyp/nvhe/pkvm.nvhe.o
  CC      drivers/pmdomain/imx/imx8mp-blk-ctrl.o
  AR      drivers/soc/imx/built-in.a
  CC      drivers/virtio/virtio.o
  AR      security/keys/encrypted-keys/built-in.a
  CC      io_uring/fs.o
  AR      security/keys/built-in.a
  CC      drivers/acpi/acpi_apd.o
  CC      drivers/soc/amlogic/meson-gx-socinfo.o
  CC      net/sched/sch_fifo.o
  CC      kernel/pid.o
  CC      fs/inode.o
  CC      net/ethtool/bitset.o
  CC      drivers/pinctrl/mvebu/pinctrl-armada-cp110.o
  CC      arch/arm64/kernel/alternative.o
  CC      drivers/regulator/core.o
  CC      net/ipv4/route.o
  AR      drivers/clk/bcm/built-in.a
  CC      drivers/pinctrl/meson/pinctrl-amlogic-c3.o
  CC      drivers/clk/hisilicon/clk.o
  CC      net/netfilter/x_tables.o
  CC      drivers/regulator/dummy.o
  CC      drivers/video/fbdev/core/fbcon_ud.o
  CC      drivers/pinctrl/meson/pinctrl-amlogic-t7.o
  AR      drivers/dma/qcom/built-in.a
  AR      drivers/dma/built-in.a
  CC      mm/mmzone.o
  CC      drivers/pci/pci-sysfs.o
  CC      security/selinux/netlink.o
  AR      drivers/soc/amlogic/built-in.a
  CC      drivers/pci/pcie/edr.o
  CC      drivers/soc/qcom/qcom-geni-se.o
  AR      drivers/pmdomain/imx/built-in.a
  CC      drivers/pmdomain/qcom/rpmhpd.o
  CC      drivers/acpi/acpi_platform.o
  CC      lib/ratelimit.o
  CC      block/ioctl.o
  CC      crypto/algboss.o
  CC      drivers/virtio/virtio_ring.o
  CC      drivers/pinctrl/mvebu/pinctrl-armada-37xx.o
  CC      drivers/virtio/virtio_anchor.o
  CC      io_uring/splice.o
  CC      arch/arm64/kvm/hyp/nvhe/stacktrace.nvhe.o
  CC      net/sched/sch_fq_codel.o
  CC      lib/rbtree.o
  CC      drivers/irqchip/irq-gic-v5-iwb.o
  CC      kernel/task_work.o
  CC      arch/arm64/kernel/cacheinfo.o
  CC      drivers/clk/hisilicon/clkgate-separated.o
  CC      mm/vmstat.o
  AR      drivers/pinctrl/meson/built-in.a
  CC      fs/attr.o
  CC      net/ipv4/inetpeer.o
  AR      drivers/pmdomain/qcom/built-in.a
  CC      drivers/pmdomain/renesas/rcar-sysc.o
  CC      net/xfrm/xfrm_policy.o
  CC      net/ethtool/strset.o
  AR      drivers/pci/pcie/built-in.a
  CC      lib/seq_buf.o
  CC      net/core/dev_api.o
  CC      drivers/video/fbdev/core/fbcon_ccw.o
  CC      drivers/acpi/acpi_pnp.o
  CC      security/selinux/nlmsgtab.o
  CC      net/unix/af_unix.o
  CC      drivers/reset/core.o
  CC      drivers/soc/qcom/cmd-db.o
  CC      io_uring/sync.o
  CC      drivers/pinctrl/mvebu/pinctrl-ac5.o
  CC      drivers/clk/hisilicon/clkdivider-hi6220.o
  CC      arch/arm64/kvm/hyp/nvhe/ffa.nvhe.o
  CC      arch/arm64/kernel/smp.o
  CC      crypto/testmgr.o
  CC      drivers/irqchip/irq-mbigen.o
  CC      io_uring/msg_ring.o
  CC      block/genhd.o
  CC      kernel/extable.o
  CC      drivers/pci/slot.o
  CC      lib/siphash.o
  AR      drivers/pmdomain/renesas/built-in.a
  CC      drivers/pmdomain/rockchip/pm-domains.o
  CC      io_uring/advise.o
  CC      fs/bad_inode.o
  CC      drivers/acpi/power.o
  CC      drivers/clk/hisilicon/clk-hisi-phase.o
  AR      drivers/pinctrl/mvebu/built-in.a
  CC      net/netfilter/xt_tcpudp.o
  CC      drivers/pinctrl/nxp/pinctrl-s32cc.o
  CC      drivers/soc/qcom/qcom_gsbi.o
  CC      drivers/pinctrl/nxp/pinctrl-s32g2.o
  CC      net/sched/cls_cgroup.o
  CC      drivers/video/fbdev/core/fb_logo.o
  CC      kernel/params.o
  CC      security/selinux/netif.o
  CC      arch/arm64/kvm/../../../virt/kvm/guest_memfd.o
  CC      net/ethtool/linkinfo.o
  CC      drivers/irqchip/irq-renesas-irqc.o
  CC      lib/string.o
  CC      drivers/reset/amlogic/reset-meson-aux.o
  CC      fs/file.o
  CC      drivers/pci/pci-acpi.o
  CC      drivers/virtio/virtio_pci_modern_dev.o
  CC      mm/backing-dev.o
  CC      drivers/clk/hisilicon/clk-hi3559a.o
  CC      net/ipv4/protocol.o
  CC      io_uring/statx.o
  CC      arch/arm64/kernel/smp_spin_table.o
  CC      drivers/soc/qcom/rpmh-rsc.o
  CC      drivers/tty/tty_io.o
  CC      mm/mm_init.o
  CC      lib/sys_info.o
  AR      drivers/pmdomain/rockchip/built-in.a
  CC      drivers/regulator/fixed-helper.o
  CC      drivers/pmdomain/tegra/powergate-bpmp.o
  CC      drivers/acpi/event.o
  CC      block/ioprio.o
  CC      arch/arm64/kvm/hyp/nvhe/../vgic-v3-sr.nvhe.o
  AR      drivers/pinctrl/nxp/built-in.a
  CC      drivers/irqchip/irq-renesas-rzg2l.o
  CC      drivers/pinctrl/qcom/pinctrl-msm.o
  CC      drivers/reset/amlogic/reset-meson-common.o
  CC      arch/arm64/kvm/arm.o
  CC      drivers/video/fbdev/core/cfbfillrect.o
  CC      crypto/cmac.o
  CC      net/sched/ematch.o
  CC      net/ethtool/linkmodes.o
  CC      kernel/kthread.o
  CC      drivers/clk/hisilicon/clk-hi3660.o
  CC      drivers/virtio/virtio_pci_legacy_dev.o
  CC      arch/arm64/kernel/topology.o
  CC      fs/filesystems.o
  CC      net/netfilter/nf_hooks_lwtunnel.o
  CC      io_uring/timeout.o
  CC      security/selinux/netnode.o
  CC      lib/timerqueue.o
  CC      drivers/pci/iomap.o
  CC      net/unix/garbage.o
  AR      drivers/pmdomain/tegra/built-in.a
  CC      net/ipv4/ip_input.o
  CC      drivers/regulator/helpers.o
  CC      drivers/pmdomain/ti/ti_sci_pm_domains.o
  AR      drivers/reset/amlogic/built-in.a
  CC      drivers/reset/tegra/reset-bpmp.o
  CC      lib/vsprintf.o
  CC      net/unix/sysctl_net_unix.o
  CC      drivers/acpi/evged.o
  CC      block/badblocks.o
  CC      crypto/hmac.o
  CC      drivers/soc/qcom/rpmh.o
  CC      drivers/clk/hisilicon/clk-hi3670.o
  CC      drivers/irqchip/irq-renesas-rzt2h.o
  CC      lib/win_minmax.o
  CC      drivers/virtio/virtio_pci_modern.o
  CC      drivers/video/fbdev/core/cfbcopyarea.o
  CC      mm/percpu.o
  CC      drivers/pinctrl/qcom/pinctrl-eliza.o
  AR      drivers/pmdomain/ti/built-in.a
  CC      drivers/pmdomain/xilinx/zynqmp-pm-domains.o
  CC      net/xfrm/xfrm_state.o
  CC      net/ethtool/rss.o
  AS      arch/arm64/kernel/smccc-call.o
  AR      drivers/reset/tegra/built-in.a
  CC      fs/namespace.o
  CC      drivers/reset/reset-brcmstb.o
  AR      net/sched/built-in.a
  CC      drivers/pci/of.o
  CC      arch/arm64/kernel/syscall.o
  AR      net/netfilter/built-in.a
  CC      drivers/pmdomain/core.o
  CC      io_uring/cancel.o
  CC      drivers/clk/imx/clk.o
  CC      net/xfrm/xfrm_hash.o
  CC      drivers/clk/hisilicon/clk-hi6220.o
  CC      kernel/nsproxy.o
  CC      drivers/tty/n_tty.o
  CC      arch/arm64/kvm/hyp/nvhe/../aarch32.nvhe.o
  CC      drivers/acpi/sysfs.o
  CC      drivers/regulator/devres.o
  CC      security/selinux/netport.o
  CC      drivers/soc/qcom/spm.o
  CC      crypto/crypto_null.o
  CC      block/partitions/core.o
  CC      net/ipv4/ip_fragment.o
  CC      net/unix/unix_bpf.o
  CC      drivers/pinctrl/qcom/pinctrl-glymur.o
  AR      drivers/pmdomain/xilinx/built-in.a
  CC      drivers/irqchip/irq-renesas-rzv2h.o
  CC      drivers/regulator/irq_helpers.o
  CC      drivers/reset/reset-brcmstb-rescal.o
  CC      drivers/regulator/of_regulator.o
  CC      drivers/clk/hisilicon/reset.o
  CC      drivers/virtio/virtio_pci_common.o
  CC      drivers/clk/imx/clk-busy.o
  CC      net/ethtool/linkstate.o
  CC      arch/arm64/kernel/proton-pack.o
  CC      drivers/video/fbdev/core/cfbimgblt.o
  CC      drivers/pci/quirks.o
  CC      net/core/dev_addr_lists.o
  CC      drivers/pinctrl/qcom/pinctrl-msm8916.o
  CC      crypto/md5.o
  CC      drivers/acpi/property.o
  AR      drivers/soc/qcom/built-in.a
  CC      drivers/regulator/fixed.o
  CC      drivers/soc/renesas/renesas-soc.o
  CC      net/ethtool/debug.o
  CC      io_uring/waitid.o
  CC      drivers/reset/reset-imx7.o
  CC      kernel/nstree.o
  CC      block/partitions/aix.o
  CC      drivers/clk/imx/clk-composite-7ulp.o
  CC      arch/arm64/kvm/hyp/nvhe/../vgic-v2-cpuif-proxy.nvhe.o
  CC      drivers/clk/hisilicon/clk-hi6220-stub.o
  CC      security/selinux/status.o
  CC      arch/arm64/kvm/mmu.o
  CC      drivers/irqchip/irq-xilinx-intc.o
  CC      drivers/tty/tty_ioctl.o
  CC      drivers/pinctrl/qcom/pinctrl-qcs8300.o
  CC      drivers/virtio/virtio_pci_legacy.o
  CC      net/ipv4/ip_forward.o
  CC      net/unix/diag.o
  CC      drivers/pmdomain/governor.o
  CC      lib/xarray.o
  CC      crypto/sha1.o
  CC      net/psp/psp_main.o
  CC      drivers/clk/imx/clk-composite-8m.o
  CC      drivers/irqchip/irq-bcm2712-mip.o
  CC      drivers/video/fbdev/core/fb_io_fops.o
  CC      drivers/clk/hisilicon/clk-hi3660-stub.o
  CC      arch/arm64/kernel/idle.o
  CC      drivers/soc/renesas/r9a08g045-sysc.o
  CC      security/selinux/initcalls.o
  CC      drivers/regulator/scmi-regulator.o
  CC      drivers/reset/reset-qcom-aoss.o
  CC      mm/slab_common.o
  CC      security/selinux/ss/ebitmap.o
  CC      io_uring/register.o
  CC      block/partitions/mac.o
  CC      net/ethtool/wol.o
  CC      drivers/pinctrl/qcom/pinctrl-spmi-gpio.o
  CC      drivers/acpi/debugfs.o
  CC      net/core/dst.o
  CC      security/selinux/ss/hashtab.o
  CC      drivers/tty/tty_ldisc.o
  AR      drivers/pmdomain/built-in.a
  AR      drivers/virtio/built-in.a
  CC      kernel/nscommon.o
  CC      fs/seq_file.o
  CC      kernel/notifier.o
  CC      drivers/clk/imx/clk-composite-93.o
  CC      drivers/soc/renesas/r9a08g046-sysc.o
  CC      block/blk-rq-qos.o
  CC      crypto/sha256.o
  AR      drivers/clk/hisilicon/built-in.a
  CC      mm/compaction.o
  AS      arch/arm64/kvm/hyp/nvhe/../entry.nvhe.o
  CC      drivers/reset/reset-raspberrypi.o
  AS      arch/arm64/kvm/hyp/nvhe/../fpsimd.nvhe.o
  CC      arch/arm64/kernel/patching.o
  CC      net/xfrm/xfrm_input.o
  AS      arch/arm64/kvm/hyp/nvhe/../hyp-entry.nvhe.o
  CC      arch/arm64/kvm/hyp/nvhe/../exception.nvhe.o
  AR      net/unix/built-in.a
  CC      drivers/pci/hotplug/pci_hotplug_core.o
  CC      net/psp/psp_nl.o
  CC      crypto/sha512.o
  CC      drivers/regulator/fan53555.o
  CC      drivers/video/fbdev/core/sysfillrect.o
  CC      drivers/irqchip/irq-brcmstb-l2.o
  CC      block/partitions/ldm.o
  CC      drivers/pci/ats.o
  CC      drivers/acpi/acpi_lpat.o
  CC      lib/sort.o
  CC      drivers/soc/renesas/r9a09g056-sys.o
  CC      drivers/pinctrl/qcom/pinctrl-spmi-mpp.o
  CC      drivers/clk/imx/clk-fracn-gppll.o
  CC      net/ipv4/ip_options.o
  CC      drivers/pci/iov.o
  CC      net/ethtool/features.o
  CC      drivers/reset/reset-scmi.o
  CC      arch/arm64/kvm/mmio.o
  CC      io_uring/truncate.o
  CC      drivers/tty/tty_buffer.o
  CC      net/core/netevent.o
  CC      lib/parser.o
  CC      security/selinux/ss/symtab.o
  CC      fs/xattr.o
  CC      arch/arm64/kernel/pi/idreg-override.o
  CC      kernel/ksysfs.o
  CC      crypto/sha3.o
  CC      arch/arm64/kernel/pi/map_kernel.o
  CC      drivers/pci/hotplug/acpi_pcihp.o
  CC      drivers/irqchip/irq-imx-gpcv2.o
  CC      drivers/soc/renesas/r9a09g057-sys.o
  CC      security/selinux/ss/sidtab.o
  CC      security/yama/yama_lsm.o
  CC      drivers/clk/imx/clk-cpu.o
  CC      security/tomoyo/audit.o
  CC      drivers/acpi/acpi_fpdt.o
  CC      drivers/clk/imx/clk-divider-gate.o
  CC      drivers/regulator/gpio-regulator.o
  CC      drivers/reset/reset-simple.o
  CC      lib/random32.o
  CC      drivers/pinctrl/qcom/pinctrl-sa8775p.o
  CC      drivers/video/fbdev/core/syscopyarea.o
  CC      drivers/tty/tty_port.o
  CC      block/partitions/msdos.o
  CC      kernel/cred.o
  CC      security/selinux/ss/avtab.o
  CC      drivers/clk/imx/clk-fixup-div.o
  CC      io_uring/memmap.o
  CC      block/partitions/of.o
  CC      net/core/neighbour.o
  CC      crypto/blake2b.o
  CC      lib/bust_spinlocks.o
  CC      arch/arm64/kvm/hyp/nvhe/../pgtable.nvhe.o
  CC      arch/arm64/kernel/pi/map_range.o
  CC      drivers/soc/renesas/pwc-rzv2m.o
  CC      net/ethtool/privflags.o
  CC      net/ethtool/rings.o
  CC      net/psp/psp_sock.o
  CC      net/xfrm/xfrm_output.o
  CC      crypto/ecb.o
  CC      net/ipv4/ip_output.o
  CC      drivers/pci/hotplug/pciehp_core.o
  CC      drivers/reset/reset-sky1.o
  CC      drivers/irqchip/irq-mvebu-gicp.o
  CC      drivers/pinctrl/qcom/pinctrl-sc7180.o
  CC      drivers/acpi/irq.o
  CC      drivers/regulator/max77620-regulator.o
  AR      security/yama/built-in.a
  CC      drivers/acpi/prmt.o
  CC      drivers/clk/imx/clk-fixup-mux.o
  CC      drivers/pinctrl/renesas/core.o
  CC      drivers/tty/tty_mutex.o
  CC      lib/kasprintf.o
  CC      fs/libfs.o
  CC      io_uring/alloc_cache.o
  CC      crypto/cbc.o
  CC      security/tomoyo/common.o
  CC      drivers/video/fbdev/core/sysimgblt.o
  CC      arch/arm64/kernel/pi/relocate.o
  CC      drivers/pinctrl/qcom/pinctrl-sc7280.o
  CC      drivers/soc/renesas/rcar-rst.o
  CC      drivers/reset/reset-sunxi.o
  CC      drivers/char/mem.o
  CC      drivers/irqchip/irq-mvebu-icu.o
  CC      block/partitions/osf.o
  CC      drivers/soc/rockchip/grf.o
  CC      drivers/clk/imx/clk-frac-pll.o
  CC      kernel/reboot.o
  CC      security/selinux/ss/policydb.o
  CC      block/partitions/sgi.o
  CC      drivers/pci/hotplug/pciehp_ctrl.o
  CC      net/psp/psp-nl-gen.o
  CC      lib/bitmap.o
  CC      drivers/clk/keystone/sci-clk.o
  CC      mm/show_mem.o
  CC      drivers/acpi/acpi_pcc.o
  CC      net/ethtool/channels.o
  CC      drivers/soc/renesas/rz-sysc.o
  CC      crypto/cts.o
  CC      arch/arm64/kernel/pi/kaslr_early.o
  CC      drivers/tty/tty_ldsem.o
  CC      drivers/regulator/qcom-rpmh-regulator.o
  CC      drivers/pinctrl/qcom/pinctrl-sc8180x.o
  CC      arch/arm64/kvm/hyp/nvhe/../vgic-v5-sr.nvhe.o
  CC      drivers/pinctrl/renesas/pinctrl.o
  CC      io_uring/query.o
  CC      security/device_cgroup.o
  CC      net/xfrm/xfrm_sysctl.o
  CC      drivers/reset/reset-zynqmp.o
  CC      drivers/clk/imx/clk-gate2.o
  AR      drivers/soc/rockchip/built-in.a
  CC      block/disk-events.o
  CC      drivers/irqchip/irq-mvebu-odmi.o
  OBJCOPY arch/arm64/kernel/pi/idreg-override.pi.o
  OBJCOPY arch/arm64/kernel/pi/map_kernel.pi.o
  OBJCOPY arch/arm64/kernel/pi/map_range.pi.o
  OBJCOPY arch/arm64/kernel/pi/relocate.pi.o
  OBJCOPY arch/arm64/kernel/pi/kaslr_early.pi.o
  AR      arch/arm64/kernel/pi/built-in.a
  CC      arch/arm64/kernel/rsi.o
  CC      drivers/video/fbdev/core/fb_sys_fops.o
  CC      block/partitions/sun.o
  CC      drivers/acpi/acpi_ffh.o
  AR      drivers/clk/keystone/built-in.a
  CC      drivers/pci/hotplug/pciehp_pci.o
  CC      arch/arm64/kvm/psci.o
  CC      net/ipv6/af_inet6.o
  CC      drivers/char/random.o
  AR      drivers/soc/renesas/built-in.a
  CC      drivers/tty/tty_baudrate.o
  CC      lib/scatterlist.o
  CC      drivers/soc/sunxi/sunxi_mbus.o
  AR      net/psp/built-in.a
  CC      net/ipv4/ip_sockglue.o
  CC      drivers/pinctrl/qcom/pinctrl-sc8280xp.o
  CC      kernel/async.o
  CC      crypto/xts.o
  AR      drivers/reset/built-in.a
  CC      net/ipv6/anycast.o
  CC      fs/fs-writeback.o
  CC      mm/interval_tree.o
  CC      drivers/regulator/pwm-regulator.o
  CC      drivers/clk/imx/clk-gate-93.o
  CC      net/ethtool/coalesce.o
  CC      drivers/clk/imx/clk-gate-exclusive.o
  AS      arch/arm64/kvm/hyp/nvhe/../../../kernel/smccc-call.nvhe.o
  CC      drivers/pinctrl/renesas/pinctrl-rzg2l.o
  AS      arch/arm64/kvm/hyp/nvhe/../../../lib/clear_page.nvhe.o
  AS      arch/arm64/kvm/hyp/nvhe/../../../lib/copy_page.nvhe.o
  CC      io_uring/loop.o
  AS      arch/arm64/kvm/hyp/nvhe/../../../lib/memcpy.nvhe.o
  AS      arch/arm64/kvm/hyp/nvhe/../../../lib/memset.nvhe.o
  CC      net/ipv6/ip6_output.o
  CC      arch/arm64/kernel/sys32.o
  CC      drivers/irqchip/irq-mvebu-pic.o
  AS      arch/arm64/kvm/hyp/nvhe/../../../lib/tishift.nvhe.o
  LD      arch/arm64/kvm/hyp/nvhe/kvm_nvhe.tmp.o
  HYPREL  arch/arm64/kvm/hyp/nvhe/hyp-reloc.S
  AS      arch/arm64/kvm/hyp/nvhe/hyp-reloc.o
  CC      drivers/tty/tty_jobctrl.o
  LD      arch/arm64/kvm/hyp/nvhe/kvm_nvhe.rel.o
  CC      net/core/rtnetlink.o
  CC      block/partitions/efi.o
  HYPCOPY arch/arm64/kvm/hyp/nvhe/kvm_nvhe.o
  AR      arch/arm64/kvm/hyp/nvhe/built-in.a
  CC      drivers/pinctrl/qcom/pinctrl-x1e80100.o
  AR      arch/arm64/kvm/hyp/built-in.a
  CC      drivers/char/misc.o
  CC      net/xfrm/xfrm_replay.o
  CC      security/tomoyo/condition.o
  AR      drivers/video/fbdev/core/built-in.a
  CC      drivers/soc/sunxi/sunxi_sram.o
  AR      drivers/video/fbdev/built-in.a
  CC      drivers/pci/pci-bridge-emul.o
  AR      drivers/video/built-in.a
  CC      drivers/pci/hotplug/pciehp_hpc.o
  CC      drivers/pci/pci-label.o
  CC      kernel/smpboot.o
  CC      drivers/acpi/acpica/dsargs.o
  CC      arch/arm64/kernel/signal32.o
  CC      drivers/clk/imx/clk-pfd.o
  CC      crypto/ctr.o
  CC      security/selinux/ss/services.o
  AR      drivers/regulator/built-in.a
  CC      drivers/soc/tegra/fuse/fuse-tegra.o
  CC      mm/list_lru.o
  CC      lib/iov_iter.o
  CC      drivers/acpi/acpica/dscontrol.o
  CC      arch/arm64/kvm/hypercalls.o
  AR      drivers/pinctrl/qcom/built-in.a
  CC      drivers/soc/tegra/fuse/fuse-tegra30.o
  CC      drivers/soc/tegra/fuse/tegra-apbmisc.o
  CC      drivers/irqchip/irq-mvebu-sei.o
  CC      io_uring/zcrx.o
  CC      drivers/tty/n_null.o
  CC      drivers/acpi/acpica/dsdebug.o
  CC      drivers/clk/imx/clk-pfdv2.o
  CC      kernel/ucount.o
  AR      drivers/soc/sunxi/built-in.a
  CC      drivers/char/virtio_console.o
  CC      net/ipv4/inet_hashtables.o
  CC      net/ethtool/pause.o
  CC      drivers/pci/hotplug/acpiphp_core.o
  CC      net/core/utils.o
  AR      block/partitions/built-in.a
  AR      drivers/soc/tegra/cbb/built-in.a
  CC      block/blk-ia-ranges.o
  CC      security/tomoyo/domain.o
  CC      crypto/gcm.o
  CC      drivers/acpi/pci_mcfg.o
  CC      security/tomoyo/environ.o
  CC      drivers/soc/tegra/fuse/speedo-tegra124.o
  CC      drivers/acpi/acpica/dsfield.o
  CC      drivers/tty/pty.o
  CC      arch/arm64/kvm/pvtime.o
  CC      security/selinux/ss/conditional.o
  CC      net/xfrm/xfrm_device.o
  CC      drivers/clk/imx/clk-pllv1.o
  CC      kernel/regset.o
  CC      net/ipv4/inet_timewait_sock.o
  CC      net/ethtool/eee.o
  CC      drivers/soc/tegra/common.o
  CC      drivers/irqchip/irq-ls-extirq.o
  CC      mm/workingset.o
  CC      arch/arm64/kernel/sys_compat.o
  CC      drivers/pci/hotplug/acpiphp_glue.o
  CC      drivers/acpi/acpica/dsinit.o
  CC      block/early-lookup.o
  CC      drivers/soc/ti/k3-socinfo.o
  CC      drivers/soc/tegra/fuse/speedo-tegra210.o
  CC      drivers/clk/imx/clk-pllv2.o
  CC      kernel/ksyms_common.o
  CC      crypto/ccm.o
  CC      net/core/link_watch.o
  CC      kernel/groups.o
  CC      drivers/pci/syscall.o
  CC      net/packet/af_packet.o
  CC      drivers/tty/tty_audit.o
  CC      drivers/acpi/acpica/dsmethod.o
  CC      drivers/clk/meson/meson-clkc-utils.o
  CC      drivers/char/hw_random/core.o
  CC      security/tomoyo/file.o
  CC      net/ipv6/ip6_input.o
  CC      net/xfrm/xfrm_nat_keepalive.o
  CC      drivers/clk/imx/clk-pllv3.o
  CC      drivers/irqchip/irq-ls-scfg-msi.o
  AR      drivers/soc/ti/built-in.a
  CC      arch/arm64/kvm/inject_fault.o
  CC      drivers/pci/pci-stub.o
  CC      fs/pnode.o
  CC      arch/arm64/kernel/ftrace.o
  CC      block/bsg.o
  AR      drivers/soc/tegra/fuse/built-in.a
  CC      drivers/soc/tegra/flowctrl.o
  CC      net/ethtool/tsinfo.o
  CC      mm/debug.o
  CC      lib/bsearch.o
  CC      io_uring/io-wq.o
  CC      drivers/pci/hotplug/octep_hp.o
  AR      net/dsa/built-in.a
  CC      crypto/cryptd.o
  CC      security/selinux/ss/mls.o
  CC      drivers/acpi/acpica/dsmthdat.o
  CC      drivers/pci/ecam.o
  CC      drivers/acpi/ac.o
  CC      net/ipv4/inet_connection_sock.o
  CC      drivers/clk/meson/meson-aoclk.o
  CC      drivers/tty/sysrq.o
  CC      net/core/filter.o
  CC      drivers/clk/imx/clk-pllv4.o
  CC      kernel/sched/core.o
  CC      drivers/iommu/arm/arm-smmu/qcom_iommu.o
  CC      drivers/char/hw_random/virtio-rng.o
  CC      fs/splice.o
  CC      security/tomoyo/gc.o
  CC      drivers/iommu/arm/arm-smmu-v3/arm-smmu-v3.o
  CC      net/xfrm/xfrm_proc.o
  CC      drivers/acpi/acpica/dsobject.o
  CC      drivers/soc/tegra/pmc.o
  AS      arch/arm64/kernel/entry-ftrace.o
  CC      lib/lwq.o
  CC      drivers/irqchip/qcom-irq-combiner.o
  CC      arch/arm64/kernel/module.o
  CC      block/bsg-lib.o
  AR      drivers/pci/hotplug/built-in.a
  CC      security/tomoyo/group.o
  CC      drivers/clk/meson/clk-cpu-dyndiv.o
  CC      drivers/clk/imx/clk-pll14xx.o
  CC      mm/gup.o
  CC      lib/kfifo.o
  CC      drivers/pci/p2pdma.o
  CC      net/xfrm/xfrm_algo.o
  CC      crypto/aes.o
  CC      arch/arm64/kvm/va_layout.o
  CC      net/ethtool/cabletest.o
  CC      drivers/acpi/acpica/dsopcode.o
  CC      security/selinux/ss/context.o
  CC      kernel/locking/mutex.o
  CC      drivers/char/hw_random/histb-rng.o
  CC      drivers/iommu/arm/arm-smmu/arm-smmu.o
  CC      drivers/irqchip/irq-sni-exiu.o
  CC      io_uring/futex.o
  CC      drivers/tty/vt/vt_ioctl.o
  CC      net/ipv6/addrconf.o
  CC      arch/arm64/kernel/module-plts.o
  CC      drivers/pinctrl/renesas/pinctrl-rzt2h.o
  CC      drivers/acpi/acpica/dspkginit.o
  CC      drivers/clk/meson/clk-dualdiv.o
  AR      drivers/iommu/iommufd/built-in.a
  CC      net/xfrm/xfrm_user.o
  CC      drivers/clk/imx/clk-sscg-pll.o
  CC      block/blk-cgroup.o
  CC      net/ipv4/tcp.o
  CC      crypto/deflate.o
  CC      lib/percpu-refcount.o
  CC      drivers/char/hw_random/arm_smccc_trng.o
  CC      security/tomoyo/load_policy.o
  CC      drivers/pci/vgaarb.o
  CC      drivers/acpi/acpica/dsutils.o
  CC      fs/sync.o
  CC      security/selinux/xfrm.o
  CC      drivers/soc/tegra/ari-tegra186.o
  CC      net/packet/diag.o
  CC      security/bpf/hooks.o
  CC      net/ethtool/tunnels.o
  CC      net/ethtool/fec.o
  CC      drivers/clk/meson/clk-mpll.o
  CC      arch/arm64/kvm/handle_exit.o
  CC      arch/arm64/kernel/perf_regs.o
  AR      drivers/gpu/host1x/built-in.a
  CC      drivers/irqchip/irq-meson-gpio.o
  CC      io_uring/epoll.o
  CC      drivers/clk/imx/clk-gpr-mux.o
  AR      drivers/char/hw_random/built-in.a
  CC      drivers/char/tpm/tpm-chip.o
  CC      drivers/gpu/drm/drm_atomic.o
  CC      drivers/pinctrl/renesas/pinctrl-rzv2m.o
  CC      crypto/crc32c.o
  CC      drivers/acpi/acpica/dswexec.o
  AR      drivers/soc/tegra/built-in.a
  CC      drivers/soc/xilinx/zynqmp_power.o
  CC      lib/rhashtable.o
  CC      drivers/tty/vt/vc_screen.o
  CC      kernel/locking/semaphore.o
  CC      drivers/clk/imx/clk-imx8mm.o
  CC      fs/utimes.o
  CC      security/tomoyo/memory.o
  CC      mm/mmap_lock.o
  CC      arch/arm64/kernel/perf_callchain.o
  CC      drivers/clk/meson/clk-phase.o
  AR      security/bpf/built-in.a
  CC      drivers/connector/cn_queue.o
  CC      io_uring/napi.o
  CC      crypto/authenc.o
  CC      drivers/pci/doe.o
  CC      drivers/irqchip/qcom-pdc.o
  CC      drivers/acpi/acpica/dswload.o
  AR      net/packet/built-in.a
  CC      drivers/iommu/arm/arm-smmu/arm-smmu-impl.o
  CC      arch/arm64/kernel/watchdog_hld.o
  CC      block/blk-cgroup-rwstat.o
  CC      drivers/irqchip/irq-imx-irqsteer.o
  CC      net/ethtool/eeprom.o
  CC      security/selinux/netlabel.o
  CC      drivers/iommu/arm/arm-smmu-v3/arm-smmu-v3-sva.o
  CC      drivers/char/tpm/tpm-dev-common.o
  CC      drivers/soc/xilinx/xlnx_event_manager.o
  CC      drivers/tty/vt/selection.o
  AR      drivers/pinctrl/renesas/built-in.a
  CC      drivers/pinctrl/sunxi/pinctrl-sunxi.o
  CC      kernel/locking/rwsem.o
  CC      drivers/acpi/acpica/dswload2.o
  CC      lib/once.o
  CC      drivers/gpu/drm/drm_atomic_uapi.o
  CC      drivers/clk/meson/clk-pll.o
  CC      drivers/clk/meson/clk-regmap.o
  CC      fs/d_path.o
  CC      drivers/clk/imx/clk-imx8mn.o
  AR      net/xfrm/built-in.a
  CC      fs/stack.o
  CC      block/blk-throttle.o
  CC      fs/fs_struct.o
  CC      arch/arm64/kernel/hw_breakpoint.o
  CC      drivers/irqchip/irq-imx-intmux.o
  CC      drivers/iommu/arm/arm-smmu/arm-smmu-nvidia.o
  CC      arch/arm64/kvm/config.o
  CC      drivers/acpi/acpica/dswscope.o
  CC      drivers/pci/of_property.o
  CC      crypto/authencesn.o
  CC      security/tomoyo/mount.o
  CC      drivers/connector/connector.o
  CC      lib/rcuref.o
  CC      drivers/iommu/arm/arm-smmu-v3/tegra241-cmdqv.o
  AR      drivers/soc/xilinx/built-in.a
  CC      mm/vma_init.o
  AR      drivers/soc/built-in.a
  CC      net/ethtool/stats.o
  CC      drivers/char/tpm/tpm-dev.o
  CC      drivers/tty/vt/keyboard.o
  CC      drivers/clk/imx/clk-imx8mp.o
  CC      security/tomoyo/network.o
  CC      io_uring/net.o
  CC      kernel/locking/percpu-rwsem.o
  CC      lib/usercopy.o
  CC      security/tomoyo/realpath.o
  CC      drivers/acpi/acpica/dswstate.o
  CC      drivers/clk/meson/sclk-div.o
  CC      security/selinux/ima.o
  CC      drivers/irqchip/irq-ti-sci-intr.o
  CC      drivers/irqchip/irq-apple-aic.o
  CC      net/ipv6/addrlabel.o
  CC      drivers/pinctrl/sunxi/pinctrl-sunxi-dt.o
  CC      drivers/iommu/arm/arm-smmu/arm-smmu-qcom.o
  CC      fs/statfs.o
  CC      lib/bucket_locks.o
  CC      drivers/gpu/drm/drm_auth.o
  CC      net/ipv4/tcp_input.o
  CC      net/ipv4/tcp_output.o
  AS      arch/arm64/kernel/sleep.o
  CC      drivers/pci/npem.o
  CC      arch/arm64/kernel/suspend.o
  CC      drivers/char/tpm/tpm-interface.o
  CC      drivers/acpi/acpica/evevent.o
  CC      kernel/locking/spinlock.o
  CC      mm/highmem.o
  CC      drivers/acpi/acpica/evgpe.o
  CC      crypto/lzo.o
  CC      drivers/connector/cn_proc.o
  CC      drivers/clk/imx/clk-imx8mp-audiomix.o
  CC      drivers/clk/meson/vid-pll-div.o
  CC      block/blk-ioprio.o
  AR      drivers/iommu/arm/arm-smmu-v3/built-in.a
  CC      net/ipv4/tcp_timer.o
  CC      arch/arm64/kernel/kgdb.o
  CC      lib/generic-radix-tree.o
  CC      drivers/iommu/iommu.o
  CC      net/ethtool/phc_vclocks.o
  CC      drivers/pinctrl/sunxi/pinctrl-sun50i-a64.o
  AR      security/selinux/built-in.a
  CC      net/core/sock_diag.o
  CC      drivers/acpi/acpica/evgpeblk.o
  CC      kernel/sched/fair.o
  CC      net/core/dev_ioctl.o
  CC      security/tomoyo/securityfs_if.o
  CC      drivers/gpu/drm/drm_blend.o
  CC      mm/memory.o
  CC      kernel/locking/osq_lock.o
  CC      fs/fs_pin.o
  CC      drivers/tty/vt/vt.o
  CC      drivers/pci/tph.o
  AR      drivers/iommu/arm/arm-smmu/built-in.a
  CC      crypto/lzo-rle.o
  CC      drivers/clk/meson/vclk.o
  AR      drivers/iommu/arm/built-in.a
  CC      drivers/iommu/iommu-pages.o
  AR      drivers/irqchip/built-in.a
  CC      drivers/clk/imx/clk-imx8mq.o
  CC      kernel/locking/qspinlock.o
  CC      net/ipv6/route.o
  CC      drivers/char/tpm/tpm1-cmd.o
  CC      drivers/acpi/acpica/evgpeinit.o
  CC      drivers/pinctrl/sunxi/pinctrl-sun50i-a64-r.o
  CC      io_uring/cmd_net.o
  CC      drivers/pinctrl/sunxi/pinctrl-sun50i-a100.o
  CC      lib/bitmap-str.o
  CC      block/blk-iolatency.o
  CC      drivers/pinctrl/tegra/pinctrl-tegra.o
  CC      crypto/xxhash_generic.o
  CC      arch/arm64/kernel/efi.o
  AR      drivers/connector/built-in.a
  CC      fs/nsfs.o
  CC      drivers/acpi/acpica/evgpeutil.o
  CC      drivers/base/component.o
  CC      net/ethtool/mm.o
  CC      arch/arm64/kvm/guest.o
  CC      drivers/gpu/drm/drm_bridge.o
  CC      drivers/clk/meson/axg.o
  CC      io_uring/fdinfo.o
  CC      drivers/tty/hvc/hvc_console.o
  CC      drivers/pinctrl/sunxi/pinctrl-sun50i-a100-r.o
  CC      drivers/pinctrl/sunxi/pinctrl-sun8i-h3.o
  CC      kernel/locking/rtmutex_api.o
  CC      drivers/acpi/acpica/evglock.o
  CC      lib/string_helpers.o
  CC      drivers/pci/controller/cadence/pcie-cadence-hpa.o
  CC      drivers/clk/mvebu/armada_ap_cp_helper.o
  CC      security/tomoyo/tomoyo.o
  CC      crypto/842.o
  CC      drivers/char/tpm/tpm2-cmd.o
  CC      net/ethtool/module.o
  CC      drivers/clk/imx/clk-imx93.o
  CC      net/core/tso.o
  AS      arch/arm64/kernel/efi-rt-wrapper.o
  CC      drivers/pinctrl/tegra/pinctrl-tegra124.o
  CC      arch/arm64/kernel/pci.o
  CC      drivers/base/core.o
  CC      drivers/acpi/acpica/evhandler.o
  CC      drivers/pci/controller/pci-hyperv-intf.o
  CC      drivers/pinctrl/sunxi/pinctrl-sun8i-h3-r.o
  CC      net/ipv6/ip6_fib.o
  CC      drivers/clk/meson/axg-aoclk.o
  CC      drivers/iommu/iommu-traces.o
  CC      block/blk-iocost.o
  CC      io_uring/bpf_filter.o
  CC      fs/fs_dirent.o
  CC      drivers/clk/mvebu/armada-37xx-xtal.o
  AR      drivers/tty/hvc/built-in.a
  CC      crypto/rng.o
  CC      drivers/acpi/button.o
  CC      net/can/af_can.o
  CC      drivers/clk/imx/clk-imx8ulp.o
  CC      drivers/gpu/drm/drm_cache.o
  CC      drivers/pinctrl/tegra/pinctrl-tegra210.o
  CC      drivers/pci/controller/cadence/pcie-cadence.o
  CC      drivers/acpi/acpica/evmisc.o
  CC      drivers/pinctrl/sunxi/pinctrl-sun20i-d1.o
  CC      fs/fs_context.o
  CC      lib/kstrtox.o
  CC      kernel/locking/qrwlock.o
  CC      arch/arm64/kernel/armv8_deprecated.o
  CC      arch/arm64/kernel/acpi.o
  CC      drivers/char/tpm/tpmrm-dev.o
  CC      drivers/clk/meson/axg-audio.o
  CC      drivers/tty/vt/consolemap.o
  CC      drivers/clk/mvebu/armada-37xx-tbg.o
  CC      security/tomoyo/util.o
  CC      net/ethtool/cmis_fw_update.o
  CC      drivers/acpi/acpica/evregion.o
  CC      arch/arm64/kvm/debug.o
  CC      net/can/proc.o
  CC      net/core/sock_reuseport.o
  CC      lib/test-kstrtox.o
  CC      drivers/pinctrl/sunxi/pinctrl-sun50i-h5.o
  CC      drivers/pinctrl/tegra/pinctrl-tegra186.o
  CC      drivers/iommu/iommu-sysfs.o
  CC      drivers/gpu/drm/drm_color_mgmt.o
  CC      drivers/clk/meson/c3-pll.o
  AR      kernel/locking/built-in.a
  CC      kernel/sched/build_policy.o
  CC      drivers/clk/imx/clk-imx8ulp-sim-lpav.o
  CC      crypto/drbg.o
  CC      arch/arm64/kernel/acpi_numa.o
  CC      drivers/pci/controller/cadence/pcie-cadence-host-common.o
  CC      drivers/char/tpm/tpm2-space.o
  CC      drivers/acpi/acpica/evrgnini.o
  AR      io_uring/built-in.a
  CC      drivers/clk/mvebu/armada-37xx-periph.o
  CC      security/landlock/setup.o
  CC      fs/fs_parser.o
  CC      drivers/pinctrl/sunxi/pinctrl-sun50i-h6.o
  CC      security/ipe/digest.o
  CC      security/ipe/eval.o
  AR      lib/kunit/built-in.a
  CC      drivers/pinctrl/sunxi/pinctrl-sun50i-h6-r.o
  CC      drivers/pinctrl/tegra/pinctrl-tegra194.o
  CC      lib/math/rational.o
  CC      drivers/iommu/dma-iommu.o
  AR      drivers/tty/vt/built-in.a
  CC      drivers/clk/meson/c3-peripherals.o
  CC      drivers/tty/serial/serial_core.o
  CC      net/ipv4/tcp_ipv4.o
  CC      drivers/acpi/acpica/evsci.o
  AR      drivers/clk/imx/built-in.a
  CC      drivers/clk/meson/gxbb.o
  CC      net/ethtool/cmis_cdb.o
  AR      net/can/built-in.a
  CC      drivers/tty/serial/serial_base_bus.o
  CC      drivers/tty/serial/serial_ctrl.o
  CC      arch/arm64/kernel/acpi_parking_protocol.o
  CC      block/mq-deadline.o
  CC      drivers/gpu/drm/drm_colorop.o
  AR      lib/math/built-in.a
  CC      drivers/pinctrl/sunxi/pinctrl-sun50i-h616.o
  CC      drivers/clk/mvebu/ap806-system-controller.o
  CC      lib/crc/crc8.o
  AR      security/tomoyo/built-in.a
  CC      drivers/clk/mvebu/cp110-system-controller.o
  CC      drivers/tty/serdev/core.o
  CC      drivers/acpi/acpica/evxface.o
  CC      drivers/pinctrl/tegra/pinctrl-tegra234.o
  CC      security/landlock/syscalls.o
  CC      drivers/pci/controller/cadence/pcie-cadence-host.o
  CC      drivers/char/tpm/tpm-sysfs.o
  CC      drivers/base/bus.o
  CC      arch/arm64/kvm/reset.o
  CC      drivers/clk/qcom/common.o
  CC      net/core/fib_notifier.o
  CC      crypto/jitterentropy-kcapi.o
  CC      fs/fsopen.o
  CC      security/landlock/object.o
  CC      security/ipe/hooks.o
  CC      net/ipv6/ipv6_sockglue.o
  CC      drivers/clk/meson/gxbb-aoclk.o
  CC      lib/crc/crc16.o
  CC      security/landlock/ruleset.o
  CC      drivers/pinctrl/sunxi/pinctrl-sun50i-h616-r.o
  CC      arch/arm64/kernel/paravirt.o
  CC      drivers/acpi/acpica/evxfevnt.o
  CC      drivers/block/virtio_blk.o
  CC      kernel/power/qos.o
  CC      drivers/misc/kgdbts.o
  CC      drivers/pinctrl/tegra/pinctrl-tegra-xusb.o
  CC      drivers/gpu/drm/drm_connector.o
  AR      drivers/clk/mvebu/built-in.a
  CC      drivers/pci/trace.o
  CC      crypto/af_alg.o
  CC      mm/mincore.o
  CC      drivers/clk/qcom/clk-regmap.o
  CC      net/ethtool/pse-pd.o
  CC      drivers/char/tpm/eventlog/common.o
  CC      drivers/clk/meson/g12a.o
  CC      drivers/base/dd.o
  CC      drivers/acpi/acpica/evxfgpe.o
  CC      drivers/tty/serdev/serdev-ttyport.o
  CC      lib/crc/crc-ccitt.o
  CC      block/kyber-iosched.o
  CC      drivers/pinctrl/sunxi/pinctrl-sun55i-a523.o
  CC      drivers/iommu/io-pgtable.o
  CC      drivers/pci/controller/cadence/pcie-cadence-host-hpa.o
  CC      security/ipe/fs.o
  CC      net/core/xdp.o
  CC      fs/init.o
  CC      arch/arm64/kernel/hibernate.o
  CC      drivers/acpi/acpica/evxfregn.o
  CC      lib/crc/crc-t10dif-main.o
  CC      drivers/char/tpm/eventlog/tpm1.o
  CC      drivers/clk/qcom/clk-alpha-pll.o
  CC      arch/arm64/kvm/sys_regs.o
  CC      drivers/pinctrl/sunxi/pinctrl-sun55i-a523-r.o
  AR      drivers/pinctrl/tegra/built-in.a
  CC      security/ipe/ipe.o
  CC      net/core/flow_offload.o
  AR      drivers/tty/serdev/built-in.a
  CC      drivers/clk/meson/g12a-aoclk.o
  CC      kernel/power/main.o
  CC      lib/crypto/hash_info.o
  CC      drivers/iommu/io-pgtable-arm.o
  CC [M]  drivers/misc/eeprom/at24.o
  CC      drivers/gpu/trace/trace_gpu_mem.o
  CC      drivers/tty/serial/serial_port.o
  CC      drivers/acpi/acpica/exconcat.o
  CC [M]  drivers/block/zram/zcomp.o
  CC      security/landlock/cred.o
  CC      mm/mlock.o
  CC      drivers/mfd/bcm2835-pm.o
  CC      drivers/base/syscore.o
  CC      drivers/pci/controller/cadence/pcie-cadence-plat.o
  CC      net/ethtool/plca.o
  CC      fs/kernel_read_file.o
  AS      lib/crc/arm64/crc-t10dif-core.o
  CC      drivers/gpu/drm/drm_crtc.o
  CC      lib/crc/crc32-main.o
  AS      lib/crc/arm64/crc32-core.o
  CC      net/ipv6/ndisc.o
  CC      drivers/char/tpm/eventlog/tpm2.o
  AR      drivers/pinctrl/sunxi/built-in.a
  AR      drivers/pinctrl/built-in.a
  CC      net/core/gro.o
  AS      arch/arm64/kernel/hibernate-asm.o
  CC      crypto/algif_hash.o
  CC      drivers/acpi/acpica/exconfig.o
  CC      arch/arm64/kernel/elfcore.o
  CC      drivers/clk/meson/s4-pll.o
  CC      lib/crypto/memneq.o
  CC [M]  drivers/block/zram/zram_drv.o
  CC      drivers/clk/qcom/clk-pll.o
  CC      security/ipe/policy.o
  CC      net/ipv4/tcp_minisocks.o
  CC      drivers/mfd/stmpe.o
  CC      drivers/tty/serial/earlycon.o
  CC      block/bfq-iosched.o
  CC      lib/crypto/utils.o
  AR      drivers/gpu/trace/built-in.a
  CC      block/bfq-wf2q.o
  CC      lib/crc/crc64-main.o
  CC      security/landlock/task.o
  CC      drivers/acpi/acpica/exconvrt.o
  CC      drivers/misc/sram.o
  CC      drivers/iommu/io-pgtable-dart.o
  CC      drivers/pci/controller/cadence/pci-j721e.o
  CC      kernel/power/console.o
  CC      fs/mnt_idmapping.o
  CC      lib/crypto/aes.o
  AR      drivers/block/built-in.a
  CC      drivers/clk/qcom/clk-rcg.o
  CC      mm/mmap.o
  CC      drivers/base/driver.o
  CC      drivers/clk/meson/s4-peripherals.o
  CC      drivers/gpu/drm/drm_displayid.o
  CC      drivers/char/tpm/tpm-buf.o
  CC      arch/arm64/kernel/machine_kexec.o
  CC      net/ipv6/udp.o
  CC      net/ethtool/phy.o
  CC      kernel/sched/build_utility.o
  AR      lib/crc/built-in.a
  CC      drivers/clk/meson/t7-pll.o
  CC      drivers/acpi/acpica/excreate.o
  CC      security/ipe/policy_fs.o
  CC      net/strparser/strparser.o
  CC      crypto/algif_skcipher.o
  CC      drivers/tty/serial/earlycon-semihost.o
  CC      fs/remap_range.o
  CC      drivers/base/class.o
  AR      drivers/misc/built-in.a
  CC      drivers/gpu/drm/drm_drv.o
  CC      drivers/mfd/stmpe-i2c.o
  CC      kernel/printk/printk.o
  CC      kernel/printk/printk_safe.o
  CC      kernel/power/process.o
  AS      lib/crypto/arm64/aes-cipher-core.o
  CC      drivers/iommu/iova.o
  CC      crypto/algif_rng.o
  AS      lib/crypto/arm64/aes-ce-core.o
  CC      crypto/algif_aead.o
  CC      drivers/clk/qcom/clk-rcg2.o
  AS      lib/crypto/arm64/aes-ce.o
  CC      drivers/acpi/acpica/exdebug.o
  AS      lib/crypto/arm64/aes-neon.o
  CC      drivers/pci/controller/cadence/pci-sky1.o
  CC      lib/crypto/aescfb.o
  CC      drivers/char/tpm/tpm2-sessions.o
  CC      net/core/netdev-genl.o
  AS      arch/arm64/kernel/relocate_kernel.o
  AR      drivers/clk/meson/built-in.a
  CC      drivers/acpi/acpica/exdump.o
  AS      arch/arm64/kernel/cpu-reset.o
  CC      arch/arm64/kernel/machine_kexec_file.o
  CC      net/ipv4/tcp_cong.o
  CC      security/landlock/fs.o
  CC [M]  drivers/block/zram/backend_lzorle.o
  CC      arch/arm64/kernel/kexec_image.o
  CC      drivers/tty/serial/8250/8250_core.o
  CC      net/ethtool/tsconfig.o
  CC      drivers/clk/renesas/r8a774a1-cpg-mssr.o
  CC      security/ipe/policy_parser.o
  CC      lib/vdso/datastore.o
  CC      lib/crypto/blake2b.o
  CC      drivers/acpi/acpica/exfield.o
  CC      drivers/mfd/stmpe-spi.o
  CC      drivers/base/platform.o
  CC [M]  drivers/block/zram/backend_lzo.o
  CC      fs/pidfs.o
  CC      kernel/printk/nbcon.o
  CC      mm/mmu_gather.o
  CC      drivers/iommu/of_iommu.o
  AR      net/strparser/built-in.a
  AR      drivers/pci/controller/cadence/built-in.a
  CC      drivers/pci/controller/pci-aardvark.o
  CC      drivers/gpu/drm/drm_dumb_buffers.o
  CC      kernel/irq/irqdesc.o
  CC      drivers/clk/qcom/clk-branch.o
  CC      kernel/power/suspend.o
  CC      kernel/rcu/update.o
  CC      net/ipv6/raw.o
  CC      drivers/clk/renesas/r9a07g043-cpg.o
  CC      crypto/ecc.o
  CC [M]  drivers/block/zram/backend_lz4.o
  CC      arch/arm64/kernel/crash_dump.o
  CC      drivers/acpi/acpica/exfldio.o
  CC      drivers/char/tpm/tpm_ppi.o
  CC      security/ipe/audit.o
  AR      lib/vdso/built-in.a
  CC      security/integrity/iint.o
  CC      block/bfq-cgroup.o
  CC      lib/crypto/blake2s.o
  CC      drivers/tty/serial/8250/8250_platform.o
  CC      arch/arm64/kvm/stacktrace.o
  CC      drivers/mfd/mfd-core.o
  CC      drivers/clk/qcom/clk-regmap-divider.o
  CC      drivers/clk/renesas/r9a07g044-cpg.o
  CC      block/bio-integrity.o
  CC      net/ethtool/mse.o
  CC      drivers/iommu/rockchip-iommu.o
  CC      drivers/mfd/axp20x.o
  CC [M]  drivers/block/zram/backend_lz4hc.o
  CC      drivers/gpu/drm/drm_edid.o
  CC      drivers/acpi/acpica/exmisc.o
  CC      net/ipv4/tcp_metrics.o
  CC      net/core/netdev-genl-gen.o
  CC      mm/mprotect.o
  CC      drivers/base/cpu.o
  CC      arch/arm64/kernel/vmcore_info.o
  CC      kernel/irq/handle.o
  CC      security/landlock/tsync.o
  CC      kernel/power/suspend_test.o
  CC      kernel/printk/braille.o
  CC      drivers/clk/renesas/r9a08g045-cpg.o
  CC      drivers/clk/qcom/clk-regmap-mux.o
  CC      drivers/char/tpm/eventlog/acpi.o
  AR      security/ipe/built-in.a
  CC      drivers/mfd/axp20x-i2c.o
  CC      lib/crypto/chacha.o
  CC [M]  drivers/block/zram/backend_zstd.o
  CC      security/integrity/integrity_audit.o
  CC      drivers/pci/controller/pci-tegra.o
  CC      drivers/acpi/acpica/exmutex.o
  CC      fs/file_attr.o
  CC      drivers/tty/serial/8250/8250_pnp.o
  CC      mm/mremap.o
  CC      kernel/printk/index.o
  CC      kernel/printk/printk_ringbuffer.o
  CC      arch/arm64/kernel/sdei.o
  CC      crypto/ecdh.o
  CC      kernel/livepatch/core.o
  CC      drivers/clk/qcom/clk-regmap-mux-div.o
  CC      drivers/clk/renesas/r9a08g046-cpg.o
  CC      block/blk-integrity.o
  CC [M]  drivers/block/zram/backend_deflate.o
  CC      kernel/irq/manage.o
  CC      drivers/iommu/sun50i-iommu.o
  CC      net/core/gso.o
  CC      arch/arm64/kvm/vgic-sys-reg-v3.o
  AS      lib/crypto/arm64/chacha-neon-core.o
  CC      drivers/acpi/acpica/exnames.o
  CC      lib/crypto/chacha20poly1305.o
  AR      net/ethtool/built-in.a
  CC      drivers/clk/renesas/r9a09g011-cpg.o
  CC      drivers/base/firmware.o
  CC      net/ipv6/icmp.o
  CC      kernel/power/hibernate.o
  CC      security/landlock/net.o
  CC      drivers/mfd/max77620.o
  CC      net/core/net-sysfs.o
  CC      drivers/char/tpm/eventlog/efi.o
  CC      security/integrity/digsig.o
  CC      kernel/livepatch/patch.o
  CC [M]  drivers/block/zram/backend_842.o
  CC      drivers/clk/qcom/clk-regmap-phy-mux.o
  CC      drivers/tty/serial/8250/8250_port.o
  CC      drivers/acpi/acpica/exoparg1.o
  CC      kernel/printk/sysctl.o
  CC      crypto/ecdh_helper.o
  CC      arch/arm64/kernel/pointer_auth.o
  CC      drivers/base/init.o
  CC      kernel/rcu/sync.o
  CC      drivers/clk/renesas/r9a09g056-cpg.o
  CC      fs/fserror.o
  CC      net/ipv4/tcp_fastopen.o
  CC      drivers/acpi/acpica/exoparg2.o
  CC      lib/crypto/gf128hash.o
  CC      crypto/asymmetric_keys/asymmetric_type.o
  LD [M]  drivers/block/zram/zram.o
  CC      block/t10-pi.o
  CC      drivers/clk/qcom/clk-hfpll.o
  CC      arch/arm64/kernel/mpam.o
  CC      drivers/pci/controller/pcie-rzg3s-host.o
  CC      mm/msync.o
  CC      kernel/rcu/srcutree.o
  AR      kernel/printk/built-in.a
  CC      security/integrity/digsig_asymmetric.o
  CC      drivers/iommu/tegra-smmu.o
  CC      lib/raid/xor/xor-core.o
  CC      drivers/char/tpm/eventlog/of.o
  CC      drivers/tty/serial/amba-pl011.o
  CC      block/bio-integrity-auto.o
  CC      kernel/power/snapshot.o
  CC      kernel/livepatch/shadow.o
  CC      drivers/mfd/max77686.o
  CC      drivers/acpi/acpica/exoparg3.o
  CC      kernel/irq/spurious.o
  CC      drivers/nvdimm/core.o
  CC      drivers/base/map.o
  CC      arch/arm64/kvm/fpsimd.o
  CC      fs/nullfs.o
  CC      drivers/clk/qcom/reset.o
  AS      lib/crypto/arm64/ghash-neon-core.o
  CC      drivers/clk/qcom/gdsc.o
  CC      security/landlock/id.o
  AS      lib/crypto/arm64/polyval-ce-core.o
  CC      lib/crypto/md5.o
  CC      crypto/asymmetric_keys/restrict.o
  CC      drivers/gpu/drm/drm_encoder.o
  CC      lib/raid/xor/arm64/xor-neon.o
  CC      drivers/acpi/acpica/exoparg6.o
  CC      arch/arm64/kernel/mte.o
  CC      net/ipv6/mcast.o
  CC      security/integrity/platform_certs/platform_keyring.o
  CC      mm/page_vma_mapped.o
  CC      drivers/char/tpm/tpm_tis_core.o
  CC      lib/raid/xor/arm64/xor-neon-glue.o
  CC      kernel/livepatch/state.o
  CC      fs/buffer.o
  CC      drivers/base/devres.o
  CC      block/bio-integrity-fs.o
  AR      kernel/sched/built-in.a
  CC      drivers/iommu/virtio-iommu.o
  CC      drivers/base/attribute_container.o
  CC      kernel/irq/resend.o
  CC      drivers/clk/renesas/r9a09g057-cpg.o
  CC      security/landlock/audit.o
  CC      kernel/rcu/tree.o
  CC      drivers/mfd/qcom-spmi-pmic.o
  CC      drivers/acpi/acpica/exprep.o
  CC      crypto/asymmetric_keys/signature.o
  CC      drivers/pci/controller/pci-host-common.o
  CC      net/ipv4/tcp_recovery.o
  CC      net/core/hotdata.o
  CC      net/netlabel/netlabel_user.o
  CC      drivers/tty/serial/8250/8250_dma.o
  CC      net/dcb/dcbnl.o
  AR      lib/raid/xor/built-in.a
  AR      lib/raid/built-in.a
  CC      net/core/netdev_config.o
  CC      lib/crypto/poly1305.o
  CC      drivers/nvdimm/bus.o
  CC      drivers/clk/qcom/gcc-eliza.o
  CC      drivers/gpu/drm/drm_file.o
  CC      security/integrity/platform_certs/machine_keyring.o
  CC      kernel/livepatch/transition.o
  CC      crypto/kdf_sp800108.o
  CC      arch/arm64/kvm/pkvm.o
  CC      crypto/asymmetric_keys/public_key.o
  CC      drivers/acpi/acpica/exregion.o
  CC      kernel/irq/chip.o
  CC      block/blk-zoned.o
  AS      arch/arm64/kernel/vdso-wrap.o
  CC      drivers/mfd/syscon.o
  CC      drivers/base/transport_class.o
  CC      kernel/power/swap.o
  CC      arch/arm64/kernel/probes/kprobes.o
  CC      mm/pagewalk.o
  CC      kernel/irq/dummychip.o
  CC      lib/crypto/sha1.o
  CC      drivers/pci/controller/pci-host-generic.o
  CC      drivers/iommu/iommu-sva.o
  CC      drivers/tty/serial/8250/8250_dwlib.o
  CC      drivers/clk/qcom/tcsrcc-eliza.o
  CC      drivers/char/tpm/tpm_tis.o
  CC      drivers/acpi/acpica/exresnte.o
  CC      net/netlabel/netlabel_kapi.o
  CC      security/landlock/domain.o
  CC      drivers/char/tpm/tpm_crb.o
  CC      net/core/netdev_rx_queue.o
  CC      crypto/asymmetric_keys/x509_cert_parser.o
  CC      net/core/netdev_queues.o
  CC      drivers/mfd/vexpress-sysreg.o
  CC      drivers/base/topology.o
  CC      net/ipv4/tcp_ulp.o
  CC      security/integrity/platform_certs/efi_parser.o
  CC      drivers/clk/renesas/r9a09g077-cpg.o
  AR      drivers/dax/hmem/built-in.a
  CC      drivers/dax/super.o
  CC      arch/arm64/kernel/probes/decode-insn.o
  AR      kernel/livepatch/built-in.a
  CC      drivers/gpu/drm/drm_fourcc.o
  AS      lib/crypto/arm64/sha1-ce-core.o
  CC      net/core/page_pool.o
  CC      drivers/acpi/acpica/exresolv.o
  CC      lib/crypto/sha256.o
  CC      drivers/pci/controller/pci-thunder-ecam.o
  CC      drivers/clk/qcom/gcc-glymur.o
  CC      drivers/nvdimm/dimm_devs.o
  CC      drivers/iommu/io-pgfault.o
  CC      kernel/irq/devres.o
  CC      net/dcb/dcbevent.o
  CC      drivers/tty/serial/8250/8250_pcilib.o
  CC      crypto/asymmetric_keys/x509_loader.o
  CC      drivers/mfd/as3722.o
  CC      drivers/dax/bus.o
  CC      mm/pgtable-generic.o
  CC      drivers/gpu/drm/drm_framebuffer.o
  CC      arch/arm64/kvm/arch_timer.o
  CC      fs/mpage.o
  CC      security/integrity/platform_certs/load_uefi.o
  CC      drivers/acpi/acpica/exresop.o
  CC      kernel/power/user.o
  CC      drivers/base/container.o
  CC      drivers/char/tpm/tpm_crb_ffa.o
  AS      arch/arm64/kernel/probes/kprobes_trampoline.o
  CC      crypto/asymmetric_keys/x509_public_key.o
  AS      lib/crypto/arm64/sha256-ce.o
  CC      arch/arm64/kernel/probes/simulate-insn.o
  CC      lib/crypto/sha512.o
  CC      block/blk-wbt.o
  CC      drivers/clk/renesas/rcar-cpg-lib.o
  CC      drivers/clk/qcom/tcsrcc-glymur.o
  CC      security/integrity/platform_certs/keyring_handler.o
  CC      net/ipv6/reassembly.o
  AS      arch/arm64/kernel/head.o
  CC      drivers/pci/controller/pci-thunder-pem.o
  AR      security/landlock/built-in.a
  CC      drivers/nvdimm/nd_perf.o
  CC      kernel/liveupdate/kexec_handover.o
  CC      net/netlabel/netlabel_domainhash.o
  CC      kernel/rcu/rcu_segcblist.o
  CC      drivers/acpi/acpica/exserial.o
  CC      kernel/irq/kexec.o
  CC      net/ipv4/tcp_offload.o
  CC      drivers/tty/serial/8250/8250_rsa.o
  AR      drivers/iommu/built-in.a
  CC      drivers/base/property.o
  CC      net/ipv4/tcp_plb.o
  AR      net/dcb/built-in.a
  CC      drivers/tty/serial/8250/8250_early.o
  CC      drivers/mfd/rohm-bd718x7.o
  CC      block/blk-mq-debugfs.o
  AR      drivers/char/tpm/built-in.a
  AR      drivers/char/built-in.a
  CC      drivers/tty/serial/8250/8250_bcm2835aux.o
  CC      crypto/asymmetric_keys/pkcs7_parser.o
  CC      kernel/irq/generic-chip.o
  AS      lib/crypto/arm64/sha512-ce-core.o
  CC      mm/rmap.o
  CC      drivers/acpi/acpica/exstore.o
  CC      lib/crypto/sha3.o
  CC      drivers/clk/qcom/gcc-nord.o
  CC      drivers/clk/renesas/rcar-gen3-cpg.o
  CC      kernel/power/poweroff.o
  CC      arch/arm64/kernel/probes/uprobes.o
  CC      drivers/dax/device.o
  CC      fs/proc_namespace.o
  CC      security/integrity/efi_secureboot.o
  CC      drivers/pci/controller/pcie-xilinx.o
  CC      net/core/page_pool_user.o
  CC      drivers/gpu/drm/drm_gem.o
  CC      net/ipv6/tcp_ipv6.o
  CC      kernel/dma/mapping.o
  CC      kernel/power/energy_model.o
  CC      kernel/power/em_netlink_autogen.o
  CC      drivers/nvdimm/dimm.o
  CC      drivers/acpi/acpica/exstoren.o
  CC      drivers/acpi/acpica/exstorob.o
  CC      crypto/asymmetric_keys/pkcs7_trust.o
  AS      lib/crypto/arm64/sha3-ce-core.o
  CC      drivers/clk/qcom/negcc-nord.o
  CC      drivers/tty/serial/8250/8250_dw.o
  AR      drivers/mfd/built-in.a
  CC      drivers/acpi/acpica/exsystem.o
  CC      net/netlabel/netlabel_addrlist.o
  CC      kernel/power/em_netlink.o
  CC      net/ipv4/datagram.o
  CC      lib/crypto/mpi/generic_mpih-lshift.o
  CC      drivers/clk/renesas/rzg2l-cpg.o
  CC      kernel/liveupdate/kexec_handover_debugfs.o
  CC      kernel/irq/autoprobe.o
  CC      block/sed-opal.o
  CC      kernel/liveupdate/luo_core.o
  CC      kernel/liveupdate/luo_file.o
  CC      security/integrity/ima/ima_fs.o
  AR      arch/arm64/kernel/probes/built-in.a
  AR      arch/arm64/kernel/built-in.a
  CC      drivers/dma-buf/dma-buf.o
  CC      drivers/dma-buf/dma-fence.o
  CC      crypto/asymmetric_keys/pkcs7_verify.o
  CC      drivers/base/cacheinfo.o
  CC      arch/arm64/kvm/trng.o
  CC      drivers/dax/pmem.o
  CC      drivers/pci/controller/pcie-xilinx-nwl.o
  CC      net/core/net-procfs.o
  AR      kernel/rcu/built-in.a
  CC      net/core/fib_rules.o
  CC      drivers/acpi/acpica/extrace.o
  CC      fs/notify/fsnotify.o
  CC      drivers/nvdimm/region_devs.o
  CC      fs/notify/notification.o
  CC      drivers/clk/qcom/nwgcc-nord.o
  CC      net/ipv6/ping.o
  CC      lib/crypto/mpi/generic_mpih-mul1.o
  CC      drivers/tty/serial/fsl_linflexuart.o
  CC      kernel/irq/irqdomain.o
  CC      net/netlabel/netlabel_mgmt.o
  CC      drivers/gpu/drm/drm_ioctl.o
  CC      drivers/acpi/acpica/exutils.o
  CC      drivers/tty/serial/8250/8250_em.o
  CC      drivers/acpi/acpica/hwacpi.o
  CC      kernel/liveupdate/luo_flb.o
  CC      crypto/asymmetric_keys/verify_pefile.o
  CC      drivers/acpi/acpica/hwesleep.o
  AR      kernel/power/built-in.a
  CC      kernel/liveupdate/luo_session.o
  CC      security/integrity/ima/ima_queue.o
  CC      net/ipv4/raw.o
  CC      drivers/clk/qcom/segcc-nord.o
  CC      drivers/dax/fsdev.o
  CC      lib/crypto/mpi/generic_mpih-mul2.o
  CC      drivers/clk/renesas/rzv2h-cpg.o
  CC      block/blk-pm.o
  CC      mm/vmalloc.o
  CC      drivers/nvdimm/region.o
  CC      fs/notify/group.o
  CC      drivers/base/swnode.o
  CC      arch/arm64/kvm/vmid.o
  CC      drivers/pci/controller/pcie-xilinx-cpm.o
  CC      drivers/acpi/acpica/hwgpe.o
  CC      fs/notify/mark.o
  CC      drivers/base/faux.o
  CC      drivers/tty/serial/8250/8250_fsl.o
  CC      security/integrity/evm/evm_main.o
  CC      drivers/gpu/drm/drm_lease.o
  CC      drivers/acpi/fan_core.o
  AR      drivers/cxl/core/built-in.a
  AR      drivers/cxl/built-in.a
  CC      drivers/dma-buf/dma-fence-array.o
  CC      drivers/clk/renesas/renesas-cpg-mssr.o
  CC      crypto/asymmetric_keys/mscode_parser.o
  CC      drivers/clk/renesas/clk-div6.o
  CC      drivers/clk/qcom/tcsrcc-nord.o
  CC      net/ipv6/exthdrs.o
  CC      lib/crypto/mpi/generic_mpih-mul3.o
  CC      lib/crypto/mpi/generic_mpih-rshift.o
  CC      drivers/acpi/acpica/hwregs.o
  AR      kernel/liveupdate/built-in.a
  CC      security/integrity/evm/evm_crypto.o
  CC      net/core/net-traces.o
  CC      kernel/irq/proc.o
  CC      fs/eventpoll.o
  CC      kernel/dma/direct.o
  AR      drivers/dax/built-in.a
  CC      net/netlabel/netlabel_unlabeled.o
  CC      net/ipv6/datagram.o
  CC      block/blk-crypto.o
  CC      crypto/df_sp80090a.o
  CC      security/integrity/ima/ima_init.o
  CC      drivers/nvdimm/namespace_devs.o
  CC      fs/notify/fdinfo.o
  CC      drivers/dma-buf/dma-fence-chain.o
  CC      drivers/base/auxiliary.o
  CC      drivers/pci/controller/pcie-xilinx-dma-pl.o
  CC      drivers/acpi/acpica/hwsleep.o
  CC      fs/notify/dnotify/dnotify.o
  CC      drivers/acpi/acpica/hwvalid.o
  AR      crypto/asymmetric_keys/built-in.a
  CC      drivers/clk/qcom/gcc-x1e80100.o
  CC      lib/iomap_copy.o
  CC      net/ipv6/ip6_flowlabel.o
  CC      drivers/tty/serial/8250/8250_of.o
  CC      lib/crypto/mpi/generic_mpih-sub1.o
  CC      security/integrity/evm/evm_secfs.o
  CC      drivers/tty/serial/8250/8250_omap.o
  CC      arch/arm64/kvm/emulate-nested.o
  CC      drivers/gpu/drm/drm_managed.o
  AR      drivers/clk/renesas/built-in.a
  AR      crypto/built-in.a
  CC      kernel/irq/cpuhotplug.o
  CC      kernel/irq/pm.o
  CC      drivers/tty/serial/fsl_lpuart.o
  CC      fs/anon_inodes.o
  CC      net/core/drop_monitor.o
  CC      net/ipv4/udp.o
  CC      drivers/acpi/acpica/hwxface.o
  CC      net/netlabel/netlabel_cipso_v4.o
  CC [M]  lib/crypto/gf128mul.o
  CC      block/blk-crypto-profile.o
  CC      drivers/base/devtmpfs.o
  CC      drivers/nvdimm/label.o
  CC      drivers/dma-buf/dma-fence-unwrap.o
  CC      kernel/dma/ops_helpers.o
  CC      security/integrity/ima/ima_main.o
  CC      lib/crypto/mpi/generic_mpih-add1.o
  CC      drivers/clk/qcom/tcsrcc-x1e80100.o
  CC      drivers/pci/controller/pci-xgene.o
  AR      fs/notify/dnotify/built-in.a
  CC      drivers/tty/serial/8250/8250_pci.o
  CC      fs/notify/inotify/inotify_fsnotify.o
  CC      drivers/acpi/acpica/hwxfsleep.o
  CC      security/integrity/evm/evm_posix_acl.o
  CC      fs/notify/inotify/inotify_user.o
  CC      drivers/gpu/drm/drm_mm.o
  CC      net/ipv6/inet6_connection_sock.o
  CC      kernel/entry/common.o
  CC      mm/vma.o
  CC      net/netlabel/netlabel_calipso.o
  CC      kernel/irq/msi.o
  CC      drivers/dma-buf/dma-resv.o
  CC      fs/notify/fanotify/fanotify.o
  CC      lib/crypto/mpi/mpicoder.o
  CC      kernel/dma/contiguous.o
  CC      drivers/acpi/acpica/hwpci.o
  CC      drivers/tty/serial/imx.o
  CC      net/ipv4/udp_offload.o
  CC      security/integrity/ima/ima_crypto.o
  CC      block/blk-crypto-sysfs.o
  CC      drivers/clk/qcom/gcc-msm8916.o
  CC      drivers/gpu/drm/drm_mode_config.o
  CC      drivers/base/power/sysfs.o
  CC      block/holder.o
  AR      security/integrity/evm/built-in.a
  CC      drivers/base/power/generic_ops.o
  CC      mm/vma_exec.o
  CC      drivers/pci/controller/pci-xgene-msi.o
  CC      drivers/acpi/acpica/nsaccess.o
  CC      net/core/selftests.o
  CC      arch/arm64/kvm/nested.o
  CC      net/sysctl_net.o
  CC      drivers/nvdimm/badrange.o
  CC      drivers/dma-buf/dma-buf-mapping.o
  CC      kernel/dma/coherent.o
  CC      kernel/entry/virt.o
  CC      lib/crypto/mpi/mpi-add.o
  AR      fs/notify/inotify/built-in.a
  CC      drivers/clk/qcom/gcc-msm8996.o
  CC      lib/crypto/mpi/mpi-bit.o
  CC      drivers/clk/rockchip/clk.o
  CC      drivers/scsi/scsi.o
  CC      drivers/base/power/common.o
  CC      security/integrity/ima/ima_api.o
  CC      drivers/tty/serial/8250/8250_pci1xxxx.o
  AR      block/built-in.a
  AR      net/netlabel/built-in.a
  CC      net/ipv4/arp.o
  CC      fs/signalfd.o
  CC      net/ipv6/udp_offload.o
  CC      kernel/irq/ipi.o
  CC      drivers/acpi/fan_attr.o
  CC      fs/notify/fanotify/fanotify_user.o
  CC      drivers/acpi/acpica/nsalloc.o
  CC      drivers/gpu/drm/drm_mode_object.o
  CC      arch/arm64/kvm/at.o
  CC      drivers/tty/serial/meson_uart.o
  CC      drivers/dma-buf/dma-heap.o
  CC      drivers/pci/controller/pcie-rockchip.o
  CC      drivers/nvdimm/claim.o
  CC      drivers/clk/qcom/gcc-msm8998.o
  CC      lib/crypto/mpi/mpi-cmp.o
  CC      security/integrity/ima/ima_policy.o
  CC      drivers/tty/serial/msm_serial.o
  CC      drivers/acpi/acpica/nsarguments.o
  CC      kernel/dma/swiotlb.o
  AR      kernel/entry/built-in.a
  CC      drivers/base/firmware_loader/main.o
  CC      mm/process_vm_access.o
  CC      mm/mseal.o
  CC      mm/page_alloc.o
  CC      drivers/clk/rockchip/clk-pll.o
  CC      kernel/irq/ipi-mux.o
  CC      arch/arm64/kvm/vgic/vgic.o
  CC      drivers/base/power/qos.o
  CC      kernel/module/main.o
  CC      drivers/acpi/acpica/nsconvert.o
  CC      drivers/pci/controller/pcie-rockchip-host.o
  CC      drivers/tty/serial/8250/8250_pericom.o
  CC      net/ipv6/seg6.o
  CC      drivers/tty/serial/8250/8250_rt288x.o
  CC      drivers/gpu/drm/drm_modes.o
  CC      drivers/base/power/runtime.o
  CC      lib/crypto/mpi/mpi-sub-ui.o
  CC      drivers/clk/qcom/clk-rpmh.o
  CC      drivers/nvdimm/pfn_devs.o
  CC      drivers/clk/qcom/gcc-qcs615.o
  CC      drivers/scsi/hosts.o
  CC      drivers/base/node.o
  CC      drivers/clk/qcom/gcc-qcs8300.o
  CC      drivers/acpi/acpica/nsdump.o
  CC      drivers/dma-buf/heaps/system_heap.o
  CC      kernel/irq/affinity.o
  CC      drivers/clk/rockchip/clk-cpu.o
  CC      mm/shuffle.o
  AR      fs/notify/fanotify/built-in.a
  AR      fs/notify/built-in.a
  CC      fs/timerfd.o
  CC      net/ipv4/icmp.o
  CC      arch/arm64/kvm/vgic/vgic-init.o
  CC      net/core/timestamping.o
  CC      drivers/base/firmware_loader/sysfs.o
  CC      kernel/kcmp.o
  CC      lib/crypto/mpi/mpi-div.o
  CC      kernel/dma/pool.o
  CC      drivers/tty/serial/8250/8250_tegra.o
  CC      lib/crypto/mpi/mpi-mod.o
  CC      drivers/tty/serial/mvebu-uart.o
  CC      drivers/clk/qcom/gcc-sa8775p.o
  CC      drivers/gpu/drm/drm_modeset_lock.o
  CC      drivers/acpi/acpica/nseval.o
  CC      security/integrity/ima/ima_template.o
  CC      net/ipv6/fib6_notifier.o
  CC      drivers/scsi/scsi_ioctl.o
  CC      drivers/base/memory.o
  CC      drivers/pci/controller/pcie-brcmstb.o
  AR      kernel/irq/built-in.a
  CC      drivers/dma-buf/sync_file.o
  CC      drivers/clk/rockchip/clk-gate-grf.o
  CC      drivers/pci/controller/pcie-apple.o
  CC      drivers/base/power/wakeirq.o
  CC      drivers/nvdimm/dax_devs.o
  CC      drivers/nvdimm/security.o
  CC      drivers/acpi/acpica/nsinit.o
  CC      drivers/nvdimm/pmem.o
  CC      drivers/clk/qcom/gcc-sc7180.o
  CC      drivers/dma-buf/heaps/cma_heap.o
  CC      lib/devres.o
  CC      drivers/ata/libata-core.o
  CC      lib/crypto/mpi/mpi-mul.o
  CC      drivers/pci/controller/dwc/pcie-designware.o
  CC      kernel/dma/remap.o
  CC      drivers/clk/rockchip/clk-half-divider.o
  AR      drivers/tty/serial/8250/built-in.a
  CC      drivers/clk/rockchip/clk-inverter.o
  CC      drivers/base/firmware_loader/sysfs_upload.o
  CC      drivers/clk/rockchip/clk-mmc-phase.o
  CC      fs/eventfd.o
  CC      drivers/gpu/drm/drm_plane.o
  CC      drivers/nvdimm/of_pmem.o
  CC      net/core/ptp_classifier.o
  CC      drivers/acpi/acpica/nsload.o
  CC      drivers/acpi/fan_hwmon.o
  CC      drivers/tty/serial/qcom_geni_serial.o
  CC      drivers/base/power/main.o
  CC      net/ipv6/rpl.o
  CC      arch/arm64/kvm/vgic/vgic-irqfd.o
  CC      drivers/clk/qcom/gcc-sc7280.o
  CC      security/integrity/ima/ima_template_lib.o
  CC      drivers/scsi/scsicam.o
  CC      net/ipv4/devinet.o
  CC      lib/cache_maint.o
  CC      kernel/module/strict_rwx.o
  CC      lib/crypto/mpi/mpih-cmp.o
  CC      drivers/gpu/drm/drm_prime.o
  CC      kernel/module/kmod.o
  CC      drivers/base/firmware_loader/builtin/main.o
  CC      drivers/ata/libata-scsi.o
  CC      drivers/clk/rockchip/clk-muxgrf.o
  AR      kernel/dma/built-in.a
  CC      drivers/clk/rockchip/clk-ddr.o
  CC      net/core/netprio_cgroup.o
  AR      drivers/dma-buf/heaps/built-in.a
  CC      drivers/acpi/acpica/nsnames.o
  CC      drivers/dma-buf/udmabuf.o
  CC      drivers/tty/serial/rsci.o
  CC      mm/page_frag_cache.o
  CC      drivers/ata/libata-eh.o
  AR      drivers/nvdimm/built-in.a
  CC      drivers/base/power/wakeup.o
  CC      drivers/ata/libata-transport.o
  CC      fs/userfaultfd.o
  AR      drivers/base/firmware_loader/builtin/built-in.a
  AR      drivers/base/firmware_loader/built-in.a
  CC      net/ipv6/ioam6.o
  CC      drivers/clk/qcom/gcc-sc8180x.o
  CC      drivers/scsi/scsi_error.o
  CC      drivers/pci/controller/dwc/pcie-designware-host.o
  CC      drivers/gpu/drm/drm_print.o
  CC      net/switchdev/switchdev.o
  CC      lib/crypto/mpi/mpih-div.o
  CC      drivers/clk/rockchip/gate-link.o
  CC      lib/crypto/mpi/mpih-mul.o
  CC      drivers/acpi/acpica/nsobject.o
  CC      arch/arm64/kvm/vgic/vgic-v2.o
  CC      drivers/tty/serial/samsung_tty.o
  CC      net/core/netclassid_cgroup.o
  CC      drivers/pci/controller/mobiveil/pcie-mobiveil.o
  CC      kernel/module/decompress.o
  CC      security/integrity/ima/ima_appraise.o
  CC      drivers/base/power/wakeup_stats.o
  CC      net/ipv4/af_inet.o
  CC      drivers/ata/libata-trace.o
  CC      drivers/ata/libata-sata.o
  CC      drivers/base/module.o
  CC      drivers/clk/qcom/gcc-sc8280xp.o
  CC      drivers/acpi/acpica/nsparse.o
  CC      net/core/lwtunnel.o
  AR      drivers/dma-buf/built-in.a
  CC      drivers/gpu/drm/drm_property.o
  CC      net/ipv4/igmp.o
  CC      drivers/clk/rockchip/softrst.o
  CC      fs/aio.o
  CC      drivers/acpi/pci_slot.o
  CC      mm/init-mm.o
  CC      lib/crypto/mpi/mpi-pow.o
  CC      drivers/clk/rockchip/clk-px30.o
  CC      net/l3mdev/l3mdev.o
  CC      drivers/pci/controller/mobiveil/pcie-mobiveil-host.o
  CC      kernel/module/livepatch.o
  CC      drivers/base/power/clock_ops.o
  CC      drivers/acpi/acpica/nspredef.o
  CC      drivers/pci/controller/dwc/pcie-designware-plat.o
  CC      lib/crypto/mpi/mpiutil.o
  CC      drivers/scsi/scsi_lib.o
  CC      drivers/tty/serial/sh-sci.o
  CC      drivers/clk/qcom/gcc-sm8150.o
  AR      net/switchdev/built-in.a
  CC      lib/interval_tree.o
  CC      drivers/clk/rockchip/clk-rk3308.o
  CC      drivers/pci/controller/plda/pcie-plda-host.o
  CC      drivers/pci/controller/dwc/pci-imx6.o
  CC      drivers/clk/sunxi-ng/ccu_common.o
  CC      drivers/spi/spi.o
  CC      security/integrity/ima/ima_modsig.o
  CC      drivers/acpi/acpica/nsprepkg.o
  CC      drivers/ata/libata-sff.o
  CC      drivers/ata/libata-pmp.o
  CC      drivers/pci/controller/mobiveil/pcie-mobiveil-plat.o
  CC      arch/arm64/kvm/vgic/vgic-v3.o
  CC      net/ipv6/sysctl_net_ipv6.o
  CC      drivers/gpu/drm/drm_rect.o
  CC      kernel/module/tree_lookup.o
  CC      mm/memblock.o
  CC      drivers/base/auxiliary_sysfs.o
  CC      drivers/clk/qcom/gcc-milos.o
  CC      drivers/clk/tegra/clk.o
  AR      lib/crypto/mpi/built-in.a
  CC      arch/arm64/kvm/vgic/vgic-v4.o
  AR      lib/crypto/built-in.a
  AR      drivers/base/power/built-in.a
  CC      lib/assoc_array.o
  CC      drivers/spmi/spmi.o
  CC      drivers/spmi/spmi-devres.o
  CC      net/core/lwt_bpf.o
  AR      net/l3mdev/built-in.a
  CC      drivers/clk/rockchip/clk-rk3328.o
  CC      net/ipv4/fib_frontend.o
  CC      drivers/clk/tegra/clk-audio-sync.o
  CC      drivers/acpi/acpica/nsrepair.o
  CC      net/ipv6/ip6mr.o
  CC      mm/memory_hotplug.o
  CC      drivers/clk/sunxi-ng/ccu_mmc_timing.o
  CC      drivers/gpu/drm/drm_syncobj.o
  CC      drivers/pci/controller/plda/pcie-microchip-host.o
  CC      drivers/base/regmap/regmap.o
  CC      drivers/pci/controller/mobiveil/pcie-layerscape-gen4.o
  CC      kernel/module/kallsyms.o
  CC      security/integrity/ima/ima_kexec.o
  CC      drivers/base/soc.o
  CC      drivers/base/regmap/regcache.o
  AR      drivers/clk/qcom/built-in.a
  CC      net/ipv6/xfrm6_policy.o
  CC      drivers/clk/tegra/clk-device.o
  CC      drivers/acpi/acpica/nsrepair2.o
  CC      drivers/acpi/processor_driver.o
  CC      drivers/clk/rockchip/clk-rk3368.o
  CC      fs/dax.o
  CC      drivers/clk/sunxi-ng/ccu_reset.o
  CC      net/ipv6/xfrm6_state.o
  CC      drivers/pci/controller/dwc/pcie-nxp-s32g.o
  CC      lib/list_debug.o
  CC      arch/arm64/kvm/vgic/vgic-mmio.o
  CC      net/ncsi/ncsi-cmd.o
  CC      drivers/scsi/constants.o
  CC      drivers/acpi/acpica/nssearch.o
  CC      drivers/scsi/scsi_lib_dma.o
  CC      lib/linear_ranges.o
  CC      drivers/clk/tegra/clk-dfll.o
  CC      drivers/clk/sunxi-ng/ccu_div.o
  AR      drivers/pci/controller/mobiveil/built-in.a
  CC      drivers/tty/serial/serial-tegra.o
  CC      drivers/scsi/scsi_scan.o
  CC      drivers/tty/serial/tegra-tcu.o
  CC      kernel/module/procfs.o
  CC      drivers/clk/rockchip/clk-rk3399.o
  CC      drivers/tty/serial/tegra-utc.o
  AR      drivers/pci/controller/plda/built-in.a
  CC      drivers/base/regmap/regcache-rbtree.o
  CC      drivers/spmi/spmi-pmic-arb.o
  CC      net/core/dst_cache.o
  CC      drivers/pci/controller/dwc/pci-keystone.o
  CC      mm/slub.o
  CC      drivers/clk/rockchip/clk-rk3528.o
  CC      security/integrity/ima/ima_asymmetric_keys.o
  CC      drivers/ata/libata-acpi.o
  CC      drivers/acpi/acpica/nsutils.o
  CC      drivers/spi/spi-mem.o
  CC      lib/packing.o
  CC      security/integrity/ima/ima_queue_keys.o
  CC      drivers/clk/sunxi-ng/ccu_frac.o
  CC      drivers/gpu/drm/drm_sysfs.o
  CC      kernel/module/sysfs.o
  CC      net/ipv4/fib_semantics.o
  CC      drivers/pci/controller/pcie-al-internal.o
  CC      kernel/freezer.o
  CC      drivers/clk/tegra/clk-divider.o
  CC      drivers/tty/serial/xilinx_uartps.o
  CC      arch/arm64/kvm/vgic/vgic-mmio-v2.o
  CC      drivers/acpi/acpica/nswalk.o
  CC      drivers/base/pinctrl.o
  CC      drivers/clk/rockchip/rst-rk3528.o
  CC      drivers/acpi/processor_thermal.o
  CC      drivers/ata/libata-pata-timings.o
  CC      net/ncsi/ncsi-rsp.o
  CC      lib/xxhash.o
  CC      drivers/clk/sunxi-ng/ccu_gate.o
  CC      drivers/spi/spi-tegra210-quad.o
  CC      fs/crypto/crypto.o
  CC      drivers/gpu/drm/drm_trace_points.o
  CC      drivers/pci/controller/dwc/pci-layerscape.o
  CC      drivers/acpi/acpica/nsxfeval.o
  CC      drivers/scsi/scsi_sysfs.o
  CC      drivers/clk/tegra/clk-periph.o
  CC      drivers/gpu/drm/drm_vblank.o
  CC      net/xdp/xsk.o
  CC      drivers/spi/spi-amd.o
  CC      net/core/gro_cells.o
  CC      drivers/acpi/processor_idle.o
  CC      security/integrity/ima/ima_efi.o
  CC      kernel/module/tracking.o
  AR      drivers/spmi/built-in.a
  CC      net/ipv6/xfrm6_input.o
  CC      drivers/base/regmap/regcache-flat.o
  CC      drivers/base/regmap/regcache-maple.o
  CC      drivers/clk/rockchip/clk-rk3562.o
  CC      net/ncsi/ncsi-aen.o
  CC      drivers/clk/sunxi-ng/ccu_mux.o
  CC      lib/genalloc.o
  CC      arch/arm64/kvm/vgic/vgic-mmio-v3.o
  CC      fs/verity/enable.o
  CC      arch/arm64/kvm/vgic/vgic-kvm-device.o
  CC      drivers/acpi/acpica/nsxfname.o
  CC      drivers/ata/ahci.o
  CC      drivers/gpu/drm/drm_vblank_work.o
  CC      drivers/clk/tegra/clk-periph-fixed.o
  CC      drivers/tty/serial/serial_mctrl_gpio.o
  CC      net/mptcp/protocol.o
  AR      kernel/module/built-in.a
  CC      drivers/pci/controller/dwc/pcie-qcom-common.o
  CC      kernel/profile.o
  CC      fs/crypto/fname.o
  CC      drivers/pci/controller/dwc/pcie-qcom.o
  CC      drivers/clk/tegra/clk-periph-gate.o
  CC      security/integrity/ima/ima_iint.o
  CC      drivers/clk/sunxi-ng/ccu_mult.o
  CC      mm/madvise.o
  CC      drivers/base/regmap/regmap-debugfs.o
  CC      drivers/clk/rockchip/rst-rk3562.o
  CC      drivers/acpi/acpica/nsxfobj.o
  CC      drivers/clk/sunxi-ng/ccu_phase.o
  CC      drivers/spi/spi-amd-pci.o
  CC      drivers/clk/rockchip/clk-rk3568.o
  CC      net/core/skmsg.o
  CC      drivers/net/loopback.o
  CC      drivers/base/devcoredump.o
  CC      fs/verity/hash_algs.o
  CC      lib/842/842_compress.o
  CC      drivers/scsi/scsi_devinfo.o
  CC      drivers/net/netkit.o
  CC      net/ncsi/ncsi-manage.o
  CC      drivers/tty/serial/kgdboc.o
  CC      drivers/clk/tegra/clk-pll.o
  CC      net/ipv4/fib_trie.o
  CC      drivers/clk/tegra/clk-pll-out.o
  CC      drivers/acpi/acpica/psargs.o
  CC      drivers/gpu/drm/drm_vma_manager.o
  CC      drivers/acpi/processor_perflib.o
  CC      drivers/base/platform-msi.o
  CC      net/ipv6/xfrm6_output.o
  CC      drivers/clk/sunxi-ng/ccu_sdm.o
  CC      kernel/stacktrace.o
  CC      fs/crypto/hkdf.o
  CC      drivers/ata/libahci.o
  AR      security/integrity/ima/built-in.a
  CC      drivers/base/regmap/regmap-i2c.o
  AR      security/integrity/built-in.a
  AR      security/built-in.a
  CC [M]  drivers/spi/spi-dw-core.o
  CC      net/xdp/xdp_umem.o
  CC      net/ipv6/xfrm6_protocol.o
  CC      drivers/clk/rockchip/clk-rk3576.o
  CC      net/mptcp/subflow.o
  CC      fs/verity/init.o
  CC      arch/arm64/kvm/vgic/vgic-its.o
  CC      drivers/acpi/acpica/psloop.o
  CC      lib/842/842_decompress.o
  CC      mm/page_io.o
  CC      lib/zlib_inflate/infutil.o
  CC      drivers/pci/controller/dwc/pcie-armada8k.o
  CC      drivers/gpu/drm/drm_writeback.o
  AR      drivers/tty/serial/built-in.a
  CC      drivers/clk/sunxi-ng/ccu_nk.o
  AR      drivers/tty/built-in.a
  CC      drivers/scsi/scsi_sysctl.o
  CC      drivers/base/arch_topology.o
  CC      net/mctp/af_mctp.o
  CC      net/ncsi/ncsi-netlink.o
  CC      drivers/ata/ata_piix.o
  CC      fs/crypto/hooks.o
  CC      kernel/time/time.o
  CC      drivers/acpi/acpica/psobject.o
  CC      drivers/clk/rockchip/rst-rk3576.o
  CC      lib/zlib_inflate/inflate_syms.o
  CC      drivers/clk/tegra/clk-sdmmc-mux.o
  CC      drivers/base/regmap/regmap-spmi.o
  CC      drivers/clk/sunxi-ng/ccu_nkm.o
  AR      lib/842/built-in.a
  CC      mm/swap_state.o
  CC      net/core/sock_map.o
  CC      drivers/net/phy/stubs.o
  CC      drivers/scsi/scsi_proc.o
  CC [M]  drivers/spi/spi-dw-dma.o
  CC      fs/locks.o
  CC      drivers/pci/controller/dwc/pcie-dw-rockchip.o
  CC      net/xdp/xsk_queue.o
  CC      drivers/acpi/acpica/psopcode.o
  CC      drivers/pci/controller/dwc/pcie-kirin.o
  CC      net/ipv6/netfilter.o
  CC      drivers/gpu/drm/drm_client.o
  AR      lib/zlib_inflate/built-in.a
  CC      drivers/net/phy/mdio_bus.o
  CC      lib/zlib_deflate/deflate.o
  CC      fs/verity/measure.o
  CC      drivers/clk/rockchip/clk-rk3588.o
  CC      drivers/clk/tegra/clk-super.o
  CC      fs/verity/open.o
  CC      drivers/clk/sunxi-ng/ccu_nkmp.o
  CC      fs/crypto/keyring.o
  CC [M]  drivers/spi/spi-dw-mmio.o
  CC      drivers/base/regmap/regmap-mmio.o
  CC      drivers/acpi/acpica/psopinfo.o
  AR      drivers/ata/built-in.a
  CC      drivers/clk/rockchip/rst-rk3588.o
  CC      net/ipv4/fib_notifier.o
  AR      net/ncsi/built-in.a
  CC      net/mctp/device.o
  CC      drivers/net/phy/phy.o
  CC      drivers/gpu/drm/drm_client_event.o
  CC      kernel/futex/core.o
  CC      kernel/time/timer.o
  CC      drivers/scsi/scsi_debugfs.o
  CC      drivers/scsi/scsi_trace.o
  CC      drivers/clk/tegra/clk-tegra-audio.o
  CC      drivers/acpi/acpica/psparse.o
  CC      lib/zlib_deflate/deflate_syms.o
  CC      drivers/pci/controller/dwc/pcie-histb.o
  CC      drivers/clk/sunxi-ng/ccu_nm.o
  CC      lib/lzo/lzo1x_compress.o
  CC      net/ipv6/fib6_rules.o
  CC      kernel/time/hrtimer.o
  CC      drivers/pci/controller/dwc/pci-meson.o
  CC      drivers/clk/versatile/icst.o
  CC      arch/arm64/kvm/vgic/vgic-debug.o
  CC      drivers/acpi/container.o
  CC      mm/swapfile.o
  AR      drivers/clk/rockchip/built-in.a
  CC      net/xdp/xskmap.o
  CC      net/mptcp/options.o
  CC      drivers/base/regmap/regmap-irq.o
  AR      drivers/spi/built-in.a
  LD [M]  drivers/spi/spi-dw.o
  CC      net/ipv4/inet_fragment.o
  CC      net/xdp/xsk_buff_pool.o
  CC      net/mctp/route.o
  CC      fs/verity/pagecache.o
  CC      drivers/acpi/acpica/psscope.o
  AR      lib/zlib_deflate/built-in.a
  CC      drivers/clk/tegra/clk-tegra-periph.o
  CC      drivers/cdrom/cdrom.o
  CC      lib/lzo/lzo1x_compress_safe.o
  CC      drivers/gpu/drm/drm_client_modeset.o
  CC      fs/crypto/keysetup.o
  CC      drivers/clk/sunxi-ng/ccu_mp.o
  CC      fs/binfmt_script.o
  CC      drivers/clk/versatile/clk-icst.o
  CC      drivers/base/arch_numa.o
  CC      drivers/scsi/scsi_logging.o
  CC      kernel/time/sleep_timeout.o
  CC      net/core/bpf_sk_storage.o
  CC      drivers/pci/controller/dwc/pcie-tegra194.o
  CC      arch/arm64/kvm/vgic/vgic-v3-nested.o
  CC      drivers/acpi/acpica/pstree.o
  CC      drivers/net/mdio/acpi_mdio.o
  CC      kernel/futex/syscalls.o
  CC      kernel/smp.o
  CC      drivers/clk/tegra/clk-tegra-fixed.o
  CC      kernel/futex/pi.o
  CC      fs/verity/read_metadata.o
  CC      drivers/net/phy/phy-c45.o
  CC      lib/lzo/lzo1x_decompress_safe.o
  CC      drivers/clk/sunxi-ng/ccu-sun50i-a64.o
  AR      drivers/base/regmap/built-in.a
  CC      lib/lz4/lz4_decompress.o
  CC      lib/zstd/zstd_compress_module.o
  CC      drivers/clk/versatile/clk-versatile.o
  CC      drivers/acpi/acpica/psutils.o
  CC      net/ipv6/proc.o
  CC      net/core/of_net.o
  CC      drivers/scsi/scsi_pm.o
  CC [M]  net/rfkill/core.o
  CC      net/ipv4/ping.o
  CC      fs/crypto/keysetup_v1.o
  CC      drivers/base/physical_location.o
  CC      kernel/time/timekeeping.o
  CC      drivers/clk/tegra/clk-tegra-super-cclk.o
  CC      drivers/acpi/thermal_lib.o
  AR      net/xdp/built-in.a
  CC [M]  net/rfkill/input.o
  CC      drivers/gpu/drm/drm_client_sysrq.o
  CC      drivers/acpi/acpica/pswalk.o
  AR      lib/lzo/built-in.a
  CC      drivers/gpu/drm/drm_ioc32.o
  CC      drivers/clk/versatile/clk-sp810.o
  CC      net/ipv6/syncookies.o
  CC      drivers/clk/sunxi-ng/ccu-sun50i-a100.o
  CC      drivers/net/mdio/fwnode_mdio.o
  CC      lib/zstd/zstd_decompress_module.o
  CC      net/mctp/neigh.o
  CC      drivers/net/phy/phy-core.o
  CC      fs/verity/verify.o
  CC      net/mptcp/token.o
  CC      kernel/futex/requeue.o
  CC      drivers/clk/tegra/clk-tegra-super-gen4.o
  CC      drivers/acpi/acpica/psxface.o
  CC      drivers/scsi/scsi_dh.o
  CC      drivers/pci/controller/dwc/pcie-al.o
  CC      drivers/net/mdio/of_mdio.o
  CC      drivers/base/trace.o
  CC      kernel/futex/waitwake.o
  CC      arch/arm64/kvm/vgic/vgic-v5.o
  CC      fs/crypto/policy.o
  CC      drivers/clk/versatile/clk-vexpress-osc.o
  CC      net/core/devmem.o
  CC      drivers/clk/tegra/clk-tegra124-dfll-fcpu.o
  AR      drivers/cdrom/built-in.a
  CC      lib/xz/xz_dec_syms.o
  LD [M]  net/rfkill/rfkill.o
  CC      net/ipv4/ip_tunnel_core.o
  CC      lib/zstd/zstd_common_module.o
  CC      net/mptcp/crypto.o
  CC      mm/zswap.o
  CC      fs/crypto/bio.o
  CC      drivers/clk/sunxi-ng/ccu-sun50i-a100-r.o
  CC      drivers/scsi/scsi_bsg.o
  CC      drivers/gpu/drm/drm_panel.o
  CC      drivers/acpi/acpica/rsaddr.o
  CC      drivers/pci/controller/dwc/pcie-hisi.o
  CC      drivers/acpi/acpica/rscalc.o
  CC [M]  lib/lz4/lz4_compress.o
  CC      fs/binfmt_elf.o
  CC      arch/arm64/kvm/pmu-emul.o
  CC      lib/xz/xz_dec_stream.o
  AR      drivers/clk/versatile/built-in.a
  AR      fs/verity/built-in.a
  CC      kernel/time/ntp.o
  AR      lib/zstd/built-in.a
  AR      net/mctp/built-in.a
  CC      lib/raid6/algos.o
  CC      kernel/time/clocksource.o
  CC      drivers/net/can/dev/skb.o
  CC      net/mptcp/ctrl.o
  CC      drivers/net/phy/phy_device.o
  AR      drivers/net/ethernet/chelsio/built-in.a
  CC      drivers/clk/sunxi-ng/ccu-sun50i-h6.o
  AR      kernel/futex/built-in.a
  CC      lib/raid6/recov.o
  CC      drivers/acpi/thermal.o
  CC      net/ipv6/calipso.o
  CC      drivers/acpi/acpica/rscreate.o
  AR      drivers/base/built-in.a
  CC      drivers/clk/tegra/clk-tegra124.o
  CC      drivers/gpu/drm/drm_of.o
  CC      fs/crypto/inline_crypt.o
  CC      drivers/net/ethernet/microchip/vcap/vcap_api_debugfs.o
  CC [M]  lib/lz4/lz4hc_compress.o
  AR      drivers/net/mdio/built-in.a
  CC      arch/arm64/kvm/pmu.o
  CC      drivers/clk/tegra/cvb.o
  CC      drivers/pci/controller/dwc/pcie-tegra194-acpi.o
  CC      drivers/scsi/scsi_common.o
  CC      drivers/clk/sunxi-ng/ccu-sun50i-h6-r.o
  CC      drivers/clk/sunxi-ng/ccu-sun50i-h616.o
  CC      drivers/acpi/acpica/rsdumpinfo.o
  CC      lib/xz/xz_dec_lzma2.o
  CC      net/mptcp/pm.o
  CC      drivers/clk/tegra/clk-tegra210.o
  CC      drivers/net/phy/linkmode.o
  CC      drivers/clk/zynqmp/pll.o
  CC      kernel/uid16.o
  AR      net/core/built-in.a
  CC      drivers/acpi/numa/srat.o
  CC      drivers/net/can/dev/calc_bittiming.o
  CC      kernel/time/jiffies.o
  CC      drivers/net/ethernet/microchip/vcap/vcap_api.o
  CC      mm/dmapool.o
  CC      lib/raid6/tables.o
  CC      lib/percpu_counter.o
  CC      drivers/acpi/acpica/rsinfo.o
  CC      fs/compat_binfmt_elf.o
  CC      drivers/gpu/drm/drm_pci.o
  CC      drivers/scsi/sd.o
  AR      fs/crypto/built-in.a
  CC      drivers/clk/tegra/clk-tegra210-emc.o
  CC      net/ipv4/gre_offload.o
  CC      lib/xz/xz_dec_bcj.o
  CC      drivers/clk/sunxi-ng/ccu-sun55i-a523-mcu.o
  CC      drivers/clk/sunxi-ng/ccu-sun6i-rtc.o
  AR      drivers/pci/controller/dwc/built-in.a
  CC      drivers/clk/sunxi-ng/ccu-sun8i-h3.o
  AR      drivers/pci/controller/built-in.a
  CC      drivers/net/phy/phy_link_topology.o
  CC      drivers/clk/zynqmp/clk-gate-zynqmp.o
  CC      net/ipv6/seg6_iptunnel.o
  CC      net/ipv6/seg6_local.o
  AR      drivers/pci/built-in.a
  CC      net/ipv6/seg6_hmac.o
  CC      drivers/acpi/acpica/rsio.o
  CC      drivers/acpi/numa/hmat.o
  AR      lib/lz4/built-in.a
  CC      net/ipv6/rpl_iptunnel.o
  CC      lib/raid6/int1.o
  CC      kernel/time/timer_list.o
  CC      net/ipv6/ioam6_iptunnel.o
  CC      drivers/gpu/drm/drm_debugfs.o
  CC      kernel/kallsyms.o
  CC      mm/hugetlb.o
  CC      drivers/net/ethernet/microchip/vcap/vcap_tc.o
  CC      drivers/clk/zynqmp/divider.o
  CC      drivers/net/can/dev/bittiming.o
  CC      drivers/clk/sunxi-ng/ccu-sun8i-de2.o
  AR      lib/xz/built-in.a
  CC      net/ipv4/metrics.o
  CC      drivers/acpi/acpica/rsirq.o
  CC      kernel/time/timeconv.o
  CC      drivers/clk/tegra/clk-bpmp.o
  CC      arch/arm64/kvm/pauth.o
  CC      drivers/clk/zynqmp/clk-mux-zynqmp.o
  CC      drivers/net/can/dev/dev.o
  CC      lib/raid6/int2.o
  CC      drivers/scsi/sd_dif.o
  CC      drivers/scsi/sd_zbc.o
  CC      kernel/acct.o
  CC      drivers/gpu/drm/drm_debugfs_crc.o
  CC      drivers/acpi/acpica/rslist.o
  CC      net/ipv4/netlink.o
  CC      kernel/time/alarmtimer.o
  CC      lib/audit.o
  CC      drivers/clk/zynqmp/clkc.o
  CC      drivers/net/phy/phy_caps.o
  AR      drivers/acpi/numa/built-in.a
  CC      mm/hugetlb_sysfs.o
  CC      net/ipv6/mip6.o
  CC      drivers/clk/sunxi-ng/ccu-sun8i-r.o
  CC      net/mptcp/diag.o
  CC      fs/backing-file.o
  CC      drivers/clk/tegra/clk-utils.o
  CC      drivers/acpi/acpica/rsmemory.o
  CC      fs/mbcache.o
  CC      mm/hugetlb_sysctl.o
  CC      kernel/vmcore_info.o
  CC      lib/raid6/int4.o
  CC      kernel/elfcorehdr.o
  CC      mm/hugetlb_cma.o
  CC      drivers/usb/common/common.o
  CC      fs/posix_acl.o
  CC      drivers/input/serio/serio.o
  CC      drivers/net/phy/mdio_bus_provider.o
  AR      drivers/clk/sunxi-ng/built-in.a
  CC      drivers/acpi/acpica/rsmisc.o
  CC      kernel/time/posix-timers.o
  CC      drivers/net/can/dev/length.o
  CC      drivers/acpi/acpi_memhotplug.o
  AR      drivers/net/ethernet/microchip/vcap/built-in.a
  CC      drivers/scsi/sr.o
  AR      drivers/net/ethernet/microchip/built-in.a
  CC      mm/mempolicy.o
  AR      drivers/clk/tegra/built-in.a
  CC      drivers/gpu/drm/drm_edid_load.o
  AR      drivers/net/ethernet/built-in.a
  AR      drivers/clk/zynqmp/built-in.a
  CC      drivers/net/can/dev/netlink.o
  CC      drivers/usb/core/usb.o
  AR      drivers/clk/built-in.a
  CC      mm/sparse.o
  CC      net/mptcp/mib.o
  CC      drivers/usb/common/led.o
  AR      arch/arm64/kvm/built-in.a
  AR      arch/arm64/built-in.a
  CC      fs/coredump.o
  CC      drivers/input/serio/libps2.o
  CC      net/ipv4/nexthop.o
  CC      lib/syscall.o
  CC      net/mptcp/pm_netlink.o
  CC      drivers/acpi/acpica/rsserial.o
  CC      drivers/gpu/drm/../../accel/drm_accel.o
  CC      drivers/usb/phy/of.o
  CC      drivers/acpi/acpica/rsutils.o
  CC      drivers/scsi/sr_ioctl.o
  CC      drivers/usb/mon/mon_main.o
  CC      lib/raid6/int8.o
  CC      lib/dynamic_debug.o
  CC      net/ipv6/addrconf_core.o
  CC      drivers/usb/core/hub.o
  CC      drivers/input/input.o
  CC      drivers/usb/host/pci-quirks.o
  CC      drivers/usb/host/ehci-hcd.o
  CC      drivers/usb/core/hcd.o
  CC      net/ipv6/exthdrs_core.o
  AR      drivers/usb/common/built-in.a
  CC      mm/sparse-vmemmap.o
  CC      drivers/usb/mon/mon_stat.o
  CC      kernel/time/posix-cpu-timers.o
  AR      drivers/input/serio/built-in.a
  CC      drivers/usb/phy/phy-ulpi.o
  CC      drivers/net/phy/phy_port.o
  CC      lib/raid6/neon.o
  CC      drivers/acpi/acpica/rsxface.o
  CC      drivers/usb/mon/mon_text.o
  CC      drivers/usb/host/ehci-pci.o
  CC      net/mptcp/sockopt.o
  CC      drivers/gpu/drm/drm_panic.o
  CC      kernel/crash_reserve.o
  CC      drivers/acpi/battery.o
  CC      net/ipv4/udp_tunnel_stub.o
  CC      drivers/acpi/acpica/tbdata.o
  CC      lib/nlattr.o
  AR      drivers/net/can/dev/built-in.a
  CC      drivers/scsi/sr_vendor.o
  AR      drivers/net/can/built-in.a
  CC      drivers/acpi/hed.o
  CC      drivers/usb/serial/usb-serial.o
  CC      drivers/net/phy/mdio_device.o
  CC      mm/mmu_notifier.o
  CC      net/mptcp/pm_userspace.o
  CC      drivers/net/phy/swphy.o
  CC      net/mptcp/fastopen.o
  CC      lib/raid6/recov_neon.o
  CC      net/ipv6/ip6_checksum.o
  CC      drivers/usb/phy/phy-ulpi-viewport.o
  CC      drivers/acpi/acpica/tbfadt.o
  CC      drivers/usb/core/urb.o
  CC      drivers/usb/mon/mon_bin.o
  CC      drivers/gpu/drm/drm_draw.o
  CC      kernel/time/posix-clock.o
  CC      kernel/time/itimer.o
  CC      net/ipv4/sysctl_net_ipv4.o
  CC      fs/drop_caches.o
  CC      drivers/scsi/sg.o
  CC      drivers/input/input-compat.o
  CC      fs/sysctls.o
  CC      net/ipv6/ip6_icmp.o
  CC      net/ipv6/output_core.o
  CC      drivers/usb/core/message.o
  CC      drivers/usb/serial/generic.o
  CC      mm/ksm.o
  CC      drivers/acpi/acpica/tbfind.o
  CC      fs/fhandle.o
  CC      drivers/usb/host/xhci.o
  CC      drivers/rtc/lib.o
  CC      drivers/net/phy/phy_led_triggers.o
  CC      lib/checksum.o
  RUSTC     drivers/gpu/drm/drm_panic_qr.o
  CC      mm/page_poison.o
  AR      lib/raid6/built-in.a
  CC      net/mptcp/sched.o
  CC      drivers/acpi/acpica/tbinstal.o
  CC      mm/kfence/core.o
  AR      drivers/usb/phy/built-in.a
  CC      mm/kfence/report.o
  CC      drivers/acpi/acpica/tbprint.o
  CC      drivers/input/input-mt.o
  CC      mm/memtest.o
  CC      lib/atomic64_test.o
  CC      drivers/gpu/drm/drm_ras.o
  CC      fs/iomap/trace.o
  CC      drivers/acpi/bgrt.o
  CC      drivers/i2c/i2c-boardinfo.o
  CC      drivers/usb/serial/bus.o
  CC      drivers/usb/roles/class.o
  CC      lib/cpu_rmap.o
  CC      kernel/time/clockevents.o
  CC      drivers/usb/host/xhci-mem.o
  CC      drivers/rtc/class.o
  AR      drivers/usb/mon/built-in.a
  CC      drivers/input/input-poller.o
  CC      drivers/i2c/i2c-core-base.o
  CC      drivers/acpi/acpica/tbutils.o
  CC      drivers/usb/core/driver.o
  CC      mm/migrate.o
  CC      fs/quota/dquot.o
  CC      drivers/acpi/spcr.o
  CC      drivers/net/phy/mdio_devres.o
  CC      net/ipv6/protocol.o
  CC      drivers/usb/host/xhci-ext-caps.o
  CC      net/ipv4/proc.o
  CC      drivers/gpu/drm/drm_ras_nl.o
  CC      drivers/usb/serial/console.o
  CC      lib/dynamic_queue_limits.o
  CC      drivers/acpi/pptt.o
  AR      drivers/usb/roles/built-in.a
  CC      net/mptcp/mptcp_pm_gen.o
  CC      drivers/acpi/acpica/tbxface.o
  CC      fs/quota/quota_v2.o
  CC      fs/iomap/iter.o
  CC      kernel/time/tick-common.o
  CC      drivers/input/ff-core.o
  CC      drivers/net/phy/mii_timestamper.o
  AR      mm/kfence/built-in.a
  CC      drivers/net/phy/fixed_phy.o
  CC      drivers/input/touchscreen.o
  CC [M]  drivers/net/phy/qcom/qcom-phy-lib.o
  AR      drivers/scsi/built-in.a
  CC [M]  drivers/net/phy/qcom/at803x.o
  CC      drivers/rtc/interface.o
  CC      fs/proc/task_mmu.o
  CC      fs/quota/quota_tree.o
  CC      drivers/usb/core/config.o
  CC      net/ipv6/ip6_offload.o
  CC      drivers/acpi/acpica/tbxfload.o
  CC      net/ipv6/exthdrs_offload.o
  AR      drivers/usb/serial/built-in.a
  CC      mm/memory-tiers.o
  CC      net/mptcp/pm_kernel.o
  CC      lib/glob.o
  CC      drivers/i2c/i2c-core-smbus.o
  CC      drivers/usb/core/file.o
  CC      drivers/gpu/drm/drm_ras_genl_family.o
  CC      kernel/kexec_core.o
  CC      fs/proc/inode.o
  CC      fs/proc/root.o
  CC      fs/iomap/buffered-io.o
  CC      drivers/input/touch-overlay.o
  CC      net/mptcp/syncookies.o
  CC      kernel/time/tick-broadcast.o
  CC      drivers/acpi/acpica/tbxfroot.o
  CC      drivers/rtc/nvmem.o
  CC      mm/migrate_device.o
  CC      net/ipv6/inet6_hashtables.o
  CC      lib/dim/dim.o
  CC      net/ipv4/fib_rules.o
  CC      drivers/acpi/apei/apei-base.o
  CC      fs/sysfs/file.o
  CC      fs/kernfs/mount.o
  CC      drivers/acpi/acpica/utaddress.o
  CC      drivers/input/vivaldi-fmap.o
  CC      drivers/gpu/drm/drm_panel_orientation_quirks.o
  AR      drivers/net/phy/built-in.a
  CC      fs/iomap/direct-io.o
  AR      drivers/net/built-in.a
  CC      drivers/usb/core/buffer.o
  CC      drivers/usb/core/sysfs.o
  CC      drivers/media/rc/rc-main.o
  CC      drivers/input/input-leds.o
  CC      fs/quota/quota.o
  CC      drivers/usb/host/xhci-ring.o
  CC      drivers/rtc/dev.o
  CC      drivers/rtc/proc.o
  CC      kernel/time/tick-broadcast-hrtimer.o
  CC      drivers/rtc/sysfs.o
  CC      lib/dim/net_dim.o
  CC      net/ipv4/ipmr.o
  CC      net/mptcp/mptcp_diag.o
  CC      drivers/rtc/rtc-amlogic-a4.o
  CC      drivers/acpi/acpica/utalloc.o
  CC      kernel/crash_core.o
  CC      drivers/acpi/apei/hest.o
  CC      fs/sysfs/dir.o
  CC      lib/digsig.o
  CC      drivers/i2c/i2c-core-acpi.o
  CC      drivers/i2c/i2c-core-slave.o
  CC      drivers/gpu/drm/drm_gem_shmem_helper.o
  CC      drivers/input/mousedev.o
  CC      fs/quota/kqid.o
  CC      fs/kernfs/inode.o
  CC      fs/kernfs/dir.o
  CC      drivers/media/rc/rc-ir-raw.o
  CC      drivers/usb/host/xhci-hub.o
  CC      kernel/time/sched_clock.o
  CC      drivers/acpi/acpica/utascii.o
  CC      drivers/acpi/acpica/utbuffer.o
  CC      fs/proc/base.o
  CC      drivers/pps/pps.o
  CC      drivers/acpi/acpica/utcksum.o
  CC      fs/sysfs/symlink.o
  CC      drivers/usb/core/endpoint.o
  CC      fs/configfs/inode.o
  CC      fs/iomap/ioend.o
  CC      net/ipv6/mcast_snoop.o
  CC      fs/iomap/fiemap.o
  CC      drivers/input/evdev.o
  CC      drivers/rtc/rtc-efi.o
  CC      drivers/rtc/rtc-pl031.o
  CC      mm/huge_memory.o
  CC      drivers/usb/core/devio.o
  CC      drivers/acpi/apei/erst.o
  CC      drivers/gpu/drm/drm_fbdev_shmem.o
  CC      fs/quota/netlink.o
  CC      lib/dim/rdma_dim.o
  CC      fs/kernfs/file.o
  CC      kernel/time/tick-oneshot.o
  CC      drivers/usb/host/xhci-dbg.o
  CC      drivers/acpi/acpica/utcopy.o
  CC      net/mptcp/bpf.o
  CC      drivers/media/rc/lirc_dev.o
  CC      drivers/i2c/i2c-core-of.o
  CC      drivers/ptp/ptp_clock.o
  CC      drivers/pps/kapi.o
  CC      lib/strncpy_from_user.o
  CC      fs/kernfs/symlink.o
  CC      net/ipv4/ipmr_base.o
  AR      lib/dim/built-in.a
  CC      drivers/input/keyboard/atkbd.o
  CC      drivers/gpu/drm/drm_atomic_helper.o
  CC      fs/configfs/file.o
  CC      fs/configfs/dir.o
  CC      fs/sysfs/mount.o
  CC      drivers/rtc/rtc-sun6i.o
  CC      mm/khugepaged.o
  CC      drivers/acpi/acpica/utexcep.o
  CC      drivers/acpi/apei/bert.o
  CC      kernel/time/tick-sched.o
  CC      fs/iomap/seek.o
  CC      net/ipv4/syncookies.o
  CC      net/ipv6/tcp_ao.o
  CC      kernel/kexec.o
  AR      fs/quota/built-in.a
  CC      drivers/pps/sysfs.o
  CC      kernel/kexec_file.o
  CC      drivers/input/keyboard/imx-sm-bbm-key.o
  CC      drivers/ptp/ptp_chardev.o
  CC      drivers/media/rc/bpf-lirc.o
  CC      fs/proc/generic.o
  CC      lib/strnlen_user.o
  CC      drivers/usb/host/xhci-trace.o
  CC      drivers/acpi/acpica/utdebug.o
  CC      drivers/acpi/arm64/agdi.o
  CC      drivers/gpu/drm/drm_atomic_state_helper.o
  AR      fs/kernfs/built-in.a
  CC      drivers/acpi/arm64/apmt.o
  CC      drivers/i2c/i2c-core-of-prober.o
  AR      net/mptcp/built-in.a
  CC      drivers/usb/core/notify.o
  CC      drivers/acpi/apei/ghes.o
  CC      fs/sysfs/group.o
  CC      mm/page_counter.o
  AR      drivers/pps/built-in.a
  CC      kernel/time/timer_migration.o
  CC      fs/iomap/bio.o
  AR      drivers/rtc/built-in.a
  CC      kernel/compat.o
  CC      drivers/gpu/drm/drm_bridge_helper.o
  CC      fs/devpts/inode.o
  CC      drivers/acpi/acpica/utdecode.o
  CC      drivers/gpu/drm/drm_crtc_helper.o
  CC      fs/configfs/symlink.o
  CC      lib/net_utils.o
  CC      drivers/acpi/viot.o
  CC [M]  drivers/input/keyboard/gpio_keys.o
  CC      mm/memfd_luo.o
  CC      drivers/usb/host/xhci-dbgcap.o
  CC      drivers/acpi/arm64/ffh.o
  CC      drivers/gpu/drm/drm_damage_helper.o
  CC      fs/proc/array.o
  CC      kernel/time/vsyscall.o
  CC      drivers/usb/core/generic.o
  CC      drivers/ptp/ptp_sysfs.o
  CC      drivers/acpi/acpica/utdelete.o
  CC      drivers/power/reset/as3722-poweroff.o
  AR      fs/sysfs/built-in.a
  CC      drivers/hwmon/hwmon.o
  AR      net/ipv6/built-in.a
  CC      drivers/acpi/acpica/uterror.o
  AR      drivers/media/rc/built-in.a
  CC      net/ipv4/netfilter.o
  CC      drivers/acpi/arm64/gtdt.o
  CC      drivers/usb/core/quirks.o
  CC      drivers/i2c/busses/i2c-designware-common.o
  CC      fs/iomap/swapfile.o
  CC      mm/memcontrol-v1.o
  CC      fs/configfs/mount.o
  CC      kernel/time/timekeeping_debug.o
  CC      lib/sg_pool.o
  AR      fs/devpts/built-in.a
  CC      drivers/usb/host/xhci-dbgtty.o
  CC      lib/memregion.o
  CC      kernel/cgroup/cgroup.o
  CC      drivers/thermal/thermal_core.o
  CC      drivers/acpi/acpica/uteval.o
  CC      drivers/acpi/acpica/utglobal.o
  CC      kernel/cgroup/rstat.o
  AR      drivers/input/keyboard/built-in.a
  CC      fs/proc/fd.o
  AR      drivers/acpi/apei/built-in.a
  CC      drivers/gpu/drm/drm_flip_work.o
  CC      drivers/power/reset/gpio-poweroff.o
  CC      fs/configfs/item.o
  CC      drivers/input/misc/hisi_powerkey.o
  AR      drivers/media/built-in.a
  CC      drivers/power/sequencing/core.o
  CC [M]  drivers/hwmon/hwmon-vid.o
  CC      lib/stmp_device.o
  CC      drivers/ptp/ptp_vclock.o
  CC      drivers/usb/host/xhci-debugfs.o
  CC      kernel/utsname.o
  CC      drivers/usb/core/devices.o
  CC      drivers/acpi/arm64/iort.o
  CC      drivers/thermal/thermal_sysfs.o
  CC      drivers/acpi/acpica/uthex.o
  CC [M]  drivers/i2c/muxes/i2c-mux-pca954x.o
  AR      fs/iomap/built-in.a
  CC      kernel/time/namespace.o
  CC      drivers/power/reset/gpio-restart.o
  CC      kernel/user_namespace.o
  CC      kernel/pid_namespace.o
  CC      drivers/i2c/busses/i2c-designware-master.o
  CC [M]  drivers/hwmon/adt7475.o
  CC      mm/memcontrol.o
  CC      net/ipv4/inet_diag.o
  AR      fs/configfs/built-in.a
  CC      drivers/acpi/arm64/mpam.o
  CC      net/ipv4/tcp_diag.o
  CC      drivers/usb/core/phy.o
  CC      lib/irq_poll.o
  CC [M]  drivers/i2c/i2c-dev.o
  AR      drivers/input/misc/built-in.a
  AR      drivers/input/built-in.a
  CC      kernel/cgroup/namespace.o
  CC      drivers/gpu/drm/drm_format_helper.o
  CC      drivers/watchdog/watchdog_core.o
  CC      drivers/acpi/acpica/utids.o
  CC      drivers/watchdog/watchdog_dev.o
  CC      drivers/power/reset/hisi-reboot.o
  AR      drivers/power/sequencing/built-in.a
  CC      drivers/acpi/arm64/cpuidle.o
  CC      fs/proc/proc_tty.o
  CC      drivers/usb/core/port.o
  CC      net/ipv4/udp_diag.o
  CC      drivers/i2c/busses/i2c-designware-slave.o
  CC      drivers/acpi/arm64/amba.o
  AR      drivers/ptp/built-in.a
  CC [M]  drivers/i2c/i2c-mux.o
  CC      lib/stackdepot.o
  CC      drivers/acpi/acpica/utinit.o
  CC      kernel/time/namespace_vdso.o
  CC      drivers/usb/host/xhci-sideband.o
  CC      drivers/power/supply/power_supply_core.o
  CC      drivers/md/md.o
  CC      drivers/watchdog/marvell_gti_wdt.o
  CC      drivers/power/reset/msm-poweroff.o
  CC      net/ipv4/raw_diag.o
  AR      drivers/hwmon/built-in.a
  CC      kernel/cgroup/cgroup-v1.o
  CC      drivers/gpu/drm/drm_gem_atomic_helper.o
  CC      fs/ext4/balloc.o
  CC      drivers/i2c/busses/i2c-designware-platdrv.o
  CC      fs/proc/cmdline.o
  CC      fs/proc/consoles.o
  CC      fs/proc/cpuinfo.o
  CC      drivers/thermal/thermal_trip.o
  CC      drivers/acpi/acpica/utlock.o
  CC      drivers/accessibility/braille/braille_console.o
  CC      lib/bootconfig.o
  CC      drivers/md/md-bitmap.o
  CC      drivers/acpi/acpica/utmath.o
  CC      drivers/power/supply/power_supply_sysfs.o
  CC      drivers/acpi/arm64/dma.o
  AR      kernel/time/built-in.a
  CC      drivers/usb/host/xhci-pci.o
  CC      drivers/edac/edac_mc.o
  CC      drivers/usb/core/trace.o
  CC      fs/ext4/bitmap.o
  CC      drivers/edac/edac_device.o
  CC      drivers/edac/edac_mc_sysfs.o
  CC      kernel/stop_machine.o
  CC      drivers/power/reset/odroid-go-ultra-poweroff.o
  CC      drivers/usb/host/xhci-pci-renesas.o
  CC [M]  drivers/watchdog/sp805_wdt.o
  CC      drivers/power/supply/power_supply_leds.o
  CC      drivers/gpu/drm/drm_gem_framebuffer_helper.o
  CC      drivers/i2c/busses/i2c-qcom-geni.o
  CC      fs/jbd2/transaction.o
  CC      fs/ext4/block_validity.o
  CC      drivers/thermal/thermal_helpers.o
  CC      drivers/acpi/acpica/utmisc.o
  CC      fs/proc/devices.o
  CC      mm/vmpressure.o
  CC      drivers/acpi/acpica/utmutex.o
  AR      drivers/accessibility/braille/built-in.a
  AR      drivers/accessibility/built-in.a
  CC      lib/asn1_decoder.o
  CC      drivers/opp/core.o
  CC      drivers/usb/core/of.o
  CC      net/ipv4/tcp_cubic.o
  CC      drivers/opp/cpu.o
  CC      drivers/acpi/arm64/init.o
  AR      drivers/watchdog/built-in.a
  CC      kernel/cgroup/freezer.o
  CC      drivers/edac/edac_module.o
  CC      drivers/power/supply/power_supply_hwmon.o
  CC      drivers/thermal/thermal_thresholds.o
  CC      fs/jbd2/commit.o
  CC      drivers/gpu/drm/drm_kms_helper_common.o
  CC      kernel/cgroup/legacy_freezer.o
  CC      mm/swap_cgroup.o
  CC      drivers/acpi/acpica/utnonansi.o
  CC      kernel/audit.o
  CC      drivers/cpufreq/cpufreq.o
  CC      fs/ext4/dir.o
  CC      drivers/power/reset/regulator-poweroff.o
  CC      fs/proc/interrupts.o
  CC      fs/proc/loadavg.o
  CC      drivers/i2c/busses/i2c-rk3x.o
  CC      fs/jbd2/recovery.o
  CC      drivers/thermal/thermal_netlink.o
  AR      drivers/usb/host/built-in.a
  CC      lib/asn1_encoder.o
  CC      fs/ramfs/inode.o
  CC      lib/fonts/fonts.o
  CC      kernel/auditfilter.o
  CC      drivers/acpi/arm64/thermal_cpufreq.o
  CC      drivers/acpi/acpica/utobject.o
  CC      drivers/usb/core/offload.o
  CC      drivers/gpu/drm/drm_modeset_helper.o
  CC      drivers/power/supply/samsung-sdi-battery.o
  CC      drivers/cpuidle/cpuidle.o
  AR      drivers/mmc/built-in.a
  CC      drivers/md/md-autodetect.o
  CC      drivers/edac/edac_device_sysfs.o
  CC      drivers/edac/wq.o
  CC      drivers/acpi/acpica/utosi.o
  CC      fs/hugetlbfs/inode.o
  CC      fs/proc/meminfo.o
  CC      drivers/cpufreq/freq_table.o
  CC      fs/ext4/ext4_jbd2.o
  CC      fs/ramfs/file-mmu.o
  CC      kernel/auditsc.o
  CC      drivers/power/reset/restart-poweroff.o
  CC      lib/fonts/font_rotate.o
  CC      kernel/cgroup/pids.o
  CC      fs/proc/stat.o
  CC      net/ipv4/tcp_sigpool.o
  AR      drivers/power/supply/built-in.a
  CC      drivers/usb/core/hcd-pci.o
  CC      drivers/cpuidle/driver.o
  AR      drivers/acpi/arm64/built-in.a
  CC      drivers/thermal/thermal_hwmon.o
  CC      drivers/opp/of.o
  CC      drivers/edac/scrub.o
  CC      drivers/acpi/acpica/utownerid.o
  CC      fs/exportfs/expfs.o
  CC      mm/bpf_memcontrol.o
  CC      drivers/gpu/drm/drm_plane_helper.o
  CC      fs/jbd2/checkpoint.o
  AR      drivers/i2c/busses/built-in.a
  AR      drivers/i2c/built-in.a
  CC      drivers/power/reset/vexpress-poweroff.o
  CC      kernel/cgroup/rdma.o
  CC      drivers/md/dm-init.o
  CC      lib/fonts/font_8x16.o
  CC      lib/oid_registry.o
  CC      fs/proc/uptime.o
  CC      net/ipv4/tcp_bpf.o
  CC      drivers/cpuidle/governor.o
  CC      drivers/usb/core/usb-acpi.o
  CC      mm/memory-failure.o
  AR      fs/ramfs/built-in.a
  CC      drivers/acpi/acpica/utpredef.o
  CC      fs/jbd2/revoke.o
  CC      drivers/gpu/drm/drm_probe_helper.o
  CC      drivers/thermal/thermal_of.o
  CC      drivers/gpu/drm/drm_self_refresh_helper.o
  CC      drivers/firmware/arm_sdei.o
  CC      drivers/edac/ecs.o
  CC      drivers/acpi/acpica/utresdecode.o
  CC      drivers/cpufreq/cpufreq_stats.o
  AR      lib/fonts/built-in.a
  CC      fs/ext4/extents.o
  AR      fs/exportfs/built-in.a
  CC      fs/nls/nls_base.o
  CC      drivers/md/dm-uevent.o
  CC      drivers/power/reset/xgene-reboot.o
  CC      lib/ucs2_string.o
  CC      lib/ubsan.o
  CC      kernel/cgroup/cpuset.o
  CC      kernel/cgroup/misc.o
  CC      kernel/cgroup/dmem.o
  CC      fs/proc/util.o
  CC      drivers/thermal/gov_fair_share.o
  CC      drivers/cpuidle/sysfs.o
  CC      drivers/cpuidle/governors/menu.o
  CC      drivers/firmware/dmi_scan.o
  CC      drivers/opp/debugfs.o
  CC      net/ipv4/udp_bpf.o
  CC      drivers/acpi/acpica/utresrc.o
  CC      fs/ext4/extents_status.o
  AR      drivers/usb/core/built-in.a
  AR      fs/hugetlbfs/built-in.a
  CC      drivers/edac/mem_repair.o
  AR      drivers/usb/built-in.a
  CC      drivers/firmware/dmi-sysfs.o
  CC      lib/sbitmap.o
  CC      fs/nls/nls_cp437.o
  CC      drivers/gpu/drm/drm_simple_kms_helper.o
  CC      drivers/power/reset/syscon-reboot.o
  CC      kernel/audit_watch.o
  CC      drivers/cpufreq/cpufreq_performance.o
  CC      fs/proc/version.o
  CC      mm/page_owner.o
  CC      fs/jbd2/journal.o
  CC      fs/ext4/file.o
  CC      drivers/opp/ti-opp-supply.o
  CC      drivers/thermal/gov_step_wise.o
  CC      drivers/md/dm-zone.o
  CC      drivers/acpi/acpica/utstate.o
  CC      fs/unicode/utf8-norm.o
  AR      drivers/cpuidle/governors/built-in.a
  CC      drivers/acpi/acpica/utstring.o
  CC      drivers/power/reset/syscon-poweroff.o
  CC      drivers/cpuidle/dt_idle_states.o
  CC      fs/proc/softirqs.o
  CC      drivers/crypto/amlogic/amlogic-gxl-core.o
  CC      fs/nls/nls_ascii.o
  CC      drivers/md/dm-ima.o
  CC      kernel/audit_fsnotify.o
  CC      drivers/cpufreq/cpufreq_powersave.o
  CC      drivers/edac/edac_pci.o
  CC      drivers/cpufreq/cpufreq_userspace.o
  CC      lib/group_cpus.o
  CC      mm/page_isolation.o
  CC      fs/unicode/utf8-core.o
  CC      drivers/firmware/dmi-id.o
  CC      drivers/acpi/acpica/utstrsuppt.o
  CC      fs/ext4/fsmap.o
  CC      fs/autofs/init.o
  CC      fs/ext4/fsync.o
  CC      drivers/thermal/gov_user_space.o
  CC      lib/devmem_is_allowed.o
  CC      drivers/cpuidle/dt_idle_genpd.o
  CC      drivers/gpu/drm/drm_vblank_helper.o
  CC      drivers/power/reset/reboot-mode.o
  CC      fs/proc/namespaces.o
  AR      fs/nls/built-in.a
  AR      drivers/opp/built-in.a
  CC      net/ipv4/cipso_ipv4.o
  CC      drivers/clocksource/timer-of.o
  CC      drivers/cpufreq/cpufreq_ondemand.o
  CC      drivers/crypto/amlogic/amlogic-gxl-cipher.o
  CC      drivers/cpufreq/cpufreq_conservative.o
  CC      drivers/acpi/acpica/utstrtoul64.o
  CC      drivers/acpi/acpica/utxface.o
  CC      mm/zsmalloc.o
  CC      drivers/edac/edac_pci_sysfs.o
  CC      fs/unicode/utf8data.o
  CC      drivers/firmware/memmap.o
  CC      drivers/power/reset/syscon-reboot-mode.o
  CC      drivers/cpuidle/cpuidle-psci.o
  CC      drivers/gpu/drm/bridge/panel.o
  CC      net/ipv4/xfrm4_policy.o
  CC      drivers/thermal/cpufreq_cooling.o
  CC      drivers/cpufreq/cpufreq_governor.o
  CC      fs/proc/self.o
  CC      lib/fw_table.o
  CC      drivers/cpuidle/cpuidle-psci-domain.o
  CC      drivers/clocksource/timer-probe.o
  CC      fs/autofs/inode.o
  CC      fs/ext4/hash.o
  CC      drivers/acpi/acpica/utxfinit.o
  CC      drivers/firmware/raspberrypi.o
  CC      drivers/acpi/acpica/utxferror.o
  CC      fs/proc/thread_self.o
  CC      drivers/md/dm-audit.o
  AR      kernel/cgroup/built-in.a
  CC      kernel/audit_tree.o
  AR      fs/unicode/built-in.a
  CC      drivers/md/dm.o
  CC      drivers/cpufreq/cpufreq_governor_attr_set.o
  CC      fs/autofs/root.o
  CC      drivers/edac/ghes_edac.o
  CC      drivers/firmware/sysfb.o
  AR      drivers/power/reset/built-in.a
  CC      drivers/cpufreq/cpufreq-dt-platdev.o
  AR      drivers/power/built-in.a
  CC      drivers/gpu/drm/drm_fb_helper.o
  CC      net/ipv4/xfrm4_state.o
  CC      drivers/clocksource/sh_cmt.o
  CC      drivers/thermal/devfreq_cooling.o
  AR      drivers/crypto/amlogic/built-in.a
  CC      drivers/thermal/pcie_cooling.o
  AR      drivers/crypto/built-in.a
  CC      drivers/cpufreq/ti-cpufreq.o
  CC      drivers/acpi/acpica/utxfmutex.o
  CC      kernel/kprobes.o
  CC      fs/autofs/symlink.o
  CC      fs/ext4/ialloc.o
  CC      drivers/firmware/sysfb_simplefb.o
  CC      mm/early_ioremap.o
  CC [M]  lib/reed_solomon/reed_solomon.o
  AR      drivers/cpuidle/built-in.a
  AR      lib/lib.a
  CC      fs/proc/proc_sysctl.o
  TEST    lib/test_fortify/read_overflow-memchr.log
  CC      net/ipv4/xfrm4_input.o
  CC      kernel/debug/debug_core.o
  CC      fs/debugfs/inode.o
  CC      fs/ext4/indirect.o
  CC      mm/cma.o
  CC      kernel/watchdog.o
  CC      kernel/debug/gdbstub.o
  AR      drivers/acpi/acpica/built-in.a
  CC      fs/proc/proc_net.o
  AR      drivers/acpi/built-in.a
  AR      fs/jbd2/built-in.a
  AR      lib/built-in.a
  CC      drivers/firmware/ti_sci.o
  CC      fs/debugfs/file.o
  CC      drivers/hid/bpf/hid_bpf_dispatch.o
  CC      fs/autofs/waitq.o
  AR      drivers/edac/built-in.a
  TEST    lib/test_fortify/read_overflow-memchr_inv.log
  CC      drivers/hid/bpf/hid_bpf_struct_ops.o
  CC      drivers/clocksource/renesas-ostm.o
  AR      drivers/cpufreq/built-in.a
  AR      drivers/thermal/built-in.a
  CC      drivers/firmware/arm_ffa/bus.o
  CC      drivers/firmware/arm_ffa/driver.o
  CC      drivers/firmware/arm_scmi/transports/smc.o
  CC      net/ipv4/xfrm4_output.o
  CC      drivers/firmware/arm_ffa/smccc.o
  CC      fs/autofs/expire.o
  CC      kernel/watchdog_perf.o
  CC      drivers/hid/hid-core.o
  CC      drivers/gpu/drm/clients/drm_client_setup.o
  CC      drivers/md/dm-table.o
  TEST    lib/test_fortify/read_overflow-memcmp.log
  CC      fs/ext4/inline.o
  CC      fs/ext4/inode.o
  CC      drivers/clocksource/sh_tmu.o
  CC      drivers/firmware/arm_scmi/vendors/imx/imx-sm-bbm.o
  TEST    lib/test_fortify/read_overflow-memscan.log
  CC      fs/proc/kcore.o
  CC      drivers/firmware/meson/meson_sm.o
  CC      mm/numa.o
  CC      drivers/firmware/imx/sm-cpu.o
  CC      drivers/firmware/efi/efi-bgrt.o
  CC      drivers/firmware/imx/sm-lmm.o
  CC      drivers/firmware/arm_scmi/vendors/imx/imx-sm-cpu.o
  CC      drivers/firmware/efi/efi.o
  CC      drivers/gpu/drm/clients/drm_fbdev_client.o
  CC      drivers/firmware/efi/vars.o
  AR      kernel/debug/built-in.a
  CC      drivers/hid/hid-input.o
  CC      drivers/firmware/arm_scmi/transports/mailbox.o
  CC      drivers/clocksource/mmio.o
  CC      fs/ext4/ioctl.o
  CC      net/ipv4/xfrm4_protocol.o
  AR      fs/debugfs/built-in.a
  CC      mm/numa_memblks.o
  CC      drivers/firmware/efi/reboot.o
  TEST    lib/test_fortify/read_overflow2-memcmp.log
  AR      drivers/hid/bpf/built-in.a
  TEST    lib/test_fortify/read_overflow2-memcpy.log
  CC      kernel/seccomp.o
  CC      drivers/firmware/arm_scmi/bus.o
  CC      fs/autofs/dev-ioctl.o
  CC      drivers/firmware/psci/psci.o
  CC      drivers/of/base.o
  CC      drivers/firmware/efi/memattr.o
  AR      drivers/firmware/imx/built-in.a
  CC      fs/proc/vmcore.o
  CC      drivers/clocksource/timer-ti-dm.o
  CC      fs/tracefs/inode.o
  CC      kernel/relay.o
  AR      drivers/firmware/meson/built-in.a
  CC      net/ipv4/tcp_ao.o
  CC      drivers/firmware/qcom/qcom_scm.o
  CC      drivers/firmware/arm_scmi/transports/virtio.o
  CC      fs/proc/kmsg.o
  TEST    lib/test_fortify/read_overflow2-memmove.log
  CC      drivers/firmware/arm_scmi/vendors/imx/imx-sm-lmm.o
  CC      fs/ext4/mballoc.o
  CC      mm/page_ext.o
  CC      fs/proc/page.o
  CC      drivers/md/dm-target.o
  AR      drivers/gpu/drm/clients/built-in.a
  CC      drivers/md/dm-linear.o
  CC      drivers/firmware/efi/tpm.o
  CC      drivers/of/cpu.o
  CC      drivers/gpu/drm/sysfb/drm_sysfb.o
  CC      drivers/hid/hid-quirks.o
  TEST    lib/test_fortify/read_overflow2_field-memcpy.log
  CC      fs/tracefs/event_inode.o
  CC      kernel/utsname_sysctl.o
  CC      drivers/firmware/qcom/qcom_scm-smc.o
  CC      net/ipv4/bpf_tcp_ca.o
  CC      drivers/clocksource/timer-rockchip.o
  CC      drivers/firmware/smccc/smccc.o
  AR      drivers/firmware/psci/built-in.a
  AR      fs/autofs/built-in.a
  CC      drivers/md/dm-stripe.o
  AR      drivers/staging/media/built-in.a
  AR      drivers/staging/built-in.a
  TEST    lib/test_fortify/read_overflow2_field-memmove.log
  AR      drivers/firmware/arm_scmi/vendors/imx/built-in.a
  CC      mm/secretmem.o
  CC      drivers/gpu/drm/sysfb/drm_sysfb_modeset.o
  AR      drivers/firmware/arm_ffa/built-in.a
  CC      drivers/of/device.o
  CC      fs/ext4/migrate.o
  CC      drivers/hid/hid-debug.o
  CC      drivers/clocksource/timer-sun4i.o
  CC      drivers/firmware/qcom/qcom_scm-legacy.o
  CC      drivers/firmware/efi/memmap.o
  CC      drivers/firmware/tegra/bpmp.o
  CC      drivers/firmware/tegra/bpmp-tegra210.o
  AR      drivers/firmware/arm_scmi/transports/built-in.a
  CC      drivers/firmware/arm_scmi/driver.o
  CC      fs/pstore/inode.o
  CC      fs/proc/bootconfig.o
  CC      fs/ext4/mmp.o
  CC      drivers/of/module.o
  TEST    lib/test_fortify/write_overflow-memcpy.log
  CC      mm/cma_sysfs.o
  CC      drivers/clocksource/timer-tegra.o
  CC      drivers/firmware/smccc/kvm_guest.o
  CC      fs/pstore/platform.o
  CC      kernel/delayacct.o
  CC      drivers/firmware/arm_scmi/notify.o
  CC      drivers/firmware/xilinx/zynqmp.o
  CC      drivers/firmware/xilinx/zynqmp-ufs.o
  CC      fs/btrfs/super.o
  TEST    lib/test_fortify/write_overflow-memmove.log
  CC      drivers/firmware/tegra/bpmp-tegra186.o
  AR      fs/tracefs/built-in.a
  CC      drivers/firmware/efi/fdtparams.o
  CC      drivers/gpu/drm/sysfb/drm_sysfb_screen_info.o
  CC      drivers/firmware/qcom/qcom_tzmem.o
  AR      fs/proc/built-in.a
  CC      drivers/of/platform.o
  CC      fs/ext4/move_extent.o
  CC      drivers/platform/chrome/chromeos_of_hw_prober.o
  CC      drivers/md/dm-ioctl.o
  CC      drivers/platform/chrome/chromeos_tbmc.o
  CC      drivers/firmware/smccc/soc_id.o
  CC      drivers/gpu/drm/sysfb/simpledrm.o
  CC      drivers/mailbox/mailbox.o
  CC      mm/userfaultfd.o
  TEST    lib/test_fortify/write_overflow-memset.log
  CC      drivers/mailbox/rockchip-mailbox.o
  CC      drivers/firmware/xilinx/zynqmp-crypto.o
  CC      drivers/clocksource/timer-tegra186.o
  CC      kernel/taskstats.o
  CC      drivers/firmware/tegra/bpmp-debugfs.o
  CC      drivers/hwspinlock/hwspinlock_core.o
  CC      drivers/hid/hid-haptic.o
  CC      fs/ext4/namei.o
  CC [M]  fs/pstore/ram.o
  CC      drivers/firmware/efi/esrt.o
  CC      drivers/firmware/efi/efi-pstore.o
  TEST    lib/test_fortify/write_overflow-strcpy-lit.log
  AR      net/ipv4/built-in.a
  CC      drivers/mailbox/pcc.o
  AR      net/built-in.a
  TEST    lib/test_fortify/write_overflow-strcpy.log
  AR      drivers/firmware/smccc/built-in.a
  CC      fs/efivarfs/inode.o
  CC      drivers/md/dm-io.o
  CC      drivers/of/property.o
  CC      drivers/hid/hidraw.o
  CC      fs/btrfs/ctree.o
  AR      drivers/firmware/xilinx/built-in.a
  CC [M]  fs/pstore/ram_core.o
  CC      drivers/firmware/qcom/qcom_qseecom.o
  CC      drivers/firmware/arm_scmi/quirks.o
  AR      drivers/platform/chrome/built-in.a
  CC      fs/bpf_fs_kfuncs.o
  AR      drivers/platform/built-in.a
  CC      mm/page_idle.o
  CC      drivers/firmware/tegra/ivc.o
  CC      drivers/firmware/efi/cper.o
  TEST    lib/test_fortify/write_overflow-strncpy-src.log
  CC      drivers/clocksource/arm_arch_timer.o
  CC      fs/efivarfs/file.o
  AR      drivers/hwspinlock/built-in.a
  CC      kernel/tsacct.o
  CC      drivers/md/dm-kcopyd.o
  CC      fs/btrfs/extent-tree.o
  AR      drivers/gpu/drm/sysfb/built-in.a
  AR      drivers/gpu/drm/built-in.a
  CC      drivers/hid/hid-generic.o
  TEST    lib/test_fortify/write_overflow-strncpy.log
  CC      drivers/firmware/qcom/qcom_qseecom_uefisecapp.o
  AR      fs/pstore/built-in.a
  AR      drivers/gpu/built-in.a
  CC      fs/resctrl/rdtgroup.o
  CC      drivers/mailbox/bcm2835-mailbox.o
  CC      kernel/tracepoint.o
  CC [M]  fs/fuse/trace.o
  CC      drivers/of/kobj.o
  CC      drivers/md/dm-sysfs.o
  CC      drivers/firmware/efi/cper_cxl.o
  CC      kernel/latencytop.o
  CC      fs/resctrl/ctrlmondata.o
  CC      fs/ext4/page-io.o
  CC      fs/ext4/readpage.o
  CC      drivers/firmware/arm_scmi/base.o
  TEST    lib/test_fortify/write_overflow-strscpy.log
  LD [M]  fs/pstore/ramoops.o
  CC      fs/resctrl/monitor.o
  CC      fs/efivarfs/super.o
  CC      drivers/mailbox/ti-msgmgr.o
  CC      drivers/hid/hid-magicmouse.o
  AR      drivers/firmware/tegra/built-in.a
  CC      drivers/clocksource/arm_arch_timer_mmio.o
  CC      drivers/firmware/efi/runtime-wrappers.o
  CC      fs/btrfs/print-tree.o
  CC [M]  fs/fuse/dev.o
  CC      drivers/of/dynamic.o
  CC      drivers/md/dm-stats.o
  TEST    lib/test_fortify/write_overflow_field-memcpy.log
  CC      fs/efivarfs/vars.o
  CC      drivers/hid/hid-ntrig.o
  CC      drivers/clocksource/timer-sp804.o
  CC      drivers/hid/usbhid/hid-core.o
  AR      drivers/firmware/qcom/built-in.a
  CC      drivers/hid/i2c-hid/i2c-hid-core.o
  CC      drivers/hid/usbhid/hiddev.o
  CC      drivers/clocksource/dummy_timer.o
  CC      mm/damon/core.o
  CC      drivers/md/dm-rq.o
  CC      kernel/trace/trace_clock.o
  CC      drivers/of/fdt.o
  CC      drivers/firmware/arm_scmi/clock.o
  CC      kernel/trace/ftrace.o
  TEST    lib/test_fortify/write_overflow_field-memmove.log
  CC      kernel/trace/ring_buffer.o
  CC      drivers/mailbox/hi3660-mailbox.o
  CC      fs/ext4/resize.o
  CC      drivers/hid/i2c-hid/i2c-hid-dmi-quirks.o
  CC      fs/ext4/super.o
  CC      drivers/firmware/efi/mokvar-table.o
  CC [M]  fs/fuse/dir.o
  CC      kernel/irq_work.o
  CC      drivers/firmware/arm_scmi/perf.o
  CC      drivers/clocksource/timer-imx-sysctr.o
  TEST    lib/test_fortify/write_overflow_field-memset.log
  AR      fs/efivarfs/built-in.a
  CC      drivers/clocksource/timer-nxp-stm.o
  CC      drivers/md/dm-io-rewind.o
  CC      drivers/firmware/efi/ovmf-debug-log.o
  CC      drivers/hid/i2c-hid/i2c-hid-of.o
  CC      drivers/hid/usbhid/hid-pidff.o
  CC      drivers/firmware/arm_scmi/power.o
  CC      mm/damon/ops-common.o
  CC      kernel/cpu_pm.o
  CC      fs/btrfs/root-tree.o
  CC      mm/usercopy.o
  CAT     lib/test_fortify/test_fortify.log
  CC      fs/ext4/symlink.o
  CC      drivers/firmware/efi/sysfb_efi.o
  CC      drivers/mailbox/hi6220-mailbox.o
  CC      fs/btrfs/dir-item.o
  CC      drivers/of/fdt_address.o
  CC      drivers/md/dm-builtin.o
  AR      fs/resctrl/built-in.a
  CC [M]  fs/fuse/file.o
  CC      drivers/remoteproc/remoteproc_core.o
  CC      fs/ext4/sysfs.o
  CC      drivers/of/address.o
  CC      fs/ext4/xattr.o
  CC      mm/damon/vaddr.o
  AR      drivers/clocksource/built-in.a
  CC      drivers/firmware/arm_scmi/reset.o
  CC      drivers/firmware/arm_scmi/sensors.o
  CC      kernel/bpf/core.o
  CC      drivers/md/dm-bufio.o
  CC [M]  fs/fuse/inode.o
  CC      drivers/remoteproc/remoteproc_coredump.o
  AR      drivers/hid/i2c-hid/built-in.a
  CC      mm/damon/paddr.o
  CC      drivers/virt/vmgenid.o
  CC      kernel/events/core.o
  CC      kernel/events/ring_buffer.o
  CC      kernel/events/callchain.o
  CC      drivers/mailbox/tegra-hsp.o
  CC      drivers/firmware/efi/efi-init.o
  CC      fs/btrfs/file-item.o
  CC      kernel/trace/trace.o
  CC [M]  fs/fuse/control.o
  CC      drivers/hv/hv_common.o
  CC      drivers/firmware/efi/arm-runtime.o
  CC      kernel/padata.o
  CC      kernel/jump_label.o
  AR      drivers/hid/usbhid/built-in.a
  CC      mm/memremap.o
  CC      drivers/of/irq.o
  AR      drivers/hid/built-in.a
  CC      mm/memfd.o
  CC      drivers/devfreq/devfreq.o
  CC      mm/ptdump.o
  CC      drivers/firmware/arm_scmi/system.o
  CC      kernel/events/hw_breakpoint.o
  CC      drivers/remoteproc/remoteproc_debugfs.o
  AR      drivers/virt/coco/built-in.a
  AR      drivers/virt/built-in.a
  CC      drivers/mailbox/zynqmp-ipi-mailbox.o
  CC      drivers/mailbox/sun6i-msgbox.o
  CC      drivers/firmware/efi/earlycon.o
  CC      kernel/bpf/syscall.o
  CC      mm/damon/sysfs-common.o
  CC      fs/ext4/xattr_hurd.o
  CC      fs/ext4/xattr_trusted.o
  CC      drivers/firmware/arm_scmi/voltage.o
  AR      drivers/hv/built-in.a
  CC      drivers/devfreq/devfreq-event.o
  CC      kernel/context_tracking.o
  CC      drivers/remoteproc/remoteproc_sysfs.o
  CC      mm/damon/sysfs-schemes.o
  CC      fs/ext4/xattr_user.o
  CC [M]  fs/fuse/xattr.o
  CC      drivers/md/dm-snap.o
  CC      kernel/bpf/verifier.o
  CC      kernel/events/uprobes.o
  CC      drivers/of/of_reserved_mem.o
  CC      kernel/trace/trace_output.o
  CC      mm/damon/sysfs.o
  CC      drivers/remoteproc/remoteproc_virtio.o
  CC      kernel/iomem.o
  CC      fs/btrfs/inode-item.o
  CC      drivers/firmware/efi/cper-arm.o
  CC      drivers/firmware/arm_scmi/powercap.o
  CC      drivers/of/resolver.o
  AR      drivers/mailbox/built-in.a
  CC      drivers/md/dm-exception-store.o
  CC      drivers/extcon/extcon.o
  CC      kernel/bpf/inode.o
  CC      kernel/rseq.o
  CC      mm/page_reporting.o
  CC [M]  fs/fuse/acl.o
  CC      drivers/extcon/devres.o
  CC      drivers/memory/omap-gpmc.o
  CC      mm/damon/modules-common.o
  CC      fs/btrfs/disk-io.o
  CC      drivers/md/dm-snap-transient.o
  CC      kernel/bpf/helpers.o
  AR      drivers/devfreq/built-in.a
  CC      drivers/firmware/arm_scmi/pinctrl.o
  CC      drivers/of/overlay.o
  CC      mm/damon/reclaim.o
  CC      drivers/firmware/efi/libstub/alignedmem.o
  CC      drivers/remoteproc/remoteproc_elf_loader.o
  CC      drivers/memory/tegra/mc.o
  CC      fs/btrfs/transaction.o
  CC      mm/damon/stat.o
  CC      drivers/firmware/arm_scmi/shmem.o
  CC      fs/ext4/fast_commit.o
  CC      drivers/powercap/dtpm.o
  CC      kernel/trace/trace_seq.o
  CC      drivers/of/of_numa.o
  AR      drivers/extcon/built-in.a
  CC      drivers/md/dm-snap-persistent.o
  CC      kernel/watch_queue.o
  CC      drivers/firmware/arm_scmi/msg.o
  CC      drivers/memory/tegra/tegra124.o
  CC      mm/ioremap.o
  CC [M]  fs/fuse/readdir.o
  CC      kernel/bpf/log.o
  CC      drivers/of/kexec.o
  CC      drivers/firmware/efi/libstub/arm64-stub.o
  CC      fs/ext4/orphan.o
  CC      drivers/powercap/dtpm_cpu.o
  AR      drivers/firmware/efi/built-in.a
  AR      drivers/remoteproc/built-in.a
  CC      drivers/firmware/efi/libstub/arm64.o
  CC      mm/execmem.o
  CC      drivers/perf/arm-ccn.o
  CC      drivers/memory/tegra/tegra210.o
  CC      fs/btrfs/inode.o
  CC      fs/ext4/acl.o
  CC      kernel/trace/trace_stat.o
  AR      mm/damon/built-in.a
  CC      drivers/md/dm-raid1.o
  CC      drivers/firmware/arm_scmi/scmi_power_control.o
  CC      drivers/powercap/dtpm_devfreq.o
  UPD     kernel/config_data
  CC      drivers/md/dm-log.o
  CC [M]  fs/fuse/ioctl.o
  CC      mm/shmem_quota.o
  CC      drivers/ras/ras.o
  CC      drivers/ras/debugfs.o
  CC      kernel/bpf/token.o
  CC      drivers/md/dm-region-hash.o
  CC      kernel/trace/trace_printk.o
  AR      drivers/of/built-in.a
  CC      drivers/firmware/efi/libstub/efi-stub-entry.o
  CC      drivers/memory/tegra/tegra186.o
  CC      drivers/md/dm-zero.o
  CC      fs/btrfs/file.o
  CC      drivers/firmware/efi/libstub/efi-stub-helper.o
  CC      fs/ext4/xattr_security.o
  CC      drivers/powercap/powercap_sys.o
  CC      drivers/perf/arm_pmu.o
  CC      kernel/trace/trace_pid.o
  CC      drivers/thunderbolt/nhi.o
  AR      drivers/firmware/arm_scmi/built-in.a
  CC      drivers/perf/arm_pmu_platform.o
  CC      drivers/memory/tegra/tegra194.o
  CC [M]  fs/fuse/iomode.o
  CC      drivers/perf/arm_pmu_acpi.o
  CC      kernel/trace/trace_snapshot.o
  CC      drivers/firmware/efi/libstub/efi-stub.o
  AR      mm/built-in.a
  CC      drivers/thunderbolt/nhi_ops.o
  CC      drivers/memory/tegra/tegra234.o
  GZIP    kernel/config_data.gz
  CC      drivers/perf/arm_pmuv3.o
  CC      fs/btrfs/defrag.o
  CC      fs/ext4/verity.o
  CC [M]  fs/fuse/passthrough.o
  CC      kernel/trace/pid_list.o
  CC      drivers/thunderbolt/ctl.o
  CC      drivers/android/binderfs.o
  CC      drivers/thunderbolt/tb.o
  CC      drivers/perf/hisilicon/hisi_uncore_pmu.o
  AR      drivers/powercap/built-in.a
  CC      drivers/android/binder.o
  AR      drivers/md/built-in.a
  CC      drivers/android/binder_alloc.o
  CC      kernel/bpf/liveness.o
  CC [M]  kernel/configs.o
  AR      drivers/ras/built-in.a
  CC      drivers/perf/qcom_l2_pmu.o
  CC [M]  fs/fuse/backing.o
  CC      drivers/thunderbolt/switch.o
  CC      drivers/perf/hisilicon/hisi_uncore_l3c_pmu.o
  CC      drivers/memory/tegra/tegra264.o
  CC      fs/btrfs/extent_map.o
  CC      drivers/memory/tegra/tegra186-emc.o
  CC      drivers/firmware/efi/libstub/fdt.o
  CC      drivers/firmware/efi/libstub/file.o
  CC      kernel/bpf/const_fold.o
  CC      drivers/firmware/efi/libstub/gop.o
  CC      kernel/trace/tracing_map.o
  CC      drivers/thunderbolt/cap.o
  CC      drivers/perf/hisilicon/hisi_uncore_hha_pmu.o
  AR      kernel/events/built-in.a
  CC      drivers/thunderbolt/path.o
  CC [M]  fs/fuse/sysctl.o
  CC      drivers/android/binder_netlink.o
  CC      kernel/bpf/bpf_iter.o
  CC      fs/btrfs/sysfs.o
  CC      drivers/perf/qcom_l3_pmu.o
  CC      drivers/firmware/efi/libstub/intrinsics.o
  CC      drivers/nvmem/core.o
  CC      fs/ext4/crypto.o
  CC      drivers/mux/core.o
  AR      drivers/memory/tegra/built-in.a
  CC      drivers/thunderbolt/tunnel.o
  AR      drivers/memory/built-in.a
  CC      kernel/trace/trace_sched_switch.o
  CC      drivers/nvmem/layouts.o
  CC [M]  fs/fuse/dev_uring.o
  CC      drivers/thunderbolt/eeprom.o
  CC      drivers/firmware/efi/libstub/kaslr.o
  CC      kernel/trace/trace_functions.o
  CC      drivers/perf/hisilicon/hisi_uncore_ddrc_pmu.o
  CC      drivers/interconnect/core.o
  CC      drivers/perf/xgene_pmu.o
  CC      kernel/trace/trace_sched_wakeup.o
  CC      drivers/hte/hte.o
  CC      fs/btrfs/accessors.o
  CC      drivers/firmware/efi/libstub/lib-xxhash.o
  CC      drivers/thunderbolt/domain.o
  CC      kernel/trace/trace_hwlat.o
  CC      drivers/perf/arm_brbe.o
  CC      drivers/interconnect/bulk.o
  CC      kernel/bpf/map_iter.o
  CC      kernel/trace/trace_osnoise.o
  CC      fs/btrfs/xattr.o
  AR      drivers/mux/built-in.a
  CC      drivers/cdx/cdx.o
  CC      drivers/perf/apple_m1_cpu_pmu.o
  CC      drivers/perf/hisilicon/hisi_uncore_sllc_pmu.o
  AR      fs/ext4/built-in.a
  CC      drivers/interconnect/debugfs-client.o
  CC      kernel/trace/trace_nop.o
  CC      drivers/thunderbolt/dma_port.o
  CC      fs/btrfs/ordered-data.o
  CC      drivers/resctrl/mpam_devices.o
  CC      drivers/firmware/efi/libstub/mem.o
  AR      drivers/nvmem/built-in.a
  CC [M]  drivers/mtd/mtdcore.o
  CC      drivers/resctrl/mpam_resctrl.o
  AR      drivers/hte/built-in.a
  CC      kernel/trace/trace_stack.o
  CC      fs/btrfs/extent_io.o
  CC      fs/btrfs/volumes.o
  CC      drivers/firmware/efi/libstub/pci.o
  CC [M]  drivers/mtd/mtdsuper.o
  CC      fs/btrfs/async-thread.o
  CC      drivers/thunderbolt/icm.o
  LD [M]  fs/fuse/fuse.o
  CC      drivers/perf/hisilicon/hisi_uncore_pa_pmu.o
  CC      drivers/firmware/efi/libstub/primary_display.o
  CC      kernel/bpf/task_iter.o
  CC      drivers/cdx/cdx_msi.o
  CC [M]  drivers/mtd/mtdconcat.o
  CC      drivers/perf/hisilicon/hisi_uncore_cpa_pmu.o
  CC      drivers/interconnect/qcom/icc-common.o
  CC      drivers/firmware/efi/libstub/printk.o
  CC [M]  drivers/mtd/mtdpart.o
  CC      kernel/bpf/prog_iter.o
  CC      drivers/interconnect/icc-clk.o
  CC      drivers/interconnect/qcom/bcm-voter.o
  CC      drivers/interconnect/qcom/eliza.o
  CC      drivers/perf/hisilicon/hisi_uncore_uc_pmu.o
  CC [M]  drivers/mtd/mtdchar.o
  CC      kernel/bpf/link_iter.o
  CC      drivers/thunderbolt/property.o
  CC      fs/btrfs/ioctl.o
  CC      drivers/interconnect/qcom/glymur.o
  CC      kernel/trace/trace_functions_graph.o
  CC      fs/btrfs/locking.o
  AR      drivers/cdx/built-in.a
  CC      drivers/thunderbolt/xdomain.o
  CC      drivers/perf/hisilicon/hisi_uncore_noc_pmu.o
  CC      drivers/firmware/efi/libstub/random.o
  CC      kernel/bpf/hashtab.o
  CC      fs/btrfs/orphan.o
  CC [M]  drivers/mtd/parsers/ofpart_core.o
  CC      drivers/perf/hisilicon/hisi_uncore_mn_pmu.o
  CC [M]  drivers/mtd/chips/chipreg.o
  CC      kernel/trace/blktrace.o
  CC      kernel/bpf/arraymap.o
  CC      drivers/thunderbolt/lc.o
  CC      drivers/interconnect/qcom/qcs8300.o
  CC      drivers/firmware/efi/libstub/randomalloc.o
  CC      fs/btrfs/export.o
  CC      kernel/bpf/percpu_freelist.o
  CC      kernel/trace/fgraph.o
  CC      drivers/thunderbolt/tmu.o
  CC      fs/btrfs/tree-log.o
  CC      drivers/firmware/efi/libstub/secureboot.o
  CC      drivers/thunderbolt/usb4.o
  CC      drivers/interconnect/qcom/icc-rpmh.o
  CC      fs/btrfs/free-space-cache.o
  CC      kernel/bpf/bpf_lru_list.o
  CC      drivers/firmware/efi/libstub/smbios.o
  CC      drivers/firmware/efi/libstub/systable.o
  CC      kernel/trace/trace_events.o
  CC      drivers/interconnect/qcom/sa8775p.o
  LD [M]  drivers/mtd/parsers/ofpart.o
  CC      fs/btrfs/zlib.o
  CC      kernel/trace/trace_export.o
  CC [M]  drivers/mtd/nand/core.o
  AR      drivers/resctrl/built-in.a
  CC      drivers/thunderbolt/usb4_port.o
  CC      kernel/trace/trace_syscalls.o
  CC      drivers/interconnect/qcom/sc7180.o
  CC      kernel/bpf/lpm_trie.o
  CC      kernel/bpf/map_in_map.o
  AR      drivers/android/built-in.a
  CC      fs/btrfs/lzo.o
  AR      drivers/perf/hisilicon/built-in.a
  AR      drivers/perf/built-in.a
  CC      fs/btrfs/zstd.o
  CC      kernel/bpf/bloom_filter.o
  CC      drivers/thunderbolt/nvm.o
  CC      drivers/firmware/efi/libstub/tpm.o
  CC      drivers/thunderbolt/retimer.o
  CC      drivers/thunderbolt/quirks.o
  CC [M]  drivers/mtd/nand/bbt.o
  CC      drivers/interconnect/qcom/sc7280.o
  CC      kernel/trace/trace_event_perf.o
  CC      fs/btrfs/compression.o
  CC      drivers/thunderbolt/clx.o
  CC      kernel/bpf/local_storage.o
  CC      kernel/trace/trace_events_filter.o
  CC      kernel/bpf/queue_stack_maps.o
  CC      drivers/thunderbolt/acpi.o
  CC      kernel/trace/trace_events_trigger.o
  CC      drivers/firmware/efi/libstub/zboot-decompress-zstd.o
  CC [M]  drivers/mtd/spi-nor/core.o
  CC      drivers/firmware/efi/libstub/zboot.o
  CC      drivers/interconnect/qcom/sc8180x.o
  CC      kernel/bpf/ringbuf.o
  CC [M]  drivers/mtd/nand/ecc.o
  CC      drivers/thunderbolt/debugfs.o
  LD [M]  drivers/mtd/mtd.o
  CC [M]  drivers/mtd/spi-nor/sfdp.o
  CC [M]  drivers/mtd/spi-nor/swp.o
  CC      kernel/trace/trace_eprobe.o
  CC      fs/btrfs/delayed-ref.o
  CC [M]  drivers/mtd/nand/ecc-sw-hamming.o
  STUBCPY drivers/firmware/efi/libstub/alignedmem.stub.o
  CC      kernel/bpf/bpf_insn_array.o
  CC      kernel/trace/trace_events_synth.o
  CC [M]  drivers/mtd/nand/ecc-mxic.o
  CC [M]  drivers/mtd/spi-nor/otp.o
  STUBCPY drivers/firmware/efi/libstub/arm64-stub.stub.o
  CC      fs/btrfs/relocation.o
  CC      drivers/interconnect/qcom/sc8280xp.o
  CC      kernel/bpf/bpf_local_storage.o
  CC [M]  drivers/mtd/spi-nor/sysfs.o
  CC      kernel/trace/trace_events_hist.o
  STUBCPY drivers/firmware/efi/libstub/arm64.stub.o
  CC      drivers/interconnect/qcom/x1e80100.o
  STUBCPY drivers/firmware/efi/libstub/efi-stub-entry.stub.o
  STUBCPY drivers/firmware/efi/libstub/efi-stub-helper.stub.o
  CC      kernel/bpf/bpf_task_storage.o
  CC      kernel/trace/bpf_trace.o
  STUBCPY drivers/firmware/efi/libstub/efi-stub.stub.o
  CC      fs/btrfs/delayed-inode.o
  CC [M]  drivers/mtd/spi-nor/atmel.o
  CC      fs/btrfs/scrub.o
  CC      fs/btrfs/backref.o
  CC      kernel/trace/trace_kprobe.o
  CC      kernel/trace/error_report-traces.o
  CC      kernel/bpf/fixups.o
  CC [M]  drivers/mtd/spi-nor/eon.o
  AR      drivers/thunderbolt/built-in.a
  STUBCPY drivers/firmware/efi/libstub/fdt.stub.o
  CC      kernel/trace/power-traces.o
  CC      kernel/bpf/cfg.o
  CC      fs/btrfs/ulist.o
  CC      kernel/trace/rpm-traces.o
  STUBCPY drivers/firmware/efi/libstub/file.stub.o
  CC      fs/btrfs/qgroup.o
  STUBCPY drivers/firmware/efi/libstub/gop.stub.o
  STUBCPY drivers/firmware/efi/libstub/intrinsics.stub.o
  CC [M]  drivers/mtd/spi-nor/esmt.o
  CC      kernel/bpf/states.o
  CC      fs/btrfs/send.o
  AR      drivers/interconnect/qcom/built-in.a
  AR      drivers/interconnect/built-in.a
  CC      kernel/trace/trace_dynevent.o
  STUBCPY drivers/firmware/efi/libstub/kaslr.stub.o
  CC      fs/btrfs/dev-replace.o
  CC      fs/btrfs/raid56.o
  CC [M]  drivers/mtd/spi-nor/everspin.o
  LD [M]  drivers/mtd/nand/nandcore.o
  CC      kernel/bpf/backtrack.o
  CC      kernel/trace/trace_probe.o
  STUBCPY drivers/firmware/efi/libstub/lib-xxhash.stub.o
  CC      kernel/bpf/check_btf.o
  CC [M]  drivers/mtd/spi-nor/gigadevice.o
  CC      kernel/trace/trace_uprobe.o
  CC      kernel/bpf/bpf_inode_storage.o
  STUBCPY drivers/firmware/efi/libstub/mem.stub.o
  CC      kernel/trace/trace_boot.o
  CC      fs/btrfs/uuid-tree.o
  CC [M]  drivers/mtd/spi-nor/intel.o
  CC      kernel/bpf/disasm.o
  CC      kernel/trace/fprobe.o
  CC      fs/btrfs/props.o
  STUBCPY drivers/firmware/efi/libstub/pci.stub.o
  STUBCPY drivers/firmware/efi/libstub/primary_display.stub.o
  CC      kernel/bpf/mprog.o
  CC      kernel/trace/trace_fprobe.o
  CC      fs/btrfs/free-space-tree.o
  CC [M]  drivers/mtd/spi-nor/issi.o
  STUBCPY drivers/firmware/efi/libstub/printk.stub.o
  STUBCPY drivers/firmware/efi/libstub/random.stub.o
  CC      fs/btrfs/tree-checker.o
  CC      kernel/bpf/trampoline.o
  CC      kernel/trace/rv/rv.o
  CC      kernel/trace/rv/monitors/wwnr/wwnr.o
  STUBCPY drivers/firmware/efi/libstub/randomalloc.stub.o
  CC      kernel/bpf/btf.o
  CC      kernel/trace/rv/monitors/sched/sched.o
  CC [M]  drivers/mtd/spi-nor/macronix.o
  CC      fs/btrfs/space-info.o
  STUBCPY drivers/firmware/efi/libstub/secureboot.stub.o
  CC      kernel/bpf/memalloc.o
  STUBCPY drivers/firmware/efi/libstub/smbios.stub.o
  CC      kernel/trace/rv/monitors/sco/sco.o
  CC [M]  drivers/mtd/spi-nor/micron-st.o
  CC      fs/btrfs/block-rsv.o
  CC      kernel/trace/rv/monitors/snroc/snroc.o
  STUBCPY drivers/firmware/efi/libstub/systable.stub.o
  CC      fs/btrfs/delalloc-space.o
  STUBCPY drivers/firmware/efi/libstub/tpm.stub.o
  STUBCPY drivers/firmware/efi/libstub/zboot.stub.o
  CC      kernel/bpf/rqspinlock.o
  CC [M]  drivers/mtd/spi-nor/spansion.o
  CC      kernel/bpf/stream.o
  CC [M]  drivers/mtd/spi-nor/sst.o
  CC      kernel/bpf/arena.o
  CC      fs/btrfs/block-group.o
  CC [M]  drivers/mtd/spi-nor/winbond.o
  CC      kernel/trace/rv/monitors/sssw/sssw.o
  STUBCPY drivers/firmware/efi/libstub/zboot-decompress-zstd.stub.o
  CC      kernel/bpf/range_tree.o
  AR      drivers/firmware/efi/libstub/lib.a
  CC      kernel/trace/rv/monitors/opid/opid.o
  AR      drivers/firmware/built-in.a
  AR      drivers/built-in.a
  CC [M]  drivers/mtd/spi-nor/xmc.o
  CC      kernel/bpf/dispatcher.o
  CC      kernel/trace/rv/rv_reactors.o
  CC [M]  drivers/mtd/spi-nor/debugfs.o
  CC      kernel/bpf/devmap.o
  CC      kernel/bpf/cpumap.o
  CC      kernel/trace/rv/reactor_printk.o
  CC      fs/btrfs/discard.o
  CC      kernel/bpf/offload.o
  CC      kernel/trace/rv/reactor_panic.o
  CC      fs/btrfs/reflink.o
  CC      kernel/bpf/net_namespace.o
  CC      fs/btrfs/subpage.o
  CC      kernel/bpf/tcx.o
  CC      fs/btrfs/tree-mod-log.o
  CC      kernel/bpf/stackmap.o
  CC      fs/btrfs/extent-io-tree.o
  CC      fs/btrfs/fs.o
  CC      kernel/bpf/cgroup_iter.o
  CC      fs/btrfs/messages.o
  CC      fs/btrfs/bio.o
  CC      kernel/bpf/bpf_cgrp_storage.o
  CC      fs/btrfs/lru_cache.o
  CC      kernel/bpf/cgroup.o
  CC      fs/btrfs/raid-stripe-tree.o
  CC      fs/btrfs/fiemap.o
  CC      kernel/bpf/reuseport_array.o
  CC      fs/btrfs/direct-io.o
  LD [M]  drivers/mtd/spi-nor/spi-nor.o
  CC      kernel/bpf/bpf_struct_ops.o
  CC      fs/btrfs/acl.o
  CC      kernel/bpf/cpumask.o
  CC      kernel/bpf/bpf_lsm_proto.o
  CC      fs/btrfs/zoned.o
  CC      kernel/bpf/bpf_lsm.o
  AR      kernel/trace/rv/built-in.a
  AR      kernel/trace/built-in.a
  CC      fs/btrfs/verity.o
  CC      kernel/bpf/crypto.o
  CC      kernel/bpf/relo_core.o
  CC      kernel/bpf/btf_iter.o
  CC      kernel/bpf/btf_relocate.o
  CC      kernel/bpf/kmem_cache_iter.o
  CC      kernel/bpf/dmabuf_iter.o
  AR      fs/btrfs/built-in.a
  AR      fs/built-in.a
  AR      kernel/bpf/built-in.a
  AR      kernel/built-in.a
  AR      built-in.a
  AR      vmlinux.a
  LD      vmlinux.o
  MODPOST Module.symvers
  CC      .vmlinux.export.o
  CC [M]  arch/arm64/crypto/ghash-ce.mod.o
  CC [M]  .module-common.o
  CC [M]  kernel/configs.mod.o
  CC [M]  fs/pstore/ramoops.mod.o
  CC [M]  fs/fuse/fuse.mod.o
  CC [M]  lib/crypto/gf128mul.mod.o
  CC [M]  lib/lz4/lz4_compress.mod.o
  CC [M]  lib/lz4/lz4hc_compress.mod.o
  CC [M]  lib/reed_solomon/reed_solomon.mod.o
  CC [M]  drivers/leds/trigger/ledtrig-default-on.mod.o
  CC [M]  drivers/leds/leds-gpio.mod.o
  CC [M]  drivers/block/zram/zram.mod.o
  CC [M]  drivers/misc/eeprom/at24.mod.o
  CC [M]  drivers/spi/spi-dw.mod.o
  CC [M]  drivers/spi/spi-dw-mmio.mod.o
  CC [M]  drivers/net/phy/qcom/qcom-phy-lib.mod.o
  CC [M]  drivers/net/phy/qcom/at803x.mod.o
  CC [M]  drivers/input/keyboard/gpio_keys.mod.o
  CC [M]  drivers/i2c/muxes/i2c-mux-pca954x.mod.o
  CC [M]  drivers/i2c/i2c-dev.mod.o
  CC [M]  drivers/i2c/i2c-mux.mod.o
  CC [M]  drivers/hwmon/hwmon-vid.mod.o
  CC [M]  drivers/hwmon/adt7475.mod.o
  CC [M]  drivers/watchdog/sp805_wdt.mod.o
  CC [M]  drivers/mtd/parsers/ofpart.mod.o
  CC [M]  drivers/mtd/chips/chipreg.mod.o
  CC [M]  drivers/mtd/nand/nandcore.mod.o
  CC [M]  drivers/mtd/mtd.mod.o
  CC [M]  drivers/mtd/spi-nor/spi-nor.mod.o
  CC [M]  net/rfkill/rfkill.mod.o
  LD [M]  drivers/mtd/spi-nor/spi-nor.ko
  LD [M]  drivers/i2c/i2c-mux.ko
  LD [M]  drivers/leds/trigger/ledtrig-default-on.ko
  LD [M]  drivers/i2c/i2c-dev.ko
  LD [M]  drivers/hwmon/adt7475.ko
  LD [M]  drivers/mtd/parsers/ofpart.ko
  LD [M]  arch/arm64/crypto/ghash-ce.ko
  LD [M]  drivers/input/keyboard/gpio_keys.ko
  LD [M]  drivers/block/zram/zram.ko
  LD [M]  lib/crypto/gf128mul.ko
  LD [M]  drivers/misc/eeprom/at24.ko
  LD [M]  drivers/spi/spi-dw-mmio.ko
  LD [M]  drivers/net/phy/qcom/qcom-phy-lib.ko
  LD [M]  drivers/leds/leds-gpio.ko
  LD [M]  lib/lz4/lz4_compress.ko
  LD [M]  drivers/mtd/chips/chipreg.ko
  LD [M]  kernel/configs.ko
  LD [M]  drivers/net/phy/qcom/at803x.ko
  LD [M]  drivers/mtd/nand/nandcore.ko
  LD [M]  drivers/spi/spi-dw.ko
  LD [M]  drivers/hwmon/hwmon-vid.ko
  LD [M]  drivers/mtd/mtd.ko
  LD [M]  fs/pstore/ramoops.ko
  LD [M]  fs/fuse/fuse.ko
  LD [M]  lib/lz4/lz4hc_compress.ko
  LD [M]  net/rfkill/rfkill.ko
  LD [M]  drivers/i2c/muxes/i2c-mux-pca954x.ko
  LD [M]  drivers/watchdog/sp805_wdt.ko
  LD [M]  lib/reed_solomon/reed_solomon.ko
  UPD     include/generated/utsversion.h
  CC      init/version-timestamp.o
  KSYMS   .tmp_vmlinux0.kallsyms.S
  AS      .tmp_vmlinux0.kallsyms.o
  LD      .tmp_vmlinux1
  NM      .tmp_vmlinux1.syms
  KSYMS   .tmp_vmlinux1.kallsyms.S
  AS      .tmp_vmlinux1.kallsyms.o
  LD      .tmp_vmlinux2
  NM      .tmp_vmlinux2.syms
  KSYMS   .tmp_vmlinux2.kallsyms.S
  AS      .tmp_vmlinux2.kallsyms.o
  LD      vmlinux.unstripped
  NM      System.map
  SORTTAB vmlinux.unstripped
  OBJCOPY vmlinux
  GEN     modules.builtin.modinfo
  GEN     modules.builtin
  OBJCOPY arch/arm64/boot/Image
make: Leaving directory '/mnt/2tb/unvr-port-refs/linux-v7.1.8'
+ make -C /mnt/2tb/unvr-port-refs/linux-v7.1.8 INSTALL_MOD_PATH=/mnt/2tb/unvr-port-refs/build-out-71-fedora/modroot INSTALL_MOD_STRIP=1 modules_install
make: Entering directory '/mnt/2tb/unvr-port-refs/linux-v7.1.8'
  SYMLINK /mnt/2tb/unvr-port-refs/build-out-71-fedora/modroot/lib/modules/7.1.8-dirty/build
  INSTALL /mnt/2tb/unvr-port-refs/build-out-71-fedora/modroot/lib/modules/7.1.8-dirty/modules.order
  INSTALL /mnt/2tb/unvr-port-refs/build-out-71-fedora/modroot/lib/modules/7.1.8-dirty/modules.builtin
  INSTALL /mnt/2tb/unvr-port-refs/build-out-71-fedora/modroot/lib/modules/7.1.8-dirty/modules.builtin.modinfo
  INSTALL /mnt/2tb/unvr-port-refs/build-out-71-fedora/modroot/lib/modules/7.1.8-dirty/kernel/arch/arm64/crypto/ghash-ce.ko
  STRIP   /mnt/2tb/unvr-port-refs/build-out-71-fedora/modroot/lib/modules/7.1.8-dirty/kernel/arch/arm64/crypto/ghash-ce.ko
  INSTALL /mnt/2tb/unvr-port-refs/build-out-71-fedora/modroot/lib/modules/7.1.8-dirty/kernel/kernel/configs.ko
  STRIP   /mnt/2tb/unvr-port-refs/build-out-71-fedora/modroot/lib/modules/7.1.8-dirty/kernel/kernel/configs.ko
  INSTALL /mnt/2tb/unvr-port-refs/build-out-71-fedora/modroot/lib/modules/7.1.8-dirty/kernel/fs/pstore/ramoops.ko
  STRIP   /mnt/2tb/unvr-port-refs/build-out-71-fedora/modroot/lib/modules/7.1.8-dirty/kernel/fs/pstore/ramoops.ko
  INSTALL /mnt/2tb/unvr-port-refs/build-out-71-fedora/modroot/lib/modules/7.1.8-dirty/kernel/fs/fuse/fuse.ko
  STRIP   /mnt/2tb/unvr-port-refs/build-out-71-fedora/modroot/lib/modules/7.1.8-dirty/kernel/fs/fuse/fuse.ko
  INSTALL /mnt/2tb/unvr-port-refs/build-out-71-fedora/modroot/lib/modules/7.1.8-dirty/kernel/lib/crypto/gf128mul.ko
  STRIP   /mnt/2tb/unvr-port-refs/build-out-71-fedora/modroot/lib/modules/7.1.8-dirty/kernel/lib/crypto/gf128mul.ko
  INSTALL /mnt/2tb/unvr-port-refs/build-out-71-fedora/modroot/lib/modules/7.1.8-dirty/kernel/lib/lz4/lz4_compress.ko
  STRIP   /mnt/2tb/unvr-port-refs/build-out-71-fedora/modroot/lib/modules/7.1.8-dirty/kernel/lib/lz4/lz4_compress.ko
  INSTALL /mnt/2tb/unvr-port-refs/build-out-71-fedora/modroot/lib/modules/7.1.8-dirty/kernel/lib/lz4/lz4hc_compress.ko
  STRIP   /mnt/2tb/unvr-port-refs/build-out-71-fedora/modroot/lib/modules/7.1.8-dirty/kernel/lib/lz4/lz4hc_compress.ko
  INSTALL /mnt/2tb/unvr-port-refs/build-out-71-fedora/modroot/lib/modules/7.1.8-dirty/kernel/lib/reed_solomon/reed_solomon.ko
  STRIP   /mnt/2tb/unvr-port-refs/build-out-71-fedora/modroot/lib/modules/7.1.8-dirty/kernel/lib/reed_solomon/reed_solomon.ko
  INSTALL /mnt/2tb/unvr-port-refs/build-out-71-fedora/modroot/lib/modules/7.1.8-dirty/kernel/drivers/leds/trigger/ledtrig-default-on.ko
  STRIP   /mnt/2tb/unvr-port-refs/build-out-71-fedora/modroot/lib/modules/7.1.8-dirty/kernel/drivers/leds/trigger/ledtrig-default-on.ko
  INSTALL /mnt/2tb/unvr-port-refs/build-out-71-fedora/modroot/lib/modules/7.1.8-dirty/kernel/drivers/leds/leds-gpio.ko
  STRIP   /mnt/2tb/unvr-port-refs/build-out-71-fedora/modroot/lib/modules/7.1.8-dirty/kernel/drivers/leds/leds-gpio.ko
  INSTALL /mnt/2tb/unvr-port-refs/build-out-71-fedora/modroot/lib/modules/7.1.8-dirty/kernel/drivers/block/zram/zram.ko
  STRIP   /mnt/2tb/unvr-port-refs/build-out-71-fedora/modroot/lib/modules/7.1.8-dirty/kernel/drivers/block/zram/zram.ko
  INSTALL /mnt/2tb/unvr-port-refs/build-out-71-fedora/modroot/lib/modules/7.1.8-dirty/kernel/drivers/misc/eeprom/at24.ko
  STRIP   /mnt/2tb/unvr-port-refs/build-out-71-fedora/modroot/lib/modules/7.1.8-dirty/kernel/drivers/misc/eeprom/at24.ko
  INSTALL /mnt/2tb/unvr-port-refs/build-out-71-fedora/modroot/lib/modules/7.1.8-dirty/kernel/drivers/spi/spi-dw.ko
  STRIP   /mnt/2tb/unvr-port-refs/build-out-71-fedora/modroot/lib/modules/7.1.8-dirty/kernel/drivers/spi/spi-dw.ko
  INSTALL /mnt/2tb/unvr-port-refs/build-out-71-fedora/modroot/lib/modules/7.1.8-dirty/kernel/drivers/spi/spi-dw-mmio.ko
  STRIP   /mnt/2tb/unvr-port-refs/build-out-71-fedora/modroot/lib/modules/7.1.8-dirty/kernel/drivers/spi/spi-dw-mmio.ko
  INSTALL /mnt/2tb/unvr-port-refs/build-out-71-fedora/modroot/lib/modules/7.1.8-dirty/kernel/drivers/net/phy/qcom/qcom-phy-lib.ko
  STRIP   /mnt/2tb/unvr-port-refs/build-out-71-fedora/modroot/lib/modules/7.1.8-dirty/kernel/drivers/net/phy/qcom/qcom-phy-lib.ko
  INSTALL /mnt/2tb/unvr-port-refs/build-out-71-fedora/modroot/lib/modules/7.1.8-dirty/kernel/drivers/net/phy/qcom/at803x.ko
  STRIP   /mnt/2tb/unvr-port-refs/build-out-71-fedora/modroot/lib/modules/7.1.8-dirty/kernel/drivers/net/phy/qcom/at803x.ko
  INSTALL /mnt/2tb/unvr-port-refs/build-out-71-fedora/modroot/lib/modules/7.1.8-dirty/kernel/drivers/input/keyboard/gpio_keys.ko
  STRIP   /mnt/2tb/unvr-port-refs/build-out-71-fedora/modroot/lib/modules/7.1.8-dirty/kernel/drivers/input/keyboard/gpio_keys.ko
  INSTALL /mnt/2tb/unvr-port-refs/build-out-71-fedora/modroot/lib/modules/7.1.8-dirty/kernel/drivers/i2c/muxes/i2c-mux-pca954x.ko
  STRIP   /mnt/2tb/unvr-port-refs/build-out-71-fedora/modroot/lib/modules/7.1.8-dirty/kernel/drivers/i2c/muxes/i2c-mux-pca954x.ko
  INSTALL /mnt/2tb/unvr-port-refs/build-out-71-fedora/modroot/lib/modules/7.1.8-dirty/kernel/drivers/i2c/i2c-dev.ko
  STRIP   /mnt/2tb/unvr-port-refs/build-out-71-fedora/modroot/lib/modules/7.1.8-dirty/kernel/drivers/i2c/i2c-dev.ko
  INSTALL /mnt/2tb/unvr-port-refs/build-out-71-fedora/modroot/lib/modules/7.1.8-dirty/kernel/drivers/i2c/i2c-mux.ko
  STRIP   /mnt/2tb/unvr-port-refs/build-out-71-fedora/modroot/lib/modules/7.1.8-dirty/kernel/drivers/i2c/i2c-mux.ko
  INSTALL /mnt/2tb/unvr-port-refs/build-out-71-fedora/modroot/lib/modules/7.1.8-dirty/kernel/drivers/hwmon/hwmon-vid.ko
  STRIP   /mnt/2tb/unvr-port-refs/build-out-71-fedora/modroot/lib/modules/7.1.8-dirty/kernel/drivers/hwmon/hwmon-vid.ko
  INSTALL /mnt/2tb/unvr-port-refs/build-out-71-fedora/modroot/lib/modules/7.1.8-dirty/kernel/drivers/hwmon/adt7475.ko
  STRIP   /mnt/2tb/unvr-port-refs/build-out-71-fedora/modroot/lib/modules/7.1.8-dirty/kernel/drivers/hwmon/adt7475.ko
  INSTALL /mnt/2tb/unvr-port-refs/build-out-71-fedora/modroot/lib/modules/7.1.8-dirty/kernel/drivers/watchdog/sp805_wdt.ko
  STRIP   /mnt/2tb/unvr-port-refs/build-out-71-fedora/modroot/lib/modules/7.1.8-dirty/kernel/drivers/watchdog/sp805_wdt.ko
  INSTALL /mnt/2tb/unvr-port-refs/build-out-71-fedora/modroot/lib/modules/7.1.8-dirty/kernel/drivers/mtd/parsers/ofpart.ko
  STRIP   /mnt/2tb/unvr-port-refs/build-out-71-fedora/modroot/lib/modules/7.1.8-dirty/kernel/drivers/mtd/parsers/ofpart.ko
  INSTALL /mnt/2tb/unvr-port-refs/build-out-71-fedora/modroot/lib/modules/7.1.8-dirty/kernel/drivers/mtd/chips/chipreg.ko
  STRIP   /mnt/2tb/unvr-port-refs/build-out-71-fedora/modroot/lib/modules/7.1.8-dirty/kernel/drivers/mtd/chips/chipreg.ko
  INSTALL /mnt/2tb/unvr-port-refs/build-out-71-fedora/modroot/lib/modules/7.1.8-dirty/kernel/drivers/mtd/nand/nandcore.ko
  STRIP   /mnt/2tb/unvr-port-refs/build-out-71-fedora/modroot/lib/modules/7.1.8-dirty/kernel/drivers/mtd/nand/nandcore.ko
  INSTALL /mnt/2tb/unvr-port-refs/build-out-71-fedora/modroot/lib/modules/7.1.8-dirty/kernel/drivers/mtd/mtd.ko
  STRIP   /mnt/2tb/unvr-port-refs/build-out-71-fedora/modroot/lib/modules/7.1.8-dirty/kernel/drivers/mtd/mtd.ko
  INSTALL /mnt/2tb/unvr-port-refs/build-out-71-fedora/modroot/lib/modules/7.1.8-dirty/kernel/drivers/mtd/spi-nor/spi-nor.ko
  STRIP   /mnt/2tb/unvr-port-refs/build-out-71-fedora/modroot/lib/modules/7.1.8-dirty/kernel/drivers/mtd/spi-nor/spi-nor.ko
  INSTALL /mnt/2tb/unvr-port-refs/build-out-71-fedora/modroot/lib/modules/7.1.8-dirty/kernel/net/rfkill/rfkill.ko
  STRIP   /mnt/2tb/unvr-port-refs/build-out-71-fedora/modroot/lib/modules/7.1.8-dirty/kernel/net/rfkill/rfkill.ko
  DEPMOD  /mnt/2tb/unvr-port-refs/build-out-71-fedora/modroot/lib/modules/7.1.8-dirty
make: Leaving directory '/mnt/2tb/unvr-port-refs/linux-v7.1.8'
+ make -C /mnt/2tb/unvr-port-refs/linux-v7.1.8 KDIR=/mnt/2tb/unvr-port-refs/linux-v7.1.8 M=/mnt/2tb/unvr-port-refs/build-out-71-fedora/al_eth -j32 modules
make: Entering directory '/mnt/2tb/unvr-port-refs/linux-v7.1.8'
make[1]: Entering directory '/mnt/2tb/unvr-port-refs/build-out-71-fedora/al_eth'
  CC [M]  al_eth_main.o
  CC [M]  al_eth_sysfs.o
  CC [M]  al_eth_group_lm.o
  CC [M]  al_hal_eth_kr.o
  CC [M]  al_hal_eth_main.o
  CC [M]  al_hal_iofic.o
  CC [M]  al_hal_serdes_25g.o
  CC [M]  al_hal_serdes_hssp.o
  CC [M]  al_hal_udma_config.o
  CC [M]  al_hal_udma_debug.o
  CC [M]  al_hal_udma_iofic.o
  CC [M]  al_hal_udma_main.o
  CC [M]  al_init_eth_kr.o
  CC [M]  al_init_eth_lm.o
  CC [M]  al_serdes.o
  CC [M]  alpine_group_lm.o
  CC [M]  alpine_serdes.o
  CC [M]  kcompat.o
In file included from /mnt/2tb/unvr-port-refs/linux-v7.1.8/include/asm-generic/bug.h:31,
                 from /mnt/2tb/unvr-port-refs/linux-v7.1.8/arch/arm64/include/asm/bug.h:26,
                 from /mnt/2tb/unvr-port-refs/linux-v7.1.8/include/linux/bug.h:5,
                 from /mnt/2tb/unvr-port-refs/linux-v7.1.8/include/linux/instrumented.h:10,
                 from /mnt/2tb/unvr-port-refs/linux-v7.1.8/include/linux/atomic/atomic-instrumented.h:17,
                 from /mnt/2tb/unvr-port-refs/linux-v7.1.8/include/linux/atomic.h:82,
                 from /mnt/2tb/unvr-port-refs/linux-v7.1.8/include/asm-generic/bitops/atomic.h:5,
                 from /mnt/2tb/unvr-port-refs/linux-v7.1.8/arch/arm64/include/asm/bitops.h:25,
                 from /mnt/2tb/unvr-port-refs/linux-v7.1.8/include/linux/bitops.h:67,
                 from /mnt/2tb/unvr-port-refs/linux-v7.1.8/include/linux/kernel.h:23,
                 from al_hal_plat_services.h:67,
                 from al_hal_common.h:48,
                 from al_hal_eth.h:52,
                 from al_hal_eth_main.c:44:
al_hal_eth_main.c: In function ‘al_eth_mdio_config’:
/mnt/2tb/unvr-port-refs/linux-v7.1.8/include/linux/printk.h:511:44: warning: this statement may fall through [-Wimplicit-fallthrough=]
  511 | #define printk(fmt, ...) printk_index_wrap(_printk, fmt, ##__VA_ARGS__)
      |                                            ^
/mnt/2tb/unvr-port-refs/linux-v7.1.8/include/linux/printk.h:483:17: note: in definition of macro ‘printk_index_wrap’
  483 |                 _p_func(_fmt, ##__VA_ARGS__);                           \
      |                 ^~~~~~~
/mnt/2tb/unvr-port-refs/linux-v7.1.8/include/linux/printk.h:554:9: note: in expansion of macro ‘printk’
  554 |         printk(KERN_ERR pr_fmt(fmt), ##__VA_ARGS__)
      |         ^~~~~~
al_hal_plat_services.h:118:41: note: in expansion of macro ‘pr_err’
  118 | #define al_err(...)                     pr_err(__VA_ARGS__)
      |                                         ^~~~~~
al_hal_eth_main.c:2424:25: note: in expansion of macro ‘al_err’
 2424 |                         al_err("eth [%s]: %s: invalid reference clock frequency"
      |                         ^~~~~~
al_hal_eth_main.c:2428:17: note: here
 2428 |                 case AL_ETH_REF_FREQ_375_MHZ:
      |                 ^~~~
  LD [M]  al_eth.o
  MODPOST Module.symvers
  CC [M]  al_eth.mod.o
  CC [M]  .module-common.o
  LD [M]  al_eth.ko
make[1]: Leaving directory '/mnt/2tb/unvr-port-refs/build-out-71-fedora/al_eth'
make: Leaving directory '/mnt/2tb/unvr-port-refs/linux-v7.1.8'
OOT al_eth: ok
+ make -C /mnt/2tb/unvr-port-refs/linux-v7.1.8 KDIR=/mnt/2tb/unvr-port-refs/linux-v7.1.8 M=/mnt/2tb/unvr-port-refs/build-out-71-fedora/al_dma -j32 modules
make: Entering directory '/mnt/2tb/unvr-port-refs/linux-v7.1.8'
make[1]: Entering directory '/mnt/2tb/unvr-port-refs/build-out-71-fedora/al_dma'
  CC [M]  al_dma_drv.o
  CC [M]  al_dma_sysfs.o
  CC [M]  al_hal_ssm.o
  CC [M]  al_hal_ssm_raid.o
  CC [M]  al_hal_m2m_udma.o
  CC [M]  al_hal_udma_main.o
  CC [M]  al_hal_udma_config.o
  CC [M]  al_hal_udma_debug.o
  LD [M]  al_dma.o
  MODPOST Module.symvers
  CC [M]  al_dma.mod.o
  CC [M]  .module-common.o
  LD [M]  al_dma.ko
make[1]: Leaving directory '/mnt/2tb/unvr-port-refs/build-out-71-fedora/al_dma'
make: Leaving directory '/mnt/2tb/unvr-port-refs/linux-v7.1.8'
OOT al_dma: ok
+ make -C /mnt/2tb/unvr-port-refs/linux-v7.1.8 KDIR=/mnt/2tb/unvr-port-refs/linux-v7.1.8 M=/mnt/2tb/unvr-port-refs/build-out-71-fedora/al_ssm -j32 modules
make: Entering directory '/mnt/2tb/unvr-port-refs/linux-v7.1.8'
make[1]: Entering directory '/mnt/2tb/unvr-port-refs/build-out-71-fedora/al_ssm'
  CC [M]  al_ssm_main.o
  CC [M]  al_hal_ssm.o
  CC [M]  al_hal_ssm_crypto.o
  CC [M]  al_hal_ssm_crypto_cfg.o
  CC [M]  al_hal_ssm_crc_memcpy.o
  CC [M]  al_hal_ssm_raid.o
  CC [M]  al_hal_udma_main.o
  CC [M]  al_hal_udma_config.o
  CC [M]  al_hal_udma_debug.o
  CC [M]  al_hal_udma_iofic.o
  CC [M]  al_hal_m2m_udma.o
  CC [M]  al_hal_iofic.o
  CC [M]  al_hal_unit_adapter.o
  LD [M]  al_ssm.o
  MODPOST Module.symvers
  CC [M]  al_ssm.mod.o
  CC [M]  .module-common.o
  LD [M]  al_ssm.ko
make[1]: Leaving directory '/mnt/2tb/unvr-port-refs/build-out-71-fedora/al_ssm'
make: Leaving directory '/mnt/2tb/unvr-port-refs/linux-v7.1.8'
OOT al_ssm: ok
+ make -C /mnt/2tb/unvr-port-refs/linux-v7.1.8 KDIR=/mnt/2tb/unvr-port-refs/linux-v7.1.8 M=/mnt/2tb/unvr-port-refs/build-out-71-fedora/al_sgpo -j32 modules
make: Entering directory '/mnt/2tb/unvr-port-refs/linux-v7.1.8'
make[1]: Entering directory '/mnt/2tb/unvr-port-refs/build-out-71-fedora/al_sgpo'
  CC [M]  al_sgpo.o
  MODPOST Module.symvers
  CC [M]  al_sgpo.mod.o
  CC [M]  .module-common.o
  LD [M]  al_sgpo.ko
make[1]: Leaving directory '/mnt/2tb/unvr-port-refs/build-out-71-fedora/al_sgpo'
make: Leaving directory '/mnt/2tb/unvr-port-refs/linux-v7.1.8'
OOT al_sgpo: ok
uImage: /mnt/2tb/unvr-port-refs/build-out-71-fedora/uImage-unvr-ea16-7.1-fedora (57854528 bytes, load/entry=0x08000000)
DONE. modroot: /mnt/2tb/unvr-port-refs/build-out-71-fedora/modroot ; uImage: /mnt/2tb/unvr-port-refs/build-out-71-fedora/uImage-unvr-ea16-7.1-fedora
TOTAL 180s
